/*
SQLyog Community v11.13 (32 bit)
MySQL - 5.5.24-log : Database - thehelpdesk
*********************************************************************
*/

/*!40101 SET NAMES utf8 */;

/*!40101 SET SQL_MODE=''*/;

/*!40014 SET @OLD_UNIQUE_CHECKS=@@UNIQUE_CHECKS, UNIQUE_CHECKS=0 */;
/*!40014 SET @OLD_FOREIGN_KEY_CHECKS=@@FOREIGN_KEY_CHECKS, FOREIGN_KEY_CHECKS=0 */;
/*!40101 SET @OLD_SQL_MODE=@@SQL_MODE, SQL_MODE='NO_AUTO_VALUE_ON_ZERO' */;
/*!40111 SET @OLD_SQL_NOTES=@@SQL_NOTES, SQL_NOTES=0 */;
CREATE DATABASE /*!32312 IF NOT EXISTS*/`helpdesk` /*!40100 DEFAULT CHARACTER SET latin1 COLLATE latin1_general_ci */;

USE `helpdesk`;

/*Table structure for table `access` */

DROP TABLE IF EXISTS `access`;

CREATE TABLE `access` (
  `id` int(11) NOT NULL AUTO_INCREMENT,
  `sort` int(2) NOT NULL DEFAULT '0',
  `type` varchar(20) COLLATE latin1_general_ci DEFAULT NULL,
  `access_id` int(10) NOT NULL,
  `description` varchar(50) COLLATE latin1_general_ci DEFAULT NULL,
  `path` varchar(200) COLLATE latin1_general_ci DEFAULT NULL,
  PRIMARY KEY (`id`,`access_id`)
) ENGINE=InnoDB AUTO_INCREMENT=97 DEFAULT CHARSET=latin1 COLLATE=latin1_general_ci;

/*Data for the table `access` */

insert  into `access`(`id`,`sort`,`type`,`access_id`,`description`,`path`) values (1,1,'1- Page',1,'Dashboard','index.php'),(2,2,'1- Page',2,'Incident','incident/index.php'),(3,6,'1- Page',4,'Report','report/index.php'),(4,7,'1- Page',8,'Calendar','calendar/index.php'),(5,8,'1- Page',16,'Inventory','inventory/index.php'),(6,17,'1- Page',32,'Setting','config/index.php'),(7,13,'1- Page',64,'Notification','notification/index.php'),(8,15,'1- Page',128,'Profile','profile/index.php'),(9,3,'1- Page',256,'Incident- New','incident/new.php'),(10,4,'1- Page',512,'Incident- View','incident/view.php'),(11,5,'1- Page',1024,'Incident- Update','incident/update/index.php'),(12,9,'1- Page',2048,'Inventory- New','inventory/new.php'),(13,10,'1- Page',4096,'Inventory- View','inventory/view.php'),(14,0,'1- Page',8192,NULL,NULL),(15,11,'1- Page',16384,'Inventory- Machine','inventory/machine/index.php'),(16,12,'1- Page',32768,'Inventory- Machine- New','inventory/machine/new.php'),(17,12,'1- Page',65536,'Inventory- Machine- View','inventory/machine/view.php'),(18,14,'1- Page',131072,'Notification- View','notification/view.php'),(19,0,'1- Page',262144,NULL,NULL),(20,0,'1- Page',524288,NULL,NULL),(21,0,'1- Page',1048576,NULL,NULL),(22,0,'1- Page',2097152,NULL,NULL),(23,0,'1- Page',4194304,NULL,NULL),(24,0,'1- Page',8388608,NULL,NULL),(25,0,'1- Page',16777216,NULL,NULL),(26,0,'1- Page',33554432,NULL,NULL),(27,0,'1- Page',67108864,NULL,NULL),(28,0,'1- Page',134217728,NULL,NULL),(29,0,'1- Page',268435456,NULL,NULL),(30,0,'1- Page',536870912,NULL,NULL),(31,0,'1- Page',1073741824,NULL,NULL),(32,0,'1- Page',2147483647,NULL,NULL),(33,1,'2- Setting Page',1,'Setting- Category','config/category/index.php'),(34,2,'2- Setting Page',2,'Setting- Report Channel','config/channel/index.php'),(35,3,'2- Setting Page',4,'Setting- Client','config/client/index.php'),(36,4,'2- Setting Page',8,'Setting- Client- New','config/client/new.php'),(37,5,'2- Setting Page',16,'Setting- Client- View','config/client/view.php'),(38,6,'2- Setting Page',32,'Setting- Item','config/item/index.php'),(39,7,'2- Setting Page',64,'Setting- Project','config/project/index.php'),(40,8,'2- Setting Page',128,'Setting- Project- New','config/project/new.php'),(41,9,'2- Setting Page',256,'Setting- Project- View','config/project/view.php'),(42,10,'2- Setting Page',512,'Setting- Project- Scheduler','config/project/scheduler/index.php'),(43,11,'2- Setting Page',1024,'Setting- Service type','config/servicetype/index.php'),(44,12,'2- Setting Page',2048,'Setting- Site','config/site/index.php'),(45,13,'2- Setting Page',4096,'Setting- Site- New','config/site/new.php'),(46,14,'2- Setting Page',8192,'Setting- Site- View','config/site/view.php'),(47,15,'2- Setting Page',16384,'Setting- User','config/user/index.php'),(48,16,'2- Setting Page',32768,'Setting- User- New','config/user/new.php'),(49,17,'2- Setting Page',65536,'Setting- User- View','config/user/view.php'),(50,18,'2- Setting Page',131072,'Setting- User- Assign_Project','config/user/assign_project.php'),(51,19,'2- Setting Page',262144,'Setting- User- Access','config/user/access/index.php'),(52,20,'2- Setting Page',524288,'Setting- User- Assign Project','config/user/assign_project/index.php'),(53,0,'2- Setting Page',1048576,NULL,NULL),(54,0,'2- Setting Page',2097152,NULL,NULL),(55,0,'2- Setting Page',4194304,NULL,NULL),(56,0,'2- Setting Page',8388608,NULL,NULL),(57,0,'2- Setting Page',16777216,NULL,NULL),(58,0,'2- Setting Page',33554432,NULL,NULL),(59,0,'2- Setting Page',67108864,NULL,NULL),(60,0,'2- Setting Page',134217728,NULL,NULL),(61,0,'2- Setting Page',268435456,NULL,NULL),(62,0,'2- Setting Page',536870912,NULL,NULL),(63,0,'2- Setting Page',1073741824,NULL,NULL),(64,0,'2- Setting Page',2147483647,NULL,NULL),(65,0,'Button',1,NULL,NULL),(66,0,'Button',2,NULL,NULL),(67,0,'Button',4,NULL,NULL),(68,0,'Button',8,NULL,NULL),(69,0,'Button',16,NULL,NULL),(70,0,'Button',32,NULL,NULL),(71,0,'Button',64,NULL,NULL),(72,1,'Button',128,'Create New Incident',NULL),(73,2,'Button',256,'Edit Incident',NULL),(74,3,'Button',512,'Update Incident',NULL),(75,4,'Button',1024,'Assign Engineer',NULL),(76,5,'Button',2048,'Create Machine Type',NULL),(77,6,'Button',4096,'Add Inventory',NULL),(78,7,'Button',8192,'Generate Report',NULL),(79,0,'Button',16384,NULL,NULL),(80,0,'Button',32768,NULL,NULL),(81,0,'Button',65536,NULL,NULL),(82,0,'Button',131072,NULL,NULL),(83,0,'Button',262144,NULL,NULL),(84,0,'Button',524288,NULL,NULL),(85,0,'Button',1048576,NULL,NULL),(86,0,'Button',2097152,NULL,NULL),(87,0,'Button',4194304,NULL,NULL),(88,0,'Button',8388608,NULL,NULL),(89,0,'Button',16777216,NULL,NULL),(90,0,'Button',33554432,NULL,NULL),(91,0,'Button',67108864,NULL,NULL),(92,0,'Button',134217728,NULL,NULL),(93,0,'Button',268435456,NULL,NULL),(94,0,'Button',536870912,NULL,NULL),(95,0,'Button',1073741824,NULL,NULL),(96,0,'Button',2147483647,NULL,NULL);

/*Table structure for table `address` */

DROP TABLE IF EXISTS `address`;

CREATE TABLE `address` (
  `addr_id` int(11) NOT NULL AUTO_INCREMENT,
  `addr1` varchar(100) COLLATE latin1_general_ci DEFAULT NULL,
  `addr2` varchar(100) COLLATE latin1_general_ci DEFAULT NULL,
  `postcode` varchar(5) COLLATE latin1_general_ci DEFAULT NULL,
  `city` varchar(30) COLLATE latin1_general_ci DEFAULT NULL,
  `state` varchar(20) COLLATE latin1_general_ci DEFAULT NULL,
  PRIMARY KEY (`addr_id`)
) ENGINE=InnoDB AUTO_INCREMENT=2 DEFAULT CHARSET=latin1 COLLATE=latin1_general_ci;

/*Data for the table `address` */

insert  into `address`(`addr_id`,`addr1`,`addr2`,`postcode`,`city`,`state`) values (1,'No 20, Menara UTM','Jalan Raja Uda','78022','Johor Bharu','3');

/*Table structure for table `assignment` */

DROP TABLE IF EXISTS `assignment`;

CREATE TABLE `assignment` (
  `assignment_id` int(11) NOT NULL AUTO_INCREMENT,
  `case_id` varchar(15) COLLATE latin1_general_ci DEFAULT NULL,
  `user_id` int(11) DEFAULT NULL,
  `assign_by` varchar(20) COLLATE latin1_general_ci DEFAULT NULL,
  `assign_date` datetime DEFAULT NULL,
  `assign_note` varchar(100) COLLATE latin1_general_ci DEFAULT NULL,
  PRIMARY KEY (`assignment_id`)
) ENGINE=InnoDB DEFAULT CHARSET=latin1 COLLATE=latin1_general_ci;

/*Data for the table `assignment` */

/*Table structure for table `cases` */

DROP TABLE IF EXISTS `cases`;

CREATE TABLE `cases` (
  `case_id` varchar(15) COLLATE latin1_general_ci NOT NULL,
  `project_code` varchar(10) COLLATE latin1_general_ci DEFAULT NULL,
  `sn` varchar(45) COLLATE latin1_general_ci DEFAULT NULL,
  `site_id` int(11) DEFAULT '0',
  `addr_id` int(11) DEFAULT '0',
  `client_code` varchar(10) COLLATE latin1_general_ci DEFAULT NULL,
  `caller` varchar(45) COLLATE latin1_general_ci DEFAULT NULL,
  `contact` varchar(50) COLLATE latin1_general_ci DEFAULT NULL,
  `info` varchar(100) COLLATE latin1_general_ci DEFAULT NULL,
  `asset` varchar(45) COLLATE latin1_general_ci DEFAULT NULL,
  `servType` int(11) DEFAULT NULL,
  `via` int(11) DEFAULT NULL,
  `cat` int(11) DEFAULT NULL,
  `item` varchar(100) COLLATE latin1_general_ci DEFAULT NULL,
  `product` int(11) DEFAULT NULL,
  `title` varchar(200) COLLATE latin1_general_ci DEFAULT NULL,
  `problem` text COLLATE latin1_general_ci,
  `sla` int(11) DEFAULT NULL,
  `flag` int(11) DEFAULT NULL,
  `recurrence` varchar(50) COLLATE latin1_general_ci DEFAULT NULL,
  `sts` int(11) DEFAULT NULL,
  `engineer` varchar(20) COLLATE latin1_general_ci DEFAULT NULL,
  `open_by` varchar(45) COLLATE latin1_general_ci DEFAULT NULL,
  `close_by` varchar(45) COLLATE latin1_general_ci DEFAULT NULL,
  `open_date` datetime DEFAULT NULL,
  `assign_time` datetime DEFAULT NULL,
  `response_time` datetime DEFAULT NULL,
  `onsite_time` datetime DEFAULT NULL,
  `pending_time` datetime DEFAULT NULL,
  `resolve_time` datetime DEFAULT NULL,
  `close_date` datetime DEFAULT NULL,
  `MTTC` varchar(50) COLLATE latin1_general_ci DEFAULT NULL,
  `MTTA` varchar(50) COLLATE latin1_general_ci DEFAULT NULL,
  `MTTR` varchar(50) COLLATE latin1_general_ci DEFAULT NULL,
  `MTTSR` timestamp NULL DEFAULT NULL,
  `MTTCL` timestamp NULL DEFAULT NULL,
  `remarks` varchar(200) COLLATE latin1_general_ci DEFAULT NULL,
  `audit_log` text COLLATE latin1_general_ci,
  `mod_by` varchar(45) COLLATE latin1_general_ci DEFAULT NULL,
  `mod_date` datetime DEFAULT NULL,
  `resolution` text COLLATE latin1_general_ci,
  `resolution_type` varchar(45) COLLATE latin1_general_ci DEFAULT NULL,
  PRIMARY KEY (`case_id`)
) ENGINE=InnoDB DEFAULT CHARSET=latin1 COLLATE=latin1_general_ci;

/*Data for the table `cases` */

insert  into `cases`(`case_id`,`project_code`,`sn`,`site_id`,`addr_id`,`client_code`,`caller`,`contact`,`info`,`asset`,`servType`,`via`,`cat`,`item`,`product`,`title`,`problem`,`sla`,`flag`,`recurrence`,`sts`,`engineer`,`open_by`,`close_by`,`open_date`,`assign_time`,`response_time`,`onsite_time`,`pending_time`,`resolve_time`,`close_date`,`MTTC`,`MTTA`,`MTTR`,`MTTSR`,`MTTCL`,`remarks`,`audit_log`,`mod_by`,`mod_date`,`resolution`,`resolution_type`) values ('UTM010010314','UTM01','HJ45928',1,1,'UTM','Azman Buyong','01235897642','',NULL,0,1,0,'',1,'Basic Working Idea','Suppose you have posted a status on Facebook, as your friend comments on that status, then in this scenario comment is action, your friend is actor, status is object and your friend is subject. To record the notifications we need to place event or action listeners so they can log the information of notification in database. To start implementing the notifications system, we need to set up our database.',2,1,'',0,NULL,'admin',NULL,'2014-03-21 00:51:00',NULL,NULL,NULL,NULL,NULL,NULL,NULL,NULL,NULL,NULL,NULL,NULL,NULL,NULL,NULL,NULL,NULL);

/*Table structure for table `client` */

DROP TABLE IF EXISTS `client`;

CREATE TABLE `client` (
  `id` int(11) NOT NULL AUTO_INCREMENT,
  `client_code` varchar(10) COLLATE latin1_general_ci NOT NULL DEFAULT '',
  `addr_id` int(11) DEFAULT NULL,
  `name` varchar(100) COLLATE latin1_general_ci DEFAULT NULL,
  `acronym` varchar(10) COLLATE latin1_general_ci DEFAULT NULL,
  `date` datetime DEFAULT NULL,
  `logo` blob,
  PRIMARY KEY (`id`,`client_code`),
  KEY `fk_Customer_address` (`addr_id`),
  CONSTRAINT `fk_Customer_address` FOREIGN KEY (`addr_id`) REFERENCES `address` (`addr_id`) ON DELETE CASCADE ON UPDATE CASCADE
) ENGINE=InnoDB AUTO_INCREMENT=11 DEFAULT CHARSET=latin1 COLLATE=latin1_general_ci;

/*Data for the table `client` */

insert  into `client`(`id`,`client_code`,`addr_id`,`name`,`acronym`,`date`,`logo`) values (10,'UTM',NULL,'Universiti Teknologi Malaysia','UTM',NULL,NULL);

/*Table structure for table `client_site` */

DROP TABLE IF EXISTS `client_site`;

CREATE TABLE `client_site` (
  `site_id` int(11) NOT NULL AUTO_INCREMENT,
  `client_code` varchar(20) COLLATE latin1_general_ci DEFAULT NULL,
  `project_code` varchar(10) COLLATE latin1_general_ci DEFAULT NULL,
  `addr_id` int(11) DEFAULT NULL,
  `site_name` varchar(100) COLLATE latin1_general_ci DEFAULT NULL,
  `user_id` int(11) DEFAULT NULL,
  PRIMARY KEY (`site_id`),
  KEY `fk_client_site_address1` (`addr_id`),
  KEY `fk_client_site_user1` (`user_id`),
  CONSTRAINT `fk_client_site_address1` FOREIGN KEY (`addr_id`) REFERENCES `address` (`addr_id`) ON DELETE SET NULL ON UPDATE CASCADE
) ENGINE=InnoDB AUTO_INCREMENT=2 DEFAULT CHARSET=latin1 COLLATE=latin1_general_ci;

/*Data for the table `client_site` */

insert  into `client_site`(`site_id`,`client_code`,`project_code`,`addr_id`,`site_name`,`user_id`) values (1,'UTM','UTM01',1,'Main Branch',0);

/*Table structure for table `code_definition` */

DROP TABLE IF EXISTS `code_definition`;

CREATE TABLE `code_definition` (
  `code_definition_id` int(11) NOT NULL AUTO_INCREMENT,
  `code_cat` varchar(10) COLLATE latin1_general_ci DEFAULT NULL,
  `code` int(11) DEFAULT NULL,
  `code_name` varchar(45) COLLATE latin1_general_ci DEFAULT NULL,
  `descr` varchar(100) COLLATE latin1_general_ci DEFAULT NULL,
  PRIMARY KEY (`code_definition_id`)
) ENGINE=InnoDB AUTO_INCREMENT=109 DEFAULT CHARSET=latin1 COLLATE=latin1_general_ci;

/*Data for the table `code_definition` */

insert  into `code_definition`(`code_definition_id`,`code_cat`,`code`,`code_name`,`descr`) values (1,'userstatus',0,'Inactive',NULL),(2,'userstatus',1,'Active',NULL),(3,'userstatus',2,'Locked',NULL),(6,'casevia',0,'Phone',NULL),(7,'casevia',1,'Fax',NULL),(8,'casevia',2,'Email',NULL),(9,'casevia',3,'Letter',NULL),(12,'servicetyp',0,'Corrective Maintenance',NULL),(13,'servicetyp',1,'Preventive Maintenance',NULL),(14,'servicetyp',2,'Installation & Commission',NULL),(15,'servicetyp',3,'Delivery & Verification',NULL),(17,'servicecat',0,'Hardware',NULL),(18,'servicecat',1,'Software',NULL),(19,'servicecat',2,'Application',NULL),(20,'servicecat',3,'Documentation',NULL),(21,'servicecat',4,'Installation',NULL),(22,'servicecat',5,'Storage',NULL),(23,'servicecat',6,'Printer',''),(24,'casestatus',0,'Open',NULL),(25,'casestatus',3,'Pending',NULL),(26,'casestatus',4,'Resolved',NULL),(27,'casestatus',5,'Closed',NULL),(28,'flag',0,'Minor',NULL),(29,'flag',1,'Major',NULL),(30,'flag',2,'Critical',NULL),(32,'item',0,'Keyboard',NULL),(33,'item',1,'Mouse',NULL),(34,'item',2,'Monitor',NULL),(35,'item',3,'Hard Drive',NULL),(36,'item',4,'RAM',NULL),(37,'item',5,'Network Card',NULL),(38,'item',6,'VGA Card',NULL),(39,'item',7,'Processor',NULL),(40,'item',8,'MotherBoard',NULL),(41,'item',9,'Motherboard Battery',NULL),(42,'item',10,'Power Supply Unit',NULL),(44,'item',12,'Cables',NULL),(45,'item',13,'DVD/CDROM',NULL),(46,'item',14,'Floppy Drive',NULL),(47,'item',15,'Printer',NULL),(48,'item',16,'AVR/UPS',NULL),(49,'item',17,'Modem/Router',NULL),(50,'item',18,'Scanner',NULL),(51,'item',19,'Notebook',NULL),(62,'usertype',0,'Administrator',NULL),(63,'usertype',1,'Engineer',NULL),(64,'usertype',2,'Helpdesk',NULL),(65,'usertype',3,'Client',NULL),(66,'usertype',4,'Manager',NULL),(67,'month',1,'January',NULL),(68,'month',2,'February',NULL),(69,'month',3,'March',NULL),(70,'month',4,'April',NULL),(71,'month',5,'May',NULL),(72,'month',6,'June',NULL),(73,'month',7,'July',NULL),(74,'month',8,'August',NULL),(75,'month',9,'September',NULL),(76,'month',10,'October',NULL),(77,'month',11,'November',NULL),(78,'month',12,'December',NULL),(79,'casestatus',1,'Onsite',NULL),(81,'sla',0,'0','less than a day'),(82,'sla',1,'1','1 day'),(83,'sla',2,'2','2 days'),(84,'sla',3,'3','more 2 days'),(85,'state',0,'W.P. Kuala Lumpur	','Kuala Lumpur'),(86,'state',1,'W.P. Labuan','Labuan'),(87,'state',2,'W.P. Putrajaya','Putrajaya'),(88,'state',3,'Johor','Johor'),(89,'state',4,'Kedah','Kedah'),(90,'state',5,'Kelantan','Kelantan'),(91,'state',6,'Melaka','Melaka'),(92,'state',7,'Negeri Sembilan','Negeri Sembilan'),(93,'state',8,'Pahang','Pahang'),(94,'state',9,'Perak','Perak'),(95,'state',10,'Perlis','Perlis'),(96,'state',11,'Pulau Pinang','Pulau Pinang'),(97,'state',12,'Sabah','Sabah'),(98,'state',13,'Sarawak','Sarawak'),(99,'state',14,'Selangor','Selangor'),(100,'state',15,'Terengganu','Terengganu'),(101,'usertype',5,'Principal','Principal Company'),(102,'item',20,'Software','Windows corrupt'),(103,'servicecat',7,'Operating System',NULL),(104,'servicecat',8,'Database',NULL),(105,'casestatus',6,'Assigned','Assigned'),(106,'resotype',1,'Phone Support',NULL),(107,'resotype',2,'Onsite Support',NULL),(108,'resotype',3,'Onsite Support With Part Replacement',NULL);

/*Table structure for table `comments` */

DROP TABLE IF EXISTS `comments`;

CREATE TABLE `comments` (
  `id` int(11) NOT NULL AUTO_INCREMENT,
  `case_id` varchar(20) COLLATE latin1_general_ci DEFAULT NULL,
  `user_id` varchar(50) COLLATE latin1_general_ci DEFAULT NULL,
  `comments` text COLLATE latin1_general_ci,
  `date` datetime DEFAULT NULL,
  PRIMARY KEY (`id`)
) ENGINE=InnoDB DEFAULT CHARSET=latin1 COLLATE=latin1_general_ci;

/*Data for the table `comments` */

/*Table structure for table `dates` */

DROP TABLE IF EXISTS `dates`;

CREATE TABLE `dates` (
  `date_key` date NOT NULL,
  `calendarYear` int(11) NOT NULL,
  `calendarQuarter` tinyint(4) NOT NULL,
  `calendarMonthNo` int(11) NOT NULL,
  `calendarWeekNo` tinyint(4) NOT NULL,
  `dayNumberOfMonth` tinyint(4) NOT NULL,
  `dayNumberOfWeek` tinyint(4) NOT NULL,
  PRIMARY KEY (`date_key`)
) ENGINE=InnoDB DEFAULT CHARSET=latin1 COLLATE=latin1_general_ci;

/*Data for the table `dates` */

insert  into `dates`(`date_key`,`calendarYear`,`calendarQuarter`,`calendarMonthNo`,`calendarWeekNo`,`dayNumberOfMonth`,`dayNumberOfWeek`) values ('2012-01-01',2012,1,1,0,1,1),('2012-01-02',2012,1,1,1,2,2),('2012-01-03',2012,1,1,1,3,3),('2012-01-04',2012,1,1,1,4,4),('2012-01-05',2012,1,1,1,5,5),('2012-01-06',2012,1,1,1,6,6),('2012-01-07',2012,1,1,1,7,7),('2012-01-08',2012,1,1,1,8,1),('2012-01-09',2012,1,1,2,9,2),('2012-01-10',2012,1,1,2,10,3),('2012-01-11',2012,1,1,2,11,4),('2012-01-12',2012,1,1,2,12,5),('2012-01-13',2012,1,1,2,13,6),('2012-01-14',2012,1,1,2,14,7),('2012-01-15',2012,1,1,2,15,1),('2012-01-16',2012,1,1,3,16,2),('2012-01-17',2012,1,1,3,17,3),('2012-01-18',2012,1,1,3,18,4),('2012-01-19',2012,1,1,3,19,5),('2012-01-20',2012,1,1,3,20,6),('2012-01-21',2012,1,1,3,21,7),('2012-01-22',2012,1,1,3,22,1),('2012-01-23',2012,1,1,4,23,2),('2012-01-24',2012,1,1,4,24,3),('2012-01-25',2012,1,1,4,25,4),('2012-01-26',2012,1,1,4,26,5),('2012-01-27',2012,1,1,4,27,6),('2012-01-28',2012,1,1,4,28,7),('2012-01-29',2012,1,1,4,29,1),('2012-01-30',2012,1,1,5,30,2),('2012-01-31',2012,1,1,5,31,3),('2012-02-01',2012,1,2,5,1,4),('2012-02-02',2012,1,2,5,2,5),('2012-02-03',2012,1,2,5,3,6),('2012-02-04',2012,1,2,5,4,7),('2012-02-05',2012,1,2,5,5,1),('2012-02-06',2012,1,2,6,6,2),('2012-02-07',2012,1,2,6,7,3),('2012-02-08',2012,1,2,6,8,4),('2012-02-09',2012,1,2,6,9,5),('2012-02-10',2012,1,2,6,10,6),('2012-02-11',2012,1,2,6,11,7),('2012-02-12',2012,1,2,6,12,1),('2012-02-13',2012,1,2,7,13,2),('2012-02-14',2012,1,2,7,14,3),('2012-02-15',2012,1,2,7,15,4),('2012-02-16',2012,1,2,7,16,5),('2012-02-17',2012,1,2,7,17,6),('2012-02-18',2012,1,2,7,18,7),('2012-02-19',2012,1,2,7,19,1),('2012-02-20',2012,1,2,8,20,2),('2012-02-21',2012,1,2,8,21,3),('2012-02-22',2012,1,2,8,22,4),('2012-02-23',2012,1,2,8,23,5),('2012-02-24',2012,1,2,8,24,6),('2012-02-25',2012,1,2,8,25,7),('2012-02-26',2012,1,2,8,26,1),('2012-02-27',2012,1,2,9,27,2),('2012-02-28',2012,1,2,9,28,3),('2012-02-29',2012,1,2,9,29,4),('2012-03-01',2012,1,3,9,1,5),('2012-03-02',2012,1,3,9,2,6),('2012-03-03',2012,1,3,9,3,7),('2012-03-04',2012,1,3,9,4,1),('2012-03-05',2012,1,3,10,5,2),('2012-03-06',2012,1,3,10,6,3),('2012-03-07',2012,1,3,10,7,4),('2012-03-08',2012,1,3,10,8,5),('2012-03-09',2012,1,3,10,9,6),('2012-03-10',2012,1,3,10,10,7),('2012-03-11',2012,1,3,10,11,1),('2012-03-12',2012,1,3,11,12,2),('2012-03-13',2012,1,3,11,13,3),('2012-03-14',2012,1,3,11,14,4),('2012-03-15',2012,1,3,11,15,5),('2012-03-16',2012,1,3,11,16,6),('2012-03-17',2012,1,3,11,17,7),('2012-03-18',2012,1,3,11,18,1),('2012-03-19',2012,1,3,12,19,2),('2012-03-20',2012,1,3,12,20,3),('2012-03-21',2012,1,3,12,21,4),('2012-03-22',2012,1,3,12,22,5),('2012-03-23',2012,1,3,12,23,6),('2012-03-24',2012,1,3,12,24,7),('2012-03-25',2012,1,3,12,25,1),('2012-03-26',2012,1,3,13,26,2),('2012-03-27',2012,1,3,13,27,3),('2012-03-28',2012,1,3,13,28,4),('2012-03-29',2012,1,3,13,29,5),('2012-03-30',2012,1,3,13,30,6),('2012-03-31',2012,1,3,13,31,7),('2012-04-01',2012,2,4,13,1,1),('2012-04-02',2012,2,4,14,2,2),('2012-04-03',2012,2,4,14,3,3),('2012-04-04',2012,2,4,14,4,4),('2012-04-05',2012,2,4,14,5,5),('2012-04-06',2012,2,4,14,6,6),('2012-04-07',2012,2,4,14,7,7),('2012-04-08',2012,2,4,14,8,1),('2012-04-09',2012,2,4,15,9,2),('2012-04-10',2012,2,4,15,10,3),('2012-04-11',2012,2,4,15,11,4),('2012-04-12',2012,2,4,15,12,5),('2012-04-13',2012,2,4,15,13,6),('2012-04-14',2012,2,4,15,14,7),('2012-04-15',2012,2,4,15,15,1),('2012-04-16',2012,2,4,16,16,2),('2012-04-17',2012,2,4,16,17,3),('2012-04-18',2012,2,4,16,18,4),('2012-04-19',2012,2,4,16,19,5),('2012-04-20',2012,2,4,16,20,6),('2012-04-21',2012,2,4,16,21,7),('2012-04-22',2012,2,4,16,22,1),('2012-04-23',2012,2,4,17,23,2),('2012-04-24',2012,2,4,17,24,3),('2012-04-25',2012,2,4,17,25,4),('2012-04-26',2012,2,4,17,26,5),('2012-04-27',2012,2,4,17,27,6),('2012-04-28',2012,2,4,17,28,7),('2012-04-29',2012,2,4,17,29,1),('2012-04-30',2012,2,4,18,30,2),('2012-05-01',2012,2,5,18,1,3),('2012-05-02',2012,2,5,18,2,4),('2012-05-03',2012,2,5,18,3,5),('2012-05-04',2012,2,5,18,4,6),('2012-05-05',2012,2,5,18,5,7),('2012-05-06',2012,2,5,18,6,1),('2012-05-07',2012,2,5,19,7,2),('2012-05-08',2012,2,5,19,8,3),('2012-05-09',2012,2,5,19,9,4),('2012-05-10',2012,2,5,19,10,5),('2012-05-11',2012,2,5,19,11,6),('2012-05-12',2012,2,5,19,12,7),('2012-05-13',2012,2,5,19,13,1),('2012-05-14',2012,2,5,20,14,2),('2012-05-15',2012,2,5,20,15,3),('2012-05-16',2012,2,5,20,16,4),('2012-05-17',2012,2,5,20,17,5),('2012-05-18',2012,2,5,20,18,6),('2012-05-19',2012,2,5,20,19,7),('2012-05-20',2012,2,5,20,20,1),('2012-05-21',2012,2,5,21,21,2),('2012-05-22',2012,2,5,21,22,3),('2012-05-23',2012,2,5,21,23,4),('2012-05-24',2012,2,5,21,24,5),('2012-05-25',2012,2,5,21,25,6),('2012-05-26',2012,2,5,21,26,7),('2012-05-27',2012,2,5,21,27,1),('2012-05-28',2012,2,5,22,28,2),('2012-05-29',2012,2,5,22,29,3),('2012-05-30',2012,2,5,22,30,4),('2012-05-31',2012,2,5,22,31,5),('2012-06-01',2012,2,6,22,1,6),('2012-06-02',2012,2,6,22,2,7),('2012-06-03',2012,2,6,22,3,1),('2012-06-04',2012,2,6,23,4,2),('2012-06-05',2012,2,6,23,5,3),('2012-06-06',2012,2,6,23,6,4),('2012-06-07',2012,2,6,23,7,5),('2012-06-08',2012,2,6,23,8,6),('2012-06-09',2012,2,6,23,9,7),('2012-06-10',2012,2,6,23,10,1),('2012-06-11',2012,2,6,24,11,2),('2012-06-12',2012,2,6,24,12,3),('2012-06-13',2012,2,6,24,13,4),('2012-06-14',2012,2,6,24,14,5),('2012-06-15',2012,2,6,24,15,6),('2012-06-16',2012,2,6,24,16,7),('2012-06-17',2012,2,6,24,17,1),('2012-06-18',2012,2,6,25,18,2),('2012-06-19',2012,2,6,25,19,3),('2012-06-20',2012,2,6,25,20,4),('2012-06-21',2012,2,6,25,21,5),('2012-06-22',2012,2,6,25,22,6),('2012-06-23',2012,2,6,25,23,7),('2012-06-24',2012,2,6,25,24,1),('2012-06-25',2012,2,6,26,25,2),('2012-06-26',2012,2,6,26,26,3),('2012-06-27',2012,2,6,26,27,4),('2012-06-28',2012,2,6,26,28,5),('2012-06-29',2012,2,6,26,29,6),('2012-06-30',2012,2,6,26,30,7),('2012-07-01',2012,3,7,26,1,1),('2012-07-02',2012,3,7,27,2,2),('2012-07-03',2012,3,7,27,3,3),('2012-07-04',2012,3,7,27,4,4),('2012-07-05',2012,3,7,27,5,5),('2012-07-06',2012,3,7,27,6,6),('2012-07-07',2012,3,7,27,7,7),('2012-07-08',2012,3,7,27,8,1),('2012-07-09',2012,3,7,28,9,2),('2012-07-10',2012,3,7,28,10,3),('2012-07-11',2012,3,7,28,11,4),('2012-07-12',2012,3,7,28,12,5),('2012-07-13',2012,3,7,28,13,6),('2012-07-14',2012,3,7,28,14,7),('2012-07-15',2012,3,7,28,15,1),('2012-07-16',2012,3,7,29,16,2),('2012-07-17',2012,3,7,29,17,3),('2012-07-18',2012,3,7,29,18,4),('2012-07-19',2012,3,7,29,19,5),('2012-07-20',2012,3,7,29,20,6),('2012-07-21',2012,3,7,29,21,7),('2012-07-22',2012,3,7,29,22,1),('2012-07-23',2012,3,7,30,23,2),('2012-07-24',2012,3,7,30,24,3),('2012-07-25',2012,3,7,30,25,4),('2012-07-26',2012,3,7,30,26,5),('2012-07-27',2012,3,7,30,27,6),('2012-07-28',2012,3,7,30,28,7),('2012-07-29',2012,3,7,30,29,1),('2012-07-30',2012,3,7,31,30,2),('2012-07-31',2012,3,7,31,31,3),('2012-08-01',2012,3,8,31,1,4),('2012-08-02',2012,3,8,31,2,5),('2012-08-03',2012,3,8,31,3,6),('2012-08-04',2012,3,8,31,4,7),('2012-08-05',2012,3,8,31,5,1),('2012-08-06',2012,3,8,32,6,2),('2012-08-07',2012,3,8,32,7,3),('2012-08-08',2012,3,8,32,8,4),('2012-08-09',2012,3,8,32,9,5),('2012-08-10',2012,3,8,32,10,6),('2012-08-11',2012,3,8,32,11,7),('2012-08-12',2012,3,8,32,12,1),('2012-08-13',2012,3,8,33,13,2),('2012-08-14',2012,3,8,33,14,3),('2012-08-15',2012,3,8,33,15,4),('2012-08-16',2012,3,8,33,16,5),('2012-08-17',2012,3,8,33,17,6),('2012-08-18',2012,3,8,33,18,7),('2012-08-19',2012,3,8,33,19,1),('2012-08-20',2012,3,8,34,20,2),('2012-08-21',2012,3,8,34,21,3),('2012-08-22',2012,3,8,34,22,4),('2012-08-23',2012,3,8,34,23,5),('2012-08-24',2012,3,8,34,24,6),('2012-08-25',2012,3,8,34,25,7),('2012-08-26',2012,3,8,34,26,1),('2012-08-27',2012,3,8,35,27,2),('2012-08-28',2012,3,8,35,28,3),('2012-08-29',2012,3,8,35,29,4),('2012-08-30',2012,3,8,35,30,5),('2012-08-31',2012,3,8,35,31,6),('2012-09-01',2012,3,9,35,1,7),('2012-09-02',2012,3,9,35,2,1),('2012-09-03',2012,3,9,36,3,2),('2012-09-04',2012,3,9,36,4,3),('2012-09-05',2012,3,9,36,5,4),('2012-09-06',2012,3,9,36,6,5),('2012-09-07',2012,3,9,36,7,6),('2012-09-08',2012,3,9,36,8,7),('2012-09-09',2012,3,9,36,9,1),('2012-09-10',2012,3,9,37,10,2),('2012-09-11',2012,3,9,37,11,3),('2012-09-12',2012,3,9,37,12,4),('2012-09-13',2012,3,9,37,13,5),('2012-09-14',2012,3,9,37,14,6),('2012-09-15',2012,3,9,37,15,7),('2012-09-16',2012,3,9,37,16,1),('2012-09-17',2012,3,9,38,17,2),('2012-09-18',2012,3,9,38,18,3),('2012-09-19',2012,3,9,38,19,4),('2012-09-20',2012,3,9,38,20,5),('2012-09-21',2012,3,9,38,21,6),('2012-09-22',2012,3,9,38,22,7),('2012-09-23',2012,3,9,38,23,1),('2012-09-24',2012,3,9,39,24,2),('2012-09-25',2012,3,9,39,25,3),('2012-09-26',2012,3,9,39,26,4),('2012-09-27',2012,3,9,39,27,5),('2012-09-28',2012,3,9,39,28,6),('2012-09-29',2012,3,9,39,29,7),('2012-09-30',2012,3,9,39,30,1),('2012-10-01',2012,4,10,40,1,2),('2012-10-02',2012,4,10,40,2,3),('2012-10-03',2012,4,10,40,3,4),('2012-10-04',2012,4,10,40,4,5),('2012-10-05',2012,4,10,40,5,6),('2012-10-06',2012,4,10,40,6,7),('2012-10-07',2012,4,10,40,7,1),('2012-10-08',2012,4,10,41,8,2),('2012-10-09',2012,4,10,41,9,3),('2012-10-10',2012,4,10,41,10,4),('2012-10-11',2012,4,10,41,11,5),('2012-10-12',2012,4,10,41,12,6),('2012-10-13',2012,4,10,41,13,7),('2012-10-14',2012,4,10,41,14,1),('2012-10-15',2012,4,10,42,15,2),('2012-10-16',2012,4,10,42,16,3),('2012-10-17',2012,4,10,42,17,4),('2012-10-18',2012,4,10,42,18,5),('2012-10-19',2012,4,10,42,19,6),('2012-10-20',2012,4,10,42,20,7),('2012-10-21',2012,4,10,42,21,1),('2012-10-22',2012,4,10,43,22,2),('2012-10-23',2012,4,10,43,23,3),('2012-10-24',2012,4,10,43,24,4),('2012-10-25',2012,4,10,43,25,5),('2012-10-26',2012,4,10,43,26,6),('2012-10-27',2012,4,10,43,27,7),('2012-10-28',2012,4,10,43,28,1),('2012-10-29',2012,4,10,44,29,2),('2012-10-30',2012,4,10,44,30,3),('2012-10-31',2012,4,10,44,31,4),('2012-11-01',2012,4,11,44,1,5),('2012-11-02',2012,4,11,44,2,6),('2012-11-03',2012,4,11,44,3,7),('2012-11-04',2012,4,11,44,4,1),('2012-11-05',2012,4,11,45,5,2),('2012-11-06',2012,4,11,45,6,3),('2012-11-07',2012,4,11,45,7,4),('2012-11-08',2012,4,11,45,8,5),('2012-11-09',2012,4,11,45,9,6),('2012-11-10',2012,4,11,45,10,7),('2012-11-11',2012,4,11,45,11,1),('2012-11-12',2012,4,11,46,12,2),('2012-11-13',2012,4,11,46,13,3),('2012-11-14',2012,4,11,46,14,4),('2012-11-15',2012,4,11,46,15,5),('2012-11-16',2012,4,11,46,16,6),('2012-11-17',2012,4,11,46,17,7),('2012-11-18',2012,4,11,46,18,1),('2012-11-19',2012,4,11,47,19,2),('2012-11-20',2012,4,11,47,20,3),('2012-11-21',2012,4,11,47,21,4),('2012-11-22',2012,4,11,47,22,5),('2012-11-23',2012,4,11,47,23,6),('2012-11-24',2012,4,11,47,24,7),('2012-11-25',2012,4,11,47,25,1),('2012-11-26',2012,4,11,48,26,2),('2012-11-27',2012,4,11,48,27,3),('2012-11-28',2012,4,11,48,28,4),('2012-11-29',2012,4,11,48,29,5),('2012-11-30',2012,4,11,48,30,6),('2012-12-01',2012,4,12,48,1,7),('2012-12-02',2012,4,12,48,2,1),('2012-12-03',2012,4,12,49,3,2),('2012-12-04',2012,4,12,49,4,3),('2012-12-05',2012,4,12,49,5,4),('2012-12-06',2012,4,12,49,6,5),('2012-12-07',2012,4,12,49,7,6),('2012-12-08',2012,4,12,49,8,7),('2012-12-09',2012,4,12,49,9,1),('2012-12-10',2012,4,12,50,10,2),('2012-12-11',2012,4,12,50,11,3),('2012-12-12',2012,4,12,50,12,4),('2012-12-13',2012,4,12,50,13,5),('2012-12-14',2012,4,12,50,14,6),('2012-12-15',2012,4,12,50,15,7),('2012-12-16',2012,4,12,50,16,1),('2012-12-17',2012,4,12,51,17,2),('2012-12-18',2012,4,12,51,18,3),('2012-12-19',2012,4,12,51,19,4),('2012-12-20',2012,4,12,51,20,5),('2012-12-21',2012,4,12,51,21,6),('2012-12-22',2012,4,12,51,22,7),('2012-12-23',2012,4,12,51,23,1),('2012-12-24',2012,4,12,52,24,2),('2012-12-25',2012,4,12,52,25,3),('2012-12-26',2012,4,12,52,26,4),('2012-12-27',2012,4,12,52,27,5),('2012-12-28',2012,4,12,52,28,6),('2012-12-29',2012,4,12,52,29,7),('2012-12-30',2012,4,12,52,30,1),('2012-12-31',2012,4,12,53,31,2),('2013-01-01',2013,1,1,1,1,3),('2013-01-02',2013,1,1,1,2,4),('2013-01-03',2013,1,1,1,3,5),('2013-01-04',2013,1,1,1,4,6),('2013-01-05',2013,1,1,1,5,7),('2013-01-06',2013,1,1,1,6,1),('2013-01-07',2013,1,1,2,7,2),('2013-01-08',2013,1,1,2,8,3),('2013-01-09',2013,1,1,2,9,4),('2013-01-10',2013,1,1,2,10,5),('2013-01-11',2013,1,1,2,11,6),('2013-01-12',2013,1,1,2,12,7),('2013-01-13',2013,1,1,2,13,1),('2013-01-14',2013,1,1,3,14,2),('2013-01-15',2013,1,1,3,15,3),('2013-01-16',2013,1,1,3,16,4),('2013-01-17',2013,1,1,3,17,5),('2013-01-18',2013,1,1,3,18,6),('2013-01-19',2013,1,1,3,19,7),('2013-01-20',2013,1,1,3,20,1),('2013-01-21',2013,1,1,4,21,2),('2013-01-22',2013,1,1,4,22,3),('2013-01-23',2013,1,1,4,23,4),('2013-01-24',2013,1,1,4,24,5),('2013-01-25',2013,1,1,4,25,6),('2013-01-26',2013,1,1,4,26,7),('2013-01-27',2013,1,1,4,27,1),('2013-01-28',2013,1,1,5,28,2),('2013-01-29',2013,1,1,5,29,3),('2013-01-30',2013,1,1,5,30,4),('2013-01-31',2013,1,1,5,31,5),('2013-02-01',2013,1,2,5,1,6),('2013-02-02',2013,1,2,5,2,7),('2013-02-03',2013,1,2,5,3,1),('2013-02-04',2013,1,2,6,4,2),('2013-02-05',2013,1,2,6,5,3),('2013-02-06',2013,1,2,6,6,4),('2013-02-07',2013,1,2,6,7,5),('2013-02-08',2013,1,2,6,8,6),('2013-02-09',2013,1,2,6,9,7),('2013-02-10',2013,1,2,6,10,1),('2013-02-11',2013,1,2,7,11,2),('2013-02-12',2013,1,2,7,12,3),('2013-02-13',2013,1,2,7,13,4),('2013-02-14',2013,1,2,7,14,5),('2013-02-15',2013,1,2,7,15,6),('2013-02-16',2013,1,2,7,16,7),('2013-02-17',2013,1,2,7,17,1),('2013-02-18',2013,1,2,8,18,2),('2013-02-19',2013,1,2,8,19,3),('2013-02-20',2013,1,2,8,20,4),('2013-02-21',2013,1,2,8,21,5),('2013-02-22',2013,1,2,8,22,6),('2013-02-23',2013,1,2,8,23,7),('2013-02-24',2013,1,2,8,24,1),('2013-02-25',2013,1,2,9,25,2),('2013-02-26',2013,1,2,9,26,3),('2013-02-27',2013,1,2,9,27,4),('2013-02-28',2013,1,2,9,28,5),('2013-03-01',2013,1,3,9,1,6),('2013-03-02',2013,1,3,9,2,7),('2013-03-03',2013,1,3,9,3,1),('2013-03-04',2013,1,3,10,4,2),('2013-03-05',2013,1,3,10,5,3),('2013-03-06',2013,1,3,10,6,4),('2013-03-07',2013,1,3,10,7,5),('2013-03-08',2013,1,3,10,8,6),('2013-03-09',2013,1,3,10,9,7),('2013-03-10',2013,1,3,10,10,1),('2013-03-11',2013,1,3,11,11,2),('2013-03-12',2013,1,3,11,12,3),('2013-03-13',2013,1,3,11,13,4),('2013-03-14',2013,1,3,11,14,5),('2013-03-15',2013,1,3,11,15,6),('2013-03-16',2013,1,3,11,16,7),('2013-03-17',2013,1,3,11,17,1),('2013-03-18',2013,1,3,12,18,2),('2013-03-19',2013,1,3,12,19,3),('2013-03-20',2013,1,3,12,20,4),('2013-03-21',2013,1,3,12,21,5),('2013-03-22',2013,1,3,12,22,6),('2013-03-23',2013,1,3,12,23,7),('2013-03-24',2013,1,3,12,24,1),('2013-03-25',2013,1,3,13,25,2),('2013-03-26',2013,1,3,13,26,3),('2013-03-27',2013,1,3,13,27,4),('2013-03-28',2013,1,3,13,28,5),('2013-03-29',2013,1,3,13,29,6),('2013-03-30',2013,1,3,13,30,7),('2013-03-31',2013,1,3,13,31,1),('2013-04-01',2013,2,4,14,1,2),('2013-04-02',2013,2,4,14,2,3),('2013-04-03',2013,2,4,14,3,4),('2013-04-04',2013,2,4,14,4,5),('2013-04-05',2013,2,4,14,5,6),('2013-04-06',2013,2,4,14,6,7),('2013-04-07',2013,2,4,14,7,1),('2013-04-08',2013,2,4,15,8,2),('2013-04-09',2013,2,4,15,9,3),('2013-04-10',2013,2,4,15,10,4),('2013-04-11',2013,2,4,15,11,5),('2013-04-12',2013,2,4,15,12,6),('2013-04-13',2013,2,4,15,13,7),('2013-04-14',2013,2,4,15,14,1),('2013-04-15',2013,2,4,16,15,2),('2013-04-16',2013,2,4,16,16,3),('2013-04-17',2013,2,4,16,17,4),('2013-04-18',2013,2,4,16,18,5),('2013-04-19',2013,2,4,16,19,6),('2013-04-20',2013,2,4,16,20,7),('2013-04-21',2013,2,4,16,21,1),('2013-04-22',2013,2,4,17,22,2),('2013-04-23',2013,2,4,17,23,3),('2013-04-24',2013,2,4,17,24,4),('2013-04-25',2013,2,4,17,25,5),('2013-04-26',2013,2,4,17,26,6),('2013-04-27',2013,2,4,17,27,7),('2013-04-28',2013,2,4,17,28,1),('2013-04-29',2013,2,4,18,29,2),('2013-04-30',2013,2,4,18,30,3),('2013-05-01',2013,2,5,18,1,4),('2013-05-02',2013,2,5,18,2,5),('2013-05-03',2013,2,5,18,3,6),('2013-05-04',2013,2,5,18,4,7),('2013-05-05',2013,2,5,18,5,1),('2013-05-06',2013,2,5,19,6,2),('2013-05-07',2013,2,5,19,7,3),('2013-05-08',2013,2,5,19,8,4),('2013-05-09',2013,2,5,19,9,5),('2013-05-10',2013,2,5,19,10,6),('2013-05-11',2013,2,5,19,11,7),('2013-05-12',2013,2,5,19,12,1),('2013-05-13',2013,2,5,20,13,2),('2013-05-14',2013,2,5,20,14,3),('2013-05-15',2013,2,5,20,15,4),('2013-05-16',2013,2,5,20,16,5),('2013-05-17',2013,2,5,20,17,6),('2013-05-18',2013,2,5,20,18,7),('2013-05-19',2013,2,5,20,19,1),('2013-05-20',2013,2,5,21,20,2),('2013-05-21',2013,2,5,21,21,3),('2013-05-22',2013,2,5,21,22,4),('2013-05-23',2013,2,5,21,23,5),('2013-05-24',2013,2,5,21,24,6),('2013-05-25',2013,2,5,21,25,7),('2013-05-26',2013,2,5,21,26,1),('2013-05-27',2013,2,5,22,27,2),('2013-05-28',2013,2,5,22,28,3),('2013-05-29',2013,2,5,22,29,4),('2013-05-30',2013,2,5,22,30,5),('2013-05-31',2013,2,5,22,31,6),('2013-06-01',2013,2,6,22,1,7),('2013-06-02',2013,2,6,22,2,1),('2013-06-03',2013,2,6,23,3,2),('2013-06-04',2013,2,6,23,4,3),('2013-06-05',2013,2,6,23,5,4),('2013-06-06',2013,2,6,23,6,5),('2013-06-07',2013,2,6,23,7,6),('2013-06-08',2013,2,6,23,8,7),('2013-06-09',2013,2,6,23,9,1),('2013-06-10',2013,2,6,24,10,2),('2013-06-11',2013,2,6,24,11,3),('2013-06-12',2013,2,6,24,12,4),('2013-06-13',2013,2,6,24,13,5),('2013-06-14',2013,2,6,24,14,6),('2013-06-15',2013,2,6,24,15,7),('2013-06-16',2013,2,6,24,16,1),('2013-06-17',2013,2,6,25,17,2),('2013-06-18',2013,2,6,25,18,3),('2013-06-19',2013,2,6,25,19,4),('2013-06-20',2013,2,6,25,20,5),('2013-06-21',2013,2,6,25,21,6),('2013-06-22',2013,2,6,25,22,7),('2013-06-23',2013,2,6,25,23,1),('2013-06-24',2013,2,6,26,24,2),('2013-06-25',2013,2,6,26,25,3),('2013-06-26',2013,2,6,26,26,4),('2013-06-27',2013,2,6,26,27,5),('2013-06-28',2013,2,6,26,28,6),('2013-06-29',2013,2,6,26,29,7),('2013-06-30',2013,2,6,26,30,1),('2013-07-01',2013,3,7,27,1,2),('2013-07-02',2013,3,7,27,2,3),('2013-07-03',2013,3,7,27,3,4),('2013-07-04',2013,3,7,27,4,5),('2013-07-05',2013,3,7,27,5,6),('2013-07-06',2013,3,7,27,6,7),('2013-07-07',2013,3,7,27,7,1),('2013-07-08',2013,3,7,28,8,2),('2013-07-09',2013,3,7,28,9,3),('2013-07-10',2013,3,7,28,10,4),('2013-07-11',2013,3,7,28,11,5),('2013-07-12',2013,3,7,28,12,6),('2013-07-13',2013,3,7,28,13,7),('2013-07-14',2013,3,7,28,14,1),('2013-07-15',2013,3,7,29,15,2),('2013-07-16',2013,3,7,29,16,3),('2013-07-17',2013,3,7,29,17,4),('2013-07-18',2013,3,7,29,18,5),('2013-07-19',2013,3,7,29,19,6),('2013-07-20',2013,3,7,29,20,7),('2013-07-21',2013,3,7,29,21,1),('2013-07-22',2013,3,7,30,22,2),('2013-07-23',2013,3,7,30,23,3),('2013-07-24',2013,3,7,30,24,4),('2013-07-25',2013,3,7,30,25,5),('2013-07-26',2013,3,7,30,26,6),('2013-07-27',2013,3,7,30,27,7),('2013-07-28',2013,3,7,30,28,1),('2013-07-29',2013,3,7,31,29,2),('2013-07-30',2013,3,7,31,30,3),('2013-07-31',2013,3,7,31,31,4),('2013-08-01',2013,3,8,31,1,5),('2013-08-02',2013,3,8,31,2,6),('2013-08-03',2013,3,8,31,3,7),('2013-08-04',2013,3,8,31,4,1),('2013-08-05',2013,3,8,32,5,2),('2013-08-06',2013,3,8,32,6,3),('2013-08-07',2013,3,8,32,7,4),('2013-08-08',2013,3,8,32,8,5),('2013-08-09',2013,3,8,32,9,6),('2013-08-10',2013,3,8,32,10,7),('2013-08-11',2013,3,8,32,11,1),('2013-08-12',2013,3,8,33,12,2),('2013-08-13',2013,3,8,33,13,3),('2013-08-14',2013,3,8,33,14,4),('2013-08-15',2013,3,8,33,15,5),('2013-08-16',2013,3,8,33,16,6),('2013-08-17',2013,3,8,33,17,7),('2013-08-18',2013,3,8,33,18,1),('2013-08-19',2013,3,8,34,19,2),('2013-08-20',2013,3,8,34,20,3),('2013-08-21',2013,3,8,34,21,4),('2013-08-22',2013,3,8,34,22,5),('2013-08-23',2013,3,8,34,23,6),('2013-08-24',2013,3,8,34,24,7),('2013-08-25',2013,3,8,34,25,1),('2013-08-26',2013,3,8,35,26,2),('2013-08-27',2013,3,8,35,27,3),('2013-08-28',2013,3,8,35,28,4),('2013-08-29',2013,3,8,35,29,5),('2013-08-30',2013,3,8,35,30,6),('2013-08-31',2013,3,8,35,31,7),('2013-09-01',2013,3,9,35,1,1),('2013-09-02',2013,3,9,36,2,2),('2013-09-03',2013,3,9,36,3,3),('2013-09-04',2013,3,9,36,4,4),('2013-09-05',2013,3,9,36,5,5),('2013-09-06',2013,3,9,36,6,6),('2013-09-07',2013,3,9,36,7,7),('2013-09-08',2013,3,9,36,8,1),('2013-09-09',2013,3,9,37,9,2),('2013-09-10',2013,3,9,37,10,3),('2013-09-11',2013,3,9,37,11,4),('2013-09-12',2013,3,9,37,12,5),('2013-09-13',2013,3,9,37,13,6),('2013-09-14',2013,3,9,37,14,7),('2013-09-15',2013,3,9,37,15,1),('2013-09-16',2013,3,9,38,16,2),('2013-09-17',2013,3,9,38,17,3),('2013-09-18',2013,3,9,38,18,4),('2013-09-19',2013,3,9,38,19,5),('2013-09-20',2013,3,9,38,20,6),('2013-09-21',2013,3,9,38,21,7),('2013-09-22',2013,3,9,38,22,1),('2013-09-23',2013,3,9,39,23,2),('2013-09-24',2013,3,9,39,24,3),('2013-09-25',2013,3,9,39,25,4),('2013-09-26',2013,3,9,39,26,5),('2013-09-27',2013,3,9,39,27,6),('2013-09-28',2013,3,9,39,28,7),('2013-09-29',2013,3,9,39,29,1),('2013-09-30',2013,3,9,40,30,2),('2013-10-01',2013,4,10,40,1,3),('2013-10-02',2013,4,10,40,2,4),('2013-10-03',2013,4,10,40,3,5),('2013-10-04',2013,4,10,40,4,6),('2013-10-05',2013,4,10,40,5,7),('2013-10-06',2013,4,10,40,6,1),('2013-10-07',2013,4,10,41,7,2),('2013-10-08',2013,4,10,41,8,3),('2013-10-09',2013,4,10,41,9,4),('2013-10-10',2013,4,10,41,10,5),('2013-10-11',2013,4,10,41,11,6),('2013-10-12',2013,4,10,41,12,7),('2013-10-13',2013,4,10,41,13,1),('2013-10-14',2013,4,10,42,14,2),('2013-10-15',2013,4,10,42,15,3),('2013-10-16',2013,4,10,42,16,4),('2013-10-17',2013,4,10,42,17,5),('2013-10-18',2013,4,10,42,18,6),('2013-10-19',2013,4,10,42,19,7),('2013-10-20',2013,4,10,42,20,1),('2013-10-21',2013,4,10,43,21,2),('2013-10-22',2013,4,10,43,22,3),('2013-10-23',2013,4,10,43,23,4),('2013-10-24',2013,4,10,43,24,5),('2013-10-25',2013,4,10,43,25,6),('2013-10-26',2013,4,10,43,26,7),('2013-10-27',2013,4,10,43,27,1),('2013-10-28',2013,4,10,44,28,2),('2013-10-29',2013,4,10,44,29,3),('2013-10-30',2013,4,10,44,30,4),('2013-10-31',2013,4,10,44,31,5),('2013-11-01',2013,4,11,44,1,6),('2013-11-02',2013,4,11,44,2,7),('2013-11-03',2013,4,11,44,3,1),('2013-11-04',2013,4,11,45,4,2),('2013-11-05',2013,4,11,45,5,3),('2013-11-06',2013,4,11,45,6,4),('2013-11-07',2013,4,11,45,7,5),('2013-11-08',2013,4,11,45,8,6),('2013-11-09',2013,4,11,45,9,7),('2013-11-10',2013,4,11,45,10,1),('2013-11-11',2013,4,11,46,11,2),('2013-11-12',2013,4,11,46,12,3),('2013-11-13',2013,4,11,46,13,4),('2013-11-14',2013,4,11,46,14,5),('2013-11-15',2013,4,11,46,15,6),('2013-11-16',2013,4,11,46,16,7),('2013-11-17',2013,4,11,46,17,1),('2013-11-18',2013,4,11,47,18,2),('2013-11-19',2013,4,11,47,19,3),('2013-11-20',2013,4,11,47,20,4),('2013-11-21',2013,4,11,47,21,5),('2013-11-22',2013,4,11,47,22,6),('2013-11-23',2013,4,11,47,23,7),('2013-11-24',2013,4,11,47,24,1),('2013-11-25',2013,4,11,48,25,2),('2013-11-26',2013,4,11,48,26,3),('2013-11-27',2013,4,11,48,27,4),('2013-11-28',2013,4,11,48,28,5),('2013-11-29',2013,4,11,48,29,6),('2013-11-30',2013,4,11,48,30,7),('2013-12-01',2013,4,12,48,1,1),('2013-12-02',2013,4,12,49,2,2),('2013-12-03',2013,4,12,49,3,3),('2013-12-04',2013,4,12,49,4,4),('2013-12-05',2013,4,12,49,5,5),('2013-12-06',2013,4,12,49,6,6),('2013-12-07',2013,4,12,49,7,7),('2013-12-08',2013,4,12,49,8,1),('2013-12-09',2013,4,12,50,9,2),('2013-12-10',2013,4,12,50,10,3),('2013-12-11',2013,4,12,50,11,4),('2013-12-12',2013,4,12,50,12,5),('2013-12-13',2013,4,12,50,13,6),('2013-12-14',2013,4,12,50,14,7),('2013-12-15',2013,4,12,50,15,1),('2013-12-16',2013,4,12,51,16,2),('2013-12-17',2013,4,12,51,17,3),('2013-12-18',2013,4,12,51,18,4),('2013-12-19',2013,4,12,51,19,5),('2013-12-20',2013,4,12,51,20,6),('2013-12-21',2013,4,12,51,21,7),('2013-12-22',2013,4,12,51,22,1),('2013-12-23',2013,4,12,52,23,2),('2013-12-24',2013,4,12,52,24,3),('2013-12-25',2013,4,12,52,25,4),('2013-12-26',2013,4,12,52,26,5),('2013-12-27',2013,4,12,52,27,6),('2013-12-28',2013,4,12,52,28,7),('2013-12-29',2013,4,12,52,29,1),('2013-12-30',2013,4,12,53,30,2),('2013-12-31',2013,4,12,53,31,3),('2014-01-01',2014,1,1,1,1,4),('2014-01-02',2014,1,1,1,2,5),('2014-01-03',2014,1,1,1,3,6),('2014-01-04',2014,1,1,1,4,7),('2014-01-05',2014,1,1,1,5,1),('2014-01-06',2014,1,1,2,6,2),('2014-01-07',2014,1,1,2,7,3),('2014-01-08',2014,1,1,2,8,4),('2014-01-09',2014,1,1,2,9,5),('2014-01-10',2014,1,1,2,10,6),('2014-01-11',2014,1,1,2,11,7),('2014-01-12',2014,1,1,2,12,1),('2014-01-13',2014,1,1,3,13,2),('2014-01-14',2014,1,1,3,14,3),('2014-01-15',2014,1,1,3,15,4),('2014-01-16',2014,1,1,3,16,5),('2014-01-17',2014,1,1,3,17,6),('2014-01-18',2014,1,1,3,18,7),('2014-01-19',2014,1,1,3,19,1),('2014-01-20',2014,1,1,4,20,2),('2014-01-21',2014,1,1,4,21,3),('2014-01-22',2014,1,1,4,22,4),('2014-01-23',2014,1,1,4,23,5),('2014-01-24',2014,1,1,4,24,6),('2014-01-25',2014,1,1,4,25,7),('2014-01-26',2014,1,1,4,26,1),('2014-01-27',2014,1,1,5,27,2),('2014-01-28',2014,1,1,5,28,3),('2014-01-29',2014,1,1,5,29,4),('2014-01-30',2014,1,1,5,30,5),('2014-01-31',2014,1,1,5,31,6),('2014-02-01',2014,1,2,5,1,7),('2014-02-02',2014,1,2,5,2,1),('2014-02-03',2014,1,2,6,3,2),('2014-02-04',2014,1,2,6,4,3),('2014-02-05',2014,1,2,6,5,4),('2014-02-06',2014,1,2,6,6,5),('2014-02-07',2014,1,2,6,7,6),('2014-02-08',2014,1,2,6,8,7),('2014-02-09',2014,1,2,6,9,1),('2014-02-10',2014,1,2,7,10,2),('2014-02-11',2014,1,2,7,11,3),('2014-02-12',2014,1,2,7,12,4),('2014-02-13',2014,1,2,7,13,5),('2014-02-14',2014,1,2,7,14,6),('2014-02-15',2014,1,2,7,15,7),('2014-02-16',2014,1,2,7,16,1),('2014-02-17',2014,1,2,8,17,2),('2014-02-18',2014,1,2,8,18,3),('2014-02-19',2014,1,2,8,19,4),('2014-02-20',2014,1,2,8,20,5),('2014-02-21',2014,1,2,8,21,6),('2014-02-22',2014,1,2,8,22,7),('2014-02-23',2014,1,2,8,23,1),('2014-02-24',2014,1,2,9,24,2),('2014-02-25',2014,1,2,9,25,3),('2014-02-26',2014,1,2,9,26,4),('2014-02-27',2014,1,2,9,27,5),('2014-02-28',2014,1,2,9,28,6),('2014-03-01',2014,1,3,9,1,7),('2014-03-02',2014,1,3,9,2,1),('2014-03-03',2014,1,3,10,3,2),('2014-03-04',2014,1,3,10,4,3),('2014-03-05',2014,1,3,10,5,4),('2014-03-06',2014,1,3,10,6,5),('2014-03-07',2014,1,3,10,7,6),('2014-03-08',2014,1,3,10,8,7),('2014-03-09',2014,1,3,10,9,1),('2014-03-10',2014,1,3,11,10,2),('2014-03-11',2014,1,3,11,11,3),('2014-03-12',2014,1,3,11,12,4),('2014-03-13',2014,1,3,11,13,5),('2014-03-14',2014,1,3,11,14,6),('2014-03-15',2014,1,3,11,15,7),('2014-03-16',2014,1,3,11,16,1),('2014-03-17',2014,1,3,12,17,2),('2014-03-18',2014,1,3,12,18,3),('2014-03-19',2014,1,3,12,19,4),('2014-03-20',2014,1,3,12,20,5),('2014-03-21',2014,1,3,12,21,6),('2014-03-22',2014,1,3,12,22,7),('2014-03-23',2014,1,3,12,23,1),('2014-03-24',2014,1,3,13,24,2),('2014-03-25',2014,1,3,13,25,3),('2014-03-26',2014,1,3,13,26,4),('2014-03-27',2014,1,3,13,27,5),('2014-03-28',2014,1,3,13,28,6),('2014-03-29',2014,1,3,13,29,7),('2014-03-30',2014,1,3,13,30,1),('2014-03-31',2014,1,3,14,31,2),('2014-04-01',2014,2,4,14,1,3),('2014-04-02',2014,2,4,14,2,4),('2014-04-03',2014,2,4,14,3,5),('2014-04-04',2014,2,4,14,4,6),('2014-04-05',2014,2,4,14,5,7),('2014-04-06',2014,2,4,14,6,1),('2014-04-07',2014,2,4,15,7,2),('2014-04-08',2014,2,4,15,8,3),('2014-04-09',2014,2,4,15,9,4),('2014-04-10',2014,2,4,15,10,5),('2014-04-11',2014,2,4,15,11,6),('2014-04-12',2014,2,4,15,12,7),('2014-04-13',2014,2,4,15,13,1),('2014-04-14',2014,2,4,16,14,2),('2014-04-15',2014,2,4,16,15,3),('2014-04-16',2014,2,4,16,16,4),('2014-04-17',2014,2,4,16,17,5),('2014-04-18',2014,2,4,16,18,6),('2014-04-19',2014,2,4,16,19,7),('2014-04-20',2014,2,4,16,20,1),('2014-04-21',2014,2,4,17,21,2),('2014-04-22',2014,2,4,17,22,3),('2014-04-23',2014,2,4,17,23,4),('2014-04-24',2014,2,4,17,24,5),('2014-04-25',2014,2,4,17,25,6),('2014-04-26',2014,2,4,17,26,7),('2014-04-27',2014,2,4,17,27,1),('2014-04-28',2014,2,4,18,28,2),('2014-04-29',2014,2,4,18,29,3),('2014-04-30',2014,2,4,18,30,4),('2014-05-01',2014,2,5,18,1,5),('2014-05-02',2014,2,5,18,2,6),('2014-05-03',2014,2,5,18,3,7),('2014-05-04',2014,2,5,18,4,1),('2014-05-05',2014,2,5,19,5,2),('2014-05-06',2014,2,5,19,6,3),('2014-05-07',2014,2,5,19,7,4),('2014-05-08',2014,2,5,19,8,5),('2014-05-09',2014,2,5,19,9,6),('2014-05-10',2014,2,5,19,10,7),('2014-05-11',2014,2,5,19,11,1),('2014-05-12',2014,2,5,20,12,2),('2014-05-13',2014,2,5,20,13,3),('2014-05-14',2014,2,5,20,14,4),('2014-05-15',2014,2,5,20,15,5),('2014-05-16',2014,2,5,20,16,6),('2014-05-17',2014,2,5,20,17,7),('2014-05-18',2014,2,5,20,18,1),('2014-05-19',2014,2,5,21,19,2),('2014-05-20',2014,2,5,21,20,3),('2014-05-21',2014,2,5,21,21,4),('2014-05-22',2014,2,5,21,22,5),('2014-05-23',2014,2,5,21,23,6),('2014-05-24',2014,2,5,21,24,7),('2014-05-25',2014,2,5,21,25,1),('2014-05-26',2014,2,5,22,26,2),('2014-05-27',2014,2,5,22,27,3),('2014-05-28',2014,2,5,22,28,4),('2014-05-29',2014,2,5,22,29,5),('2014-05-30',2014,2,5,22,30,6),('2014-05-31',2014,2,5,22,31,7),('2014-06-01',2014,2,6,22,1,1),('2014-06-02',2014,2,6,23,2,2),('2014-06-03',2014,2,6,23,3,3),('2014-06-04',2014,2,6,23,4,4),('2014-06-05',2014,2,6,23,5,5),('2014-06-06',2014,2,6,23,6,6),('2014-06-07',2014,2,6,23,7,7),('2014-06-08',2014,2,6,23,8,1),('2014-06-09',2014,2,6,24,9,2),('2014-06-10',2014,2,6,24,10,3),('2014-06-11',2014,2,6,24,11,4),('2014-06-12',2014,2,6,24,12,5),('2014-06-13',2014,2,6,24,13,6),('2014-06-14',2014,2,6,24,14,7),('2014-06-15',2014,2,6,24,15,1),('2014-06-16',2014,2,6,25,16,2),('2014-06-17',2014,2,6,25,17,3),('2014-06-18',2014,2,6,25,18,4),('2014-06-19',2014,2,6,25,19,5),('2014-06-20',2014,2,6,25,20,6),('2014-06-21',2014,2,6,25,21,7),('2014-06-22',2014,2,6,25,22,1),('2014-06-23',2014,2,6,26,23,2),('2014-06-24',2014,2,6,26,24,3),('2014-06-25',2014,2,6,26,25,4),('2014-06-26',2014,2,6,26,26,5),('2014-06-27',2014,2,6,26,27,6),('2014-06-28',2014,2,6,26,28,7),('2014-06-29',2014,2,6,26,29,1),('2014-06-30',2014,2,6,27,30,2),('2014-07-01',2014,3,7,27,1,3),('2014-07-02',2014,3,7,27,2,4),('2014-07-03',2014,3,7,27,3,5),('2014-07-04',2014,3,7,27,4,6),('2014-07-05',2014,3,7,27,5,7),('2014-07-06',2014,3,7,27,6,1),('2014-07-07',2014,3,7,28,7,2),('2014-07-08',2014,3,7,28,8,3),('2014-07-09',2014,3,7,28,9,4),('2014-07-10',2014,3,7,28,10,5),('2014-07-11',2014,3,7,28,11,6),('2014-07-12',2014,3,7,28,12,7),('2014-07-13',2014,3,7,28,13,1),('2014-07-14',2014,3,7,29,14,2),('2014-07-15',2014,3,7,29,15,3),('2014-07-16',2014,3,7,29,16,4),('2014-07-17',2014,3,7,29,17,5),('2014-07-18',2014,3,7,29,18,6),('2014-07-19',2014,3,7,29,19,7),('2014-07-20',2014,3,7,29,20,1),('2014-07-21',2014,3,7,30,21,2),('2014-07-22',2014,3,7,30,22,3),('2014-07-23',2014,3,7,30,23,4),('2014-07-24',2014,3,7,30,24,5),('2014-07-25',2014,3,7,30,25,6),('2014-07-26',2014,3,7,30,26,7),('2014-07-27',2014,3,7,30,27,1),('2014-07-28',2014,3,7,31,28,2),('2014-07-29',2014,3,7,31,29,3),('2014-07-30',2014,3,7,31,30,4),('2014-07-31',2014,3,7,31,31,5),('2014-08-01',2014,3,8,31,1,6),('2014-08-02',2014,3,8,31,2,7),('2014-08-03',2014,3,8,31,3,1),('2014-08-04',2014,3,8,32,4,2),('2014-08-05',2014,3,8,32,5,3),('2014-08-06',2014,3,8,32,6,4),('2014-08-07',2014,3,8,32,7,5),('2014-08-08',2014,3,8,32,8,6),('2014-08-09',2014,3,8,32,9,7),('2014-08-10',2014,3,8,32,10,1),('2014-08-11',2014,3,8,33,11,2),('2014-08-12',2014,3,8,33,12,3),('2014-08-13',2014,3,8,33,13,4),('2014-08-14',2014,3,8,33,14,5),('2014-08-15',2014,3,8,33,15,6),('2014-08-16',2014,3,8,33,16,7),('2014-08-17',2014,3,8,33,17,1),('2014-08-18',2014,3,8,34,18,2),('2014-08-19',2014,3,8,34,19,3),('2014-08-20',2014,3,8,34,20,4),('2014-08-21',2014,3,8,34,21,5),('2014-08-22',2014,3,8,34,22,6),('2014-08-23',2014,3,8,34,23,7),('2014-08-24',2014,3,8,34,24,1),('2014-08-25',2014,3,8,35,25,2),('2014-08-26',2014,3,8,35,26,3),('2014-08-27',2014,3,8,35,27,4),('2014-08-28',2014,3,8,35,28,5),('2014-08-29',2014,3,8,35,29,6),('2014-08-30',2014,3,8,35,30,7),('2014-08-31',2014,3,8,35,31,1),('2014-09-01',2014,3,9,36,1,2),('2014-09-02',2014,3,9,36,2,3),('2014-09-03',2014,3,9,36,3,4),('2014-09-04',2014,3,9,36,4,5),('2014-09-05',2014,3,9,36,5,6),('2014-09-06',2014,3,9,36,6,7),('2014-09-07',2014,3,9,36,7,1),('2014-09-08',2014,3,9,37,8,2),('2014-09-09',2014,3,9,37,9,3),('2014-09-10',2014,3,9,37,10,4),('2014-09-11',2014,3,9,37,11,5),('2014-09-12',2014,3,9,37,12,6),('2014-09-13',2014,3,9,37,13,7),('2014-09-14',2014,3,9,37,14,1),('2014-09-15',2014,3,9,38,15,2),('2014-09-16',2014,3,9,38,16,3),('2014-09-17',2014,3,9,38,17,4),('2014-09-18',2014,3,9,38,18,5),('2014-09-19',2014,3,9,38,19,6),('2014-09-20',2014,3,9,38,20,7),('2014-09-21',2014,3,9,38,21,1),('2014-09-22',2014,3,9,39,22,2),('2014-09-23',2014,3,9,39,23,3),('2014-09-24',2014,3,9,39,24,4),('2014-09-25',2014,3,9,39,25,5),('2014-09-26',2014,3,9,39,26,6),('2014-09-27',2014,3,9,39,27,7),('2014-09-28',2014,3,9,39,28,1),('2014-09-29',2014,3,9,40,29,2),('2014-09-30',2014,3,9,40,30,3),('2014-10-01',2014,4,10,40,1,4),('2014-10-02',2014,4,10,40,2,5),('2014-10-03',2014,4,10,40,3,6),('2014-10-04',2014,4,10,40,4,7),('2014-10-05',2014,4,10,40,5,1),('2014-10-06',2014,4,10,41,6,2),('2014-10-07',2014,4,10,41,7,3),('2014-10-08',2014,4,10,41,8,4),('2014-10-09',2014,4,10,41,9,5),('2014-10-10',2014,4,10,41,10,6),('2014-10-11',2014,4,10,41,11,7),('2014-10-12',2014,4,10,41,12,1),('2014-10-13',2014,4,10,42,13,2),('2014-10-14',2014,4,10,42,14,3),('2014-10-15',2014,4,10,42,15,4),('2014-10-16',2014,4,10,42,16,5),('2014-10-17',2014,4,10,42,17,6),('2014-10-18',2014,4,10,42,18,7),('2014-10-19',2014,4,10,42,19,1),('2014-10-20',2014,4,10,43,20,2),('2014-10-21',2014,4,10,43,21,3),('2014-10-22',2014,4,10,43,22,4),('2014-10-23',2014,4,10,43,23,5),('2014-10-24',2014,4,10,43,24,6),('2014-10-25',2014,4,10,43,25,7),('2014-10-26',2014,4,10,43,26,1),('2014-10-27',2014,4,10,44,27,2),('2014-10-28',2014,4,10,44,28,3),('2014-10-29',2014,4,10,44,29,4),('2014-10-30',2014,4,10,44,30,5),('2014-10-31',2014,4,10,44,31,6),('2014-11-01',2014,4,11,44,1,7),('2014-11-02',2014,4,11,44,2,1),('2014-11-03',2014,4,11,45,3,2),('2014-11-04',2014,4,11,45,4,3),('2014-11-05',2014,4,11,45,5,4),('2014-11-06',2014,4,11,45,6,5),('2014-11-07',2014,4,11,45,7,6),('2014-11-08',2014,4,11,45,8,7),('2014-11-09',2014,4,11,45,9,1),('2014-11-10',2014,4,11,46,10,2),('2014-11-11',2014,4,11,46,11,3),('2014-11-12',2014,4,11,46,12,4),('2014-11-13',2014,4,11,46,13,5),('2014-11-14',2014,4,11,46,14,6),('2014-11-15',2014,4,11,46,15,7),('2014-11-16',2014,4,11,46,16,1),('2014-11-17',2014,4,11,47,17,2),('2014-11-18',2014,4,11,47,18,3),('2014-11-19',2014,4,11,47,19,4),('2014-11-20',2014,4,11,47,20,5),('2014-11-21',2014,4,11,47,21,6),('2014-11-22',2014,4,11,47,22,7),('2014-11-23',2014,4,11,47,23,1),('2014-11-24',2014,4,11,48,24,2),('2014-11-25',2014,4,11,48,25,3),('2014-11-26',2014,4,11,48,26,4),('2014-11-27',2014,4,11,48,27,5),('2014-11-28',2014,4,11,48,28,6),('2014-11-29',2014,4,11,48,29,7),('2014-11-30',2014,4,11,48,30,1),('2014-12-01',2014,4,12,49,1,2),('2014-12-02',2014,4,12,49,2,3),('2014-12-03',2014,4,12,49,3,4),('2014-12-04',2014,4,12,49,4,5),('2014-12-05',2014,4,12,49,5,6),('2014-12-06',2014,4,12,49,6,7),('2014-12-07',2014,4,12,49,7,1),('2014-12-08',2014,4,12,50,8,2),('2014-12-09',2014,4,12,50,9,3),('2014-12-10',2014,4,12,50,10,4),('2014-12-11',2014,4,12,50,11,5),('2014-12-12',2014,4,12,50,12,6),('2014-12-13',2014,4,12,50,13,7),('2014-12-14',2014,4,12,50,14,1),('2014-12-15',2014,4,12,51,15,2),('2014-12-16',2014,4,12,51,16,3),('2014-12-17',2014,4,12,51,17,4),('2014-12-18',2014,4,12,51,18,5),('2014-12-19',2014,4,12,51,19,6),('2014-12-20',2014,4,12,51,20,7),('2014-12-21',2014,4,12,51,21,1),('2014-12-22',2014,4,12,52,22,2),('2014-12-23',2014,4,12,52,23,3),('2014-12-24',2014,4,12,52,24,4),('2014-12-25',2014,4,12,52,25,5),('2014-12-26',2014,4,12,52,26,6),('2014-12-27',2014,4,12,52,27,7),('2014-12-28',2014,4,12,52,28,1),('2014-12-29',2014,4,12,53,29,2),('2014-12-30',2014,4,12,53,30,3),('2014-12-31',2014,4,12,53,31,4),('2015-01-01',2015,1,1,1,1,5),('2015-01-02',2015,1,1,1,2,6),('2015-01-03',2015,1,1,1,3,7),('2015-01-04',2015,1,1,1,4,1),('2015-01-05',2015,1,1,2,5,2),('2015-01-06',2015,1,1,2,6,3),('2015-01-07',2015,1,1,2,7,4),('2015-01-08',2015,1,1,2,8,5),('2015-01-09',2015,1,1,2,9,6),('2015-01-10',2015,1,1,2,10,7),('2015-01-11',2015,1,1,2,11,1),('2015-01-12',2015,1,1,3,12,2),('2015-01-13',2015,1,1,3,13,3),('2015-01-14',2015,1,1,3,14,4),('2015-01-15',2015,1,1,3,15,5),('2015-01-16',2015,1,1,3,16,6),('2015-01-17',2015,1,1,3,17,7),('2015-01-18',2015,1,1,3,18,1),('2015-01-19',2015,1,1,4,19,2),('2015-01-20',2015,1,1,4,20,3),('2015-01-21',2015,1,1,4,21,4),('2015-01-22',2015,1,1,4,22,5),('2015-01-23',2015,1,1,4,23,6),('2015-01-24',2015,1,1,4,24,7),('2015-01-25',2015,1,1,4,25,1),('2015-01-26',2015,1,1,5,26,2),('2015-01-27',2015,1,1,5,27,3),('2015-01-28',2015,1,1,5,28,4),('2015-01-29',2015,1,1,5,29,5),('2015-01-30',2015,1,1,5,30,6),('2015-01-31',2015,1,1,5,31,7),('2015-02-01',2015,1,2,5,1,1),('2015-02-02',2015,1,2,6,2,2),('2015-02-03',2015,1,2,6,3,3),('2015-02-04',2015,1,2,6,4,4),('2015-02-05',2015,1,2,6,5,5),('2015-02-06',2015,1,2,6,6,6),('2015-02-07',2015,1,2,6,7,7),('2015-02-08',2015,1,2,6,8,1),('2015-02-09',2015,1,2,7,9,2),('2015-02-10',2015,1,2,7,10,3),('2015-02-11',2015,1,2,7,11,4),('2015-02-12',2015,1,2,7,12,5),('2015-02-13',2015,1,2,7,13,6),('2015-02-14',2015,1,2,7,14,7),('2015-02-15',2015,1,2,7,15,1),('2015-02-16',2015,1,2,8,16,2),('2015-02-17',2015,1,2,8,17,3),('2015-02-18',2015,1,2,8,18,4),('2015-02-19',2015,1,2,8,19,5),('2015-02-20',2015,1,2,8,20,6),('2015-02-21',2015,1,2,8,21,7),('2015-02-22',2015,1,2,8,22,1),('2015-02-23',2015,1,2,9,23,2),('2015-02-24',2015,1,2,9,24,3),('2015-02-25',2015,1,2,9,25,4),('2015-02-26',2015,1,2,9,26,5),('2015-02-27',2015,1,2,9,27,6),('2015-02-28',2015,1,2,9,28,7),('2015-03-01',2015,1,3,9,1,1),('2015-03-02',2015,1,3,10,2,2),('2015-03-03',2015,1,3,10,3,3),('2015-03-04',2015,1,3,10,4,4),('2015-03-05',2015,1,3,10,5,5),('2015-03-06',2015,1,3,10,6,6),('2015-03-07',2015,1,3,10,7,7),('2015-03-08',2015,1,3,10,8,1),('2015-03-09',2015,1,3,11,9,2),('2015-03-10',2015,1,3,11,10,3),('2015-03-11',2015,1,3,11,11,4),('2015-03-12',2015,1,3,11,12,5),('2015-03-13',2015,1,3,11,13,6),('2015-03-14',2015,1,3,11,14,7),('2015-03-15',2015,1,3,11,15,1),('2015-03-16',2015,1,3,12,16,2),('2015-03-17',2015,1,3,12,17,3),('2015-03-18',2015,1,3,12,18,4),('2015-03-19',2015,1,3,12,19,5),('2015-03-20',2015,1,3,12,20,6),('2015-03-21',2015,1,3,12,21,7),('2015-03-22',2015,1,3,12,22,1),('2015-03-23',2015,1,3,13,23,2),('2015-03-24',2015,1,3,13,24,3),('2015-03-25',2015,1,3,13,25,4),('2015-03-26',2015,1,3,13,26,5),('2015-03-27',2015,1,3,13,27,6),('2015-03-28',2015,1,3,13,28,7),('2015-03-29',2015,1,3,13,29,1),('2015-03-30',2015,1,3,14,30,2),('2015-03-31',2015,1,3,14,31,3),('2015-04-01',2015,2,4,14,1,4),('2015-04-02',2015,2,4,14,2,5),('2015-04-03',2015,2,4,14,3,6),('2015-04-04',2015,2,4,14,4,7),('2015-04-05',2015,2,4,14,5,1),('2015-04-06',2015,2,4,15,6,2),('2015-04-07',2015,2,4,15,7,3),('2015-04-08',2015,2,4,15,8,4),('2015-04-09',2015,2,4,15,9,5),('2015-04-10',2015,2,4,15,10,6),('2015-04-11',2015,2,4,15,11,7),('2015-04-12',2015,2,4,15,12,1),('2015-04-13',2015,2,4,16,13,2),('2015-04-14',2015,2,4,16,14,3),('2015-04-15',2015,2,4,16,15,4),('2015-04-16',2015,2,4,16,16,5),('2015-04-17',2015,2,4,16,17,6),('2015-04-18',2015,2,4,16,18,7),('2015-04-19',2015,2,4,16,19,1),('2015-04-20',2015,2,4,17,20,2),('2015-04-21',2015,2,4,17,21,3),('2015-04-22',2015,2,4,17,22,4),('2015-04-23',2015,2,4,17,23,5),('2015-04-24',2015,2,4,17,24,6),('2015-04-25',2015,2,4,17,25,7),('2015-04-26',2015,2,4,17,26,1),('2015-04-27',2015,2,4,18,27,2),('2015-04-28',2015,2,4,18,28,3),('2015-04-29',2015,2,4,18,29,4),('2015-04-30',2015,2,4,18,30,5),('2015-05-01',2015,2,5,18,1,6),('2015-05-02',2015,2,5,18,2,7),('2015-05-03',2015,2,5,18,3,1),('2015-05-04',2015,2,5,19,4,2),('2015-05-05',2015,2,5,19,5,3),('2015-05-06',2015,2,5,19,6,4),('2015-05-07',2015,2,5,19,7,5),('2015-05-08',2015,2,5,19,8,6),('2015-05-09',2015,2,5,19,9,7),('2015-05-10',2015,2,5,19,10,1),('2015-05-11',2015,2,5,20,11,2),('2015-05-12',2015,2,5,20,12,3),('2015-05-13',2015,2,5,20,13,4),('2015-05-14',2015,2,5,20,14,5),('2015-05-15',2015,2,5,20,15,6),('2015-05-16',2015,2,5,20,16,7),('2015-05-17',2015,2,5,20,17,1),('2015-05-18',2015,2,5,21,18,2),('2015-05-19',2015,2,5,21,19,3),('2015-05-20',2015,2,5,21,20,4),('2015-05-21',2015,2,5,21,21,5),('2015-05-22',2015,2,5,21,22,6),('2015-05-23',2015,2,5,21,23,7),('2015-05-24',2015,2,5,21,24,1),('2015-05-25',2015,2,5,22,25,2),('2015-05-26',2015,2,5,22,26,3),('2015-05-27',2015,2,5,22,27,4),('2015-05-28',2015,2,5,22,28,5),('2015-05-29',2015,2,5,22,29,6),('2015-05-30',2015,2,5,22,30,7),('2015-05-31',2015,2,5,22,31,1),('2015-06-01',2015,2,6,23,1,2),('2015-06-02',2015,2,6,23,2,3),('2015-06-03',2015,2,6,23,3,4),('2015-06-04',2015,2,6,23,4,5),('2015-06-05',2015,2,6,23,5,6),('2015-06-06',2015,2,6,23,6,7),('2015-06-07',2015,2,6,23,7,1),('2015-06-08',2015,2,6,24,8,2),('2015-06-09',2015,2,6,24,9,3),('2015-06-10',2015,2,6,24,10,4),('2015-06-11',2015,2,6,24,11,5),('2015-06-12',2015,2,6,24,12,6),('2015-06-13',2015,2,6,24,13,7),('2015-06-14',2015,2,6,24,14,1),('2015-06-15',2015,2,6,25,15,2),('2015-06-16',2015,2,6,25,16,3),('2015-06-17',2015,2,6,25,17,4),('2015-06-18',2015,2,6,25,18,5),('2015-06-19',2015,2,6,25,19,6),('2015-06-20',2015,2,6,25,20,7),('2015-06-21',2015,2,6,25,21,1),('2015-06-22',2015,2,6,26,22,2),('2015-06-23',2015,2,6,26,23,3),('2015-06-24',2015,2,6,26,24,4),('2015-06-25',2015,2,6,26,25,5),('2015-06-26',2015,2,6,26,26,6),('2015-06-27',2015,2,6,26,27,7),('2015-06-28',2015,2,6,26,28,1),('2015-06-29',2015,2,6,27,29,2),('2015-06-30',2015,2,6,27,30,3),('2015-07-01',2015,3,7,27,1,4),('2015-07-02',2015,3,7,27,2,5),('2015-07-03',2015,3,7,27,3,6),('2015-07-04',2015,3,7,27,4,7),('2015-07-05',2015,3,7,27,5,1),('2015-07-06',2015,3,7,28,6,2),('2015-07-07',2015,3,7,28,7,3),('2015-07-08',2015,3,7,28,8,4),('2015-07-09',2015,3,7,28,9,5),('2015-07-10',2015,3,7,28,10,6),('2015-07-11',2015,3,7,28,11,7),('2015-07-12',2015,3,7,28,12,1),('2015-07-13',2015,3,7,29,13,2),('2015-07-14',2015,3,7,29,14,3),('2015-07-15',2015,3,7,29,15,4),('2015-07-16',2015,3,7,29,16,5),('2015-07-17',2015,3,7,29,17,6),('2015-07-18',2015,3,7,29,18,7),('2015-07-19',2015,3,7,29,19,1),('2015-07-20',2015,3,7,30,20,2),('2015-07-21',2015,3,7,30,21,3),('2015-07-22',2015,3,7,30,22,4),('2015-07-23',2015,3,7,30,23,5),('2015-07-24',2015,3,7,30,24,6),('2015-07-25',2015,3,7,30,25,7),('2015-07-26',2015,3,7,30,26,1),('2015-07-27',2015,3,7,31,27,2),('2015-07-28',2015,3,7,31,28,3),('2015-07-29',2015,3,7,31,29,4),('2015-07-30',2015,3,7,31,30,5),('2015-07-31',2015,3,7,31,31,6),('2015-08-01',2015,3,8,31,1,7),('2015-08-02',2015,3,8,31,2,1),('2015-08-03',2015,3,8,32,3,2),('2015-08-04',2015,3,8,32,4,3),('2015-08-05',2015,3,8,32,5,4),('2015-08-06',2015,3,8,32,6,5),('2015-08-07',2015,3,8,32,7,6),('2015-08-08',2015,3,8,32,8,7),('2015-08-09',2015,3,8,32,9,1),('2015-08-10',2015,3,8,33,10,2),('2015-08-11',2015,3,8,33,11,3),('2015-08-12',2015,3,8,33,12,4),('2015-08-13',2015,3,8,33,13,5),('2015-08-14',2015,3,8,33,14,6),('2015-08-15',2015,3,8,33,15,7),('2015-08-16',2015,3,8,33,16,1),('2015-08-17',2015,3,8,34,17,2),('2015-08-18',2015,3,8,34,18,3),('2015-08-19',2015,3,8,34,19,4),('2015-08-20',2015,3,8,34,20,5),('2015-08-21',2015,3,8,34,21,6),('2015-08-22',2015,3,8,34,22,7),('2015-08-23',2015,3,8,34,23,1),('2015-08-24',2015,3,8,35,24,2),('2015-08-25',2015,3,8,35,25,3),('2015-08-26',2015,3,8,35,26,4),('2015-08-27',2015,3,8,35,27,5),('2015-08-28',2015,3,8,35,28,6),('2015-08-29',2015,3,8,35,29,7),('2015-08-30',2015,3,8,35,30,1),('2015-08-31',2015,3,8,36,31,2),('2015-09-01',2015,3,9,36,1,3),('2015-09-02',2015,3,9,36,2,4),('2015-09-03',2015,3,9,36,3,5),('2015-09-04',2015,3,9,36,4,6),('2015-09-05',2015,3,9,36,5,7),('2015-09-06',2015,3,9,36,6,1),('2015-09-07',2015,3,9,37,7,2),('2015-09-08',2015,3,9,37,8,3),('2015-09-09',2015,3,9,37,9,4),('2015-09-10',2015,3,9,37,10,5),('2015-09-11',2015,3,9,37,11,6),('2015-09-12',2015,3,9,37,12,7),('2015-09-13',2015,3,9,37,13,1),('2015-09-14',2015,3,9,38,14,2),('2015-09-15',2015,3,9,38,15,3),('2015-09-16',2015,3,9,38,16,4),('2015-09-17',2015,3,9,38,17,5),('2015-09-18',2015,3,9,38,18,6),('2015-09-19',2015,3,9,38,19,7),('2015-09-20',2015,3,9,38,20,1),('2015-09-21',2015,3,9,39,21,2),('2015-09-22',2015,3,9,39,22,3),('2015-09-23',2015,3,9,39,23,4),('2015-09-24',2015,3,9,39,24,5),('2015-09-25',2015,3,9,39,25,6),('2015-09-26',2015,3,9,39,26,7),('2015-09-27',2015,3,9,39,27,1),('2015-09-28',2015,3,9,40,28,2),('2015-09-29',2015,3,9,40,29,3),('2015-09-30',2015,3,9,40,30,4),('2015-10-01',2015,4,10,40,1,5),('2015-10-02',2015,4,10,40,2,6),('2015-10-03',2015,4,10,40,3,7),('2015-10-04',2015,4,10,40,4,1),('2015-10-05',2015,4,10,41,5,2),('2015-10-06',2015,4,10,41,6,3),('2015-10-07',2015,4,10,41,7,4),('2015-10-08',2015,4,10,41,8,5),('2015-10-09',2015,4,10,41,9,6),('2015-10-10',2015,4,10,41,10,7),('2015-10-11',2015,4,10,41,11,1),('2015-10-12',2015,4,10,42,12,2),('2015-10-13',2015,4,10,42,13,3),('2015-10-14',2015,4,10,42,14,4),('2015-10-15',2015,4,10,42,15,5),('2015-10-16',2015,4,10,42,16,6),('2015-10-17',2015,4,10,42,17,7),('2015-10-18',2015,4,10,42,18,1),('2015-10-19',2015,4,10,43,19,2),('2015-10-20',2015,4,10,43,20,3),('2015-10-21',2015,4,10,43,21,4),('2015-10-22',2015,4,10,43,22,5),('2015-10-23',2015,4,10,43,23,6),('2015-10-24',2015,4,10,43,24,7),('2015-10-25',2015,4,10,43,25,1),('2015-10-26',2015,4,10,44,26,2),('2015-10-27',2015,4,10,44,27,3),('2015-10-28',2015,4,10,44,28,4),('2015-10-29',2015,4,10,44,29,5),('2015-10-30',2015,4,10,44,30,6),('2015-10-31',2015,4,10,44,31,7),('2015-11-01',2015,4,11,44,1,1),('2015-11-02',2015,4,11,45,2,2),('2015-11-03',2015,4,11,45,3,3),('2015-11-04',2015,4,11,45,4,4),('2015-11-05',2015,4,11,45,5,5),('2015-11-06',2015,4,11,45,6,6),('2015-11-07',2015,4,11,45,7,7),('2015-11-08',2015,4,11,45,8,1),('2015-11-09',2015,4,11,46,9,2),('2015-11-10',2015,4,11,46,10,3),('2015-11-11',2015,4,11,46,11,4),('2015-11-12',2015,4,11,46,12,5),('2015-11-13',2015,4,11,46,13,6),('2015-11-14',2015,4,11,46,14,7),('2015-11-15',2015,4,11,46,15,1),('2015-11-16',2015,4,11,47,16,2),('2015-11-17',2015,4,11,47,17,3),('2015-11-18',2015,4,11,47,18,4),('2015-11-19',2015,4,11,47,19,5),('2015-11-20',2015,4,11,47,20,6),('2015-11-21',2015,4,11,47,21,7),('2015-11-22',2015,4,11,47,22,1),('2015-11-23',2015,4,11,48,23,2),('2015-11-24',2015,4,11,48,24,3),('2015-11-25',2015,4,11,48,25,4),('2015-11-26',2015,4,11,48,26,5),('2015-11-27',2015,4,11,48,27,6),('2015-11-28',2015,4,11,48,28,7),('2015-11-29',2015,4,11,48,29,1),('2015-11-30',2015,4,11,49,30,2),('2015-12-01',2015,4,12,49,1,3),('2015-12-02',2015,4,12,49,2,4),('2015-12-03',2015,4,12,49,3,5),('2015-12-04',2015,4,12,49,4,6),('2015-12-05',2015,4,12,49,5,7),('2015-12-06',2015,4,12,49,6,1),('2015-12-07',2015,4,12,50,7,2),('2015-12-08',2015,4,12,50,8,3),('2015-12-09',2015,4,12,50,9,4),('2015-12-10',2015,4,12,50,10,5),('2015-12-11',2015,4,12,50,11,6),('2015-12-12',2015,4,12,50,12,7),('2015-12-13',2015,4,12,50,13,1),('2015-12-14',2015,4,12,51,14,2),('2015-12-15',2015,4,12,51,15,3),('2015-12-16',2015,4,12,51,16,4),('2015-12-17',2015,4,12,51,17,5),('2015-12-18',2015,4,12,51,18,6),('2015-12-19',2015,4,12,51,19,7),('2015-12-20',2015,4,12,51,20,1),('2015-12-21',2015,4,12,52,21,2),('2015-12-22',2015,4,12,52,22,3),('2015-12-23',2015,4,12,52,23,4),('2015-12-24',2015,4,12,52,24,5),('2015-12-25',2015,4,12,52,25,6),('2015-12-26',2015,4,12,52,26,7),('2015-12-27',2015,4,12,52,27,1),('2015-12-28',2015,4,12,53,28,2),('2015-12-29',2015,4,12,53,29,3),('2015-12-30',2015,4,12,53,30,4),('2015-12-31',2015,4,12,53,31,5),('2016-01-01',2016,1,1,0,1,6),('2016-01-02',2016,1,1,0,2,7),('2016-01-03',2016,1,1,0,3,1),('2016-01-04',2016,1,1,1,4,2),('2016-01-05',2016,1,1,1,5,3),('2016-01-06',2016,1,1,1,6,4),('2016-01-07',2016,1,1,1,7,5),('2016-01-08',2016,1,1,1,8,6),('2016-01-09',2016,1,1,1,9,7),('2016-01-10',2016,1,1,1,10,1),('2016-01-11',2016,1,1,2,11,2),('2016-01-12',2016,1,1,2,12,3),('2016-01-13',2016,1,1,2,13,4),('2016-01-14',2016,1,1,2,14,5),('2016-01-15',2016,1,1,2,15,6),('2016-01-16',2016,1,1,2,16,7),('2016-01-17',2016,1,1,2,17,1),('2016-01-18',2016,1,1,3,18,2),('2016-01-19',2016,1,1,3,19,3),('2016-01-20',2016,1,1,3,20,4),('2016-01-21',2016,1,1,3,21,5),('2016-01-22',2016,1,1,3,22,6),('2016-01-23',2016,1,1,3,23,7),('2016-01-24',2016,1,1,3,24,1),('2016-01-25',2016,1,1,4,25,2),('2016-01-26',2016,1,1,4,26,3),('2016-01-27',2016,1,1,4,27,4),('2016-01-28',2016,1,1,4,28,5),('2016-01-29',2016,1,1,4,29,6),('2016-01-30',2016,1,1,4,30,7),('2016-01-31',2016,1,1,4,31,1),('2016-02-01',2016,1,2,5,1,2),('2016-02-02',2016,1,2,5,2,3),('2016-02-03',2016,1,2,5,3,4),('2016-02-04',2016,1,2,5,4,5),('2016-02-05',2016,1,2,5,5,6),('2016-02-06',2016,1,2,5,6,7),('2016-02-07',2016,1,2,5,7,1),('2016-02-08',2016,1,2,6,8,2),('2016-02-09',2016,1,2,6,9,3),('2016-02-10',2016,1,2,6,10,4),('2016-02-11',2016,1,2,6,11,5),('2016-02-12',2016,1,2,6,12,6),('2016-02-13',2016,1,2,6,13,7),('2016-02-14',2016,1,2,6,14,1),('2016-02-15',2016,1,2,7,15,2),('2016-02-16',2016,1,2,7,16,3),('2016-02-17',2016,1,2,7,17,4),('2016-02-18',2016,1,2,7,18,5),('2016-02-19',2016,1,2,7,19,6),('2016-02-20',2016,1,2,7,20,7),('2016-02-21',2016,1,2,7,21,1),('2016-02-22',2016,1,2,8,22,2),('2016-02-23',2016,1,2,8,23,3),('2016-02-24',2016,1,2,8,24,4),('2016-02-25',2016,1,2,8,25,5),('2016-02-26',2016,1,2,8,26,6),('2016-02-27',2016,1,2,8,27,7),('2016-02-28',2016,1,2,8,28,1),('2016-02-29',2016,1,2,9,29,2),('2016-03-01',2016,1,3,9,1,3),('2016-03-02',2016,1,3,9,2,4),('2016-03-03',2016,1,3,9,3,5),('2016-03-04',2016,1,3,9,4,6),('2016-03-05',2016,1,3,9,5,7),('2016-03-06',2016,1,3,9,6,1),('2016-03-07',2016,1,3,10,7,2),('2016-03-08',2016,1,3,10,8,3),('2016-03-09',2016,1,3,10,9,4),('2016-03-10',2016,1,3,10,10,5),('2016-03-11',2016,1,3,10,11,6),('2016-03-12',2016,1,3,10,12,7),('2016-03-13',2016,1,3,10,13,1),('2016-03-14',2016,1,3,11,14,2),('2016-03-15',2016,1,3,11,15,3),('2016-03-16',2016,1,3,11,16,4),('2016-03-17',2016,1,3,11,17,5),('2016-03-18',2016,1,3,11,18,6),('2016-03-19',2016,1,3,11,19,7),('2016-03-20',2016,1,3,11,20,1),('2016-03-21',2016,1,3,12,21,2),('2016-03-22',2016,1,3,12,22,3),('2016-03-23',2016,1,3,12,23,4),('2016-03-24',2016,1,3,12,24,5),('2016-03-25',2016,1,3,12,25,6),('2016-03-26',2016,1,3,12,26,7),('2016-03-27',2016,1,3,12,27,1),('2016-03-28',2016,1,3,13,28,2),('2016-03-29',2016,1,3,13,29,3),('2016-03-30',2016,1,3,13,30,4),('2016-03-31',2016,1,3,13,31,5),('2016-04-01',2016,2,4,13,1,6),('2016-04-02',2016,2,4,13,2,7),('2016-04-03',2016,2,4,13,3,1),('2016-04-04',2016,2,4,14,4,2),('2016-04-05',2016,2,4,14,5,3),('2016-04-06',2016,2,4,14,6,4),('2016-04-07',2016,2,4,14,7,5),('2016-04-08',2016,2,4,14,8,6),('2016-04-09',2016,2,4,14,9,7),('2016-04-10',2016,2,4,14,10,1),('2016-04-11',2016,2,4,15,11,2),('2016-04-12',2016,2,4,15,12,3),('2016-04-13',2016,2,4,15,13,4),('2016-04-14',2016,2,4,15,14,5),('2016-04-15',2016,2,4,15,15,6),('2016-04-16',2016,2,4,15,16,7),('2016-04-17',2016,2,4,15,17,1),('2016-04-18',2016,2,4,16,18,2),('2016-04-19',2016,2,4,16,19,3),('2016-04-20',2016,2,4,16,20,4),('2016-04-21',2016,2,4,16,21,5),('2016-04-22',2016,2,4,16,22,6),('2016-04-23',2016,2,4,16,23,7),('2016-04-24',2016,2,4,16,24,1),('2016-04-25',2016,2,4,17,25,2),('2016-04-26',2016,2,4,17,26,3),('2016-04-27',2016,2,4,17,27,4),('2016-04-28',2016,2,4,17,28,5),('2016-04-29',2016,2,4,17,29,6),('2016-04-30',2016,2,4,17,30,7),('2016-05-01',2016,2,5,17,1,1),('2016-05-02',2016,2,5,18,2,2),('2016-05-03',2016,2,5,18,3,3),('2016-05-04',2016,2,5,18,4,4),('2016-05-05',2016,2,5,18,5,5),('2016-05-06',2016,2,5,18,6,6),('2016-05-07',2016,2,5,18,7,7),('2016-05-08',2016,2,5,18,8,1),('2016-05-09',2016,2,5,19,9,2),('2016-05-10',2016,2,5,19,10,3),('2016-05-11',2016,2,5,19,11,4),('2016-05-12',2016,2,5,19,12,5),('2016-05-13',2016,2,5,19,13,6),('2016-05-14',2016,2,5,19,14,7),('2016-05-15',2016,2,5,19,15,1),('2016-05-16',2016,2,5,20,16,2),('2016-05-17',2016,2,5,20,17,3),('2016-05-18',2016,2,5,20,18,4),('2016-05-19',2016,2,5,20,19,5),('2016-05-20',2016,2,5,20,20,6),('2016-05-21',2016,2,5,20,21,7),('2016-05-22',2016,2,5,20,22,1),('2016-05-23',2016,2,5,21,23,2),('2016-05-24',2016,2,5,21,24,3),('2016-05-25',2016,2,5,21,25,4),('2016-05-26',2016,2,5,21,26,5),('2016-05-27',2016,2,5,21,27,6),('2016-05-28',2016,2,5,21,28,7),('2016-05-29',2016,2,5,21,29,1),('2016-05-30',2016,2,5,22,30,2),('2016-05-31',2016,2,5,22,31,3),('2016-06-01',2016,2,6,22,1,4),('2016-06-02',2016,2,6,22,2,5),('2016-06-03',2016,2,6,22,3,6),('2016-06-04',2016,2,6,22,4,7),('2016-06-05',2016,2,6,22,5,1),('2016-06-06',2016,2,6,23,6,2),('2016-06-07',2016,2,6,23,7,3),('2016-06-08',2016,2,6,23,8,4),('2016-06-09',2016,2,6,23,9,5),('2016-06-10',2016,2,6,23,10,6),('2016-06-11',2016,2,6,23,11,7),('2016-06-12',2016,2,6,23,12,1),('2016-06-13',2016,2,6,24,13,2),('2016-06-14',2016,2,6,24,14,3),('2016-06-15',2016,2,6,24,15,4),('2016-06-16',2016,2,6,24,16,5),('2016-06-17',2016,2,6,24,17,6),('2016-06-18',2016,2,6,24,18,7),('2016-06-19',2016,2,6,24,19,1),('2016-06-20',2016,2,6,25,20,2),('2016-06-21',2016,2,6,25,21,3),('2016-06-22',2016,2,6,25,22,4),('2016-06-23',2016,2,6,25,23,5),('2016-06-24',2016,2,6,25,24,6),('2016-06-25',2016,2,6,25,25,7),('2016-06-26',2016,2,6,25,26,1),('2016-06-27',2016,2,6,26,27,2),('2016-06-28',2016,2,6,26,28,3),('2016-06-29',2016,2,6,26,29,4),('2016-06-30',2016,2,6,26,30,5),('2016-07-01',2016,3,7,26,1,6),('2016-07-02',2016,3,7,26,2,7),('2016-07-03',2016,3,7,26,3,1),('2016-07-04',2016,3,7,27,4,2),('2016-07-05',2016,3,7,27,5,3),('2016-07-06',2016,3,7,27,6,4),('2016-07-07',2016,3,7,27,7,5),('2016-07-08',2016,3,7,27,8,6),('2016-07-09',2016,3,7,27,9,7),('2016-07-10',2016,3,7,27,10,1),('2016-07-11',2016,3,7,28,11,2),('2016-07-12',2016,3,7,28,12,3),('2016-07-13',2016,3,7,28,13,4),('2016-07-14',2016,3,7,28,14,5),('2016-07-15',2016,3,7,28,15,6),('2016-07-16',2016,3,7,28,16,7),('2016-07-17',2016,3,7,28,17,1),('2016-07-18',2016,3,7,29,18,2),('2016-07-19',2016,3,7,29,19,3),('2016-07-20',2016,3,7,29,20,4),('2016-07-21',2016,3,7,29,21,5),('2016-07-22',2016,3,7,29,22,6),('2016-07-23',2016,3,7,29,23,7),('2016-07-24',2016,3,7,29,24,1),('2016-07-25',2016,3,7,30,25,2),('2016-07-26',2016,3,7,30,26,3),('2016-07-27',2016,3,7,30,27,4),('2016-07-28',2016,3,7,30,28,5),('2016-07-29',2016,3,7,30,29,6),('2016-07-30',2016,3,7,30,30,7),('2016-07-31',2016,3,7,30,31,1),('2016-08-01',2016,3,8,31,1,2),('2016-08-02',2016,3,8,31,2,3),('2016-08-03',2016,3,8,31,3,4),('2016-08-04',2016,3,8,31,4,5),('2016-08-05',2016,3,8,31,5,6),('2016-08-06',2016,3,8,31,6,7),('2016-08-07',2016,3,8,31,7,1),('2016-08-08',2016,3,8,32,8,2),('2016-08-09',2016,3,8,32,9,3),('2016-08-10',2016,3,8,32,10,4),('2016-08-11',2016,3,8,32,11,5),('2016-08-12',2016,3,8,32,12,6),('2016-08-13',2016,3,8,32,13,7),('2016-08-14',2016,3,8,32,14,1),('2016-08-15',2016,3,8,33,15,2),('2016-08-16',2016,3,8,33,16,3),('2016-08-17',2016,3,8,33,17,4),('2016-08-18',2016,3,8,33,18,5),('2016-08-19',2016,3,8,33,19,6),('2016-08-20',2016,3,8,33,20,7),('2016-08-21',2016,3,8,33,21,1),('2016-08-22',2016,3,8,34,22,2),('2016-08-23',2016,3,8,34,23,3),('2016-08-24',2016,3,8,34,24,4),('2016-08-25',2016,3,8,34,25,5),('2016-08-26',2016,3,8,34,26,6),('2016-08-27',2016,3,8,34,27,7),('2016-08-28',2016,3,8,34,28,1),('2016-08-29',2016,3,8,35,29,2),('2016-08-30',2016,3,8,35,30,3),('2016-08-31',2016,3,8,35,31,4),('2016-09-01',2016,3,9,35,1,5),('2016-09-02',2016,3,9,35,2,6),('2016-09-03',2016,3,9,35,3,7),('2016-09-04',2016,3,9,35,4,1),('2016-09-05',2016,3,9,36,5,2),('2016-09-06',2016,3,9,36,6,3),('2016-09-07',2016,3,9,36,7,4),('2016-09-08',2016,3,9,36,8,5),('2016-09-09',2016,3,9,36,9,6),('2016-09-10',2016,3,9,36,10,7),('2016-09-11',2016,3,9,36,11,1),('2016-09-12',2016,3,9,37,12,2),('2016-09-13',2016,3,9,37,13,3),('2016-09-14',2016,3,9,37,14,4),('2016-09-15',2016,3,9,37,15,5),('2016-09-16',2016,3,9,37,16,6),('2016-09-17',2016,3,9,37,17,7),('2016-09-18',2016,3,9,37,18,1),('2016-09-19',2016,3,9,38,19,2),('2016-09-20',2016,3,9,38,20,3),('2016-09-21',2016,3,9,38,21,4),('2016-09-22',2016,3,9,38,22,5),('2016-09-23',2016,3,9,38,23,6),('2016-09-24',2016,3,9,38,24,7),('2016-09-25',2016,3,9,38,25,1),('2016-09-26',2016,3,9,39,26,2),('2016-09-27',2016,3,9,39,27,3),('2016-09-28',2016,3,9,39,28,4),('2016-09-29',2016,3,9,39,29,5),('2016-09-30',2016,3,9,39,30,6),('2016-10-01',2016,4,10,39,1,7),('2016-10-02',2016,4,10,39,2,1),('2016-10-03',2016,4,10,40,3,2),('2016-10-04',2016,4,10,40,4,3),('2016-10-05',2016,4,10,40,5,4),('2016-10-06',2016,4,10,40,6,5),('2016-10-07',2016,4,10,40,7,6),('2016-10-08',2016,4,10,40,8,7),('2016-10-09',2016,4,10,40,9,1),('2016-10-10',2016,4,10,41,10,2),('2016-10-11',2016,4,10,41,11,3),('2016-10-12',2016,4,10,41,12,4),('2016-10-13',2016,4,10,41,13,5),('2016-10-14',2016,4,10,41,14,6),('2016-10-15',2016,4,10,41,15,7),('2016-10-16',2016,4,10,41,16,1),('2016-10-17',2016,4,10,42,17,2),('2016-10-18',2016,4,10,42,18,3),('2016-10-19',2016,4,10,42,19,4),('2016-10-20',2016,4,10,42,20,5),('2016-10-21',2016,4,10,42,21,6),('2016-10-22',2016,4,10,42,22,7),('2016-10-23',2016,4,10,42,23,1),('2016-10-24',2016,4,10,43,24,2),('2016-10-25',2016,4,10,43,25,3),('2016-10-26',2016,4,10,43,26,4),('2016-10-27',2016,4,10,43,27,5),('2016-10-28',2016,4,10,43,28,6),('2016-10-29',2016,4,10,43,29,7),('2016-10-30',2016,4,10,43,30,1),('2016-10-31',2016,4,10,44,31,2),('2016-11-01',2016,4,11,44,1,3),('2016-11-02',2016,4,11,44,2,4),('2016-11-03',2016,4,11,44,3,5),('2016-11-04',2016,4,11,44,4,6),('2016-11-05',2016,4,11,44,5,7),('2016-11-06',2016,4,11,44,6,1),('2016-11-07',2016,4,11,45,7,2),('2016-11-08',2016,4,11,45,8,3),('2016-11-09',2016,4,11,45,9,4),('2016-11-10',2016,4,11,45,10,5),('2016-11-11',2016,4,11,45,11,6),('2016-11-12',2016,4,11,45,12,7),('2016-11-13',2016,4,11,45,13,1),('2016-11-14',2016,4,11,46,14,2),('2016-11-15',2016,4,11,46,15,3),('2016-11-16',2016,4,11,46,16,4),('2016-11-17',2016,4,11,46,17,5),('2016-11-18',2016,4,11,46,18,6),('2016-11-19',2016,4,11,46,19,7),('2016-11-20',2016,4,11,46,20,1),('2016-11-21',2016,4,11,47,21,2),('2016-11-22',2016,4,11,47,22,3),('2016-11-23',2016,4,11,47,23,4),('2016-11-24',2016,4,11,47,24,5),('2016-11-25',2016,4,11,47,25,6),('2016-11-26',2016,4,11,47,26,7),('2016-11-27',2016,4,11,47,27,1),('2016-11-28',2016,4,11,48,28,2),('2016-11-29',2016,4,11,48,29,3),('2016-11-30',2016,4,11,48,30,4),('2016-12-01',2016,4,12,48,1,5),('2016-12-02',2016,4,12,48,2,6),('2016-12-03',2016,4,12,48,3,7),('2016-12-04',2016,4,12,48,4,1),('2016-12-05',2016,4,12,49,5,2),('2016-12-06',2016,4,12,49,6,3),('2016-12-07',2016,4,12,49,7,4),('2016-12-08',2016,4,12,49,8,5),('2016-12-09',2016,4,12,49,9,6),('2016-12-10',2016,4,12,49,10,7),('2016-12-11',2016,4,12,49,11,1),('2016-12-12',2016,4,12,50,12,2),('2016-12-13',2016,4,12,50,13,3),('2016-12-14',2016,4,12,50,14,4),('2016-12-15',2016,4,12,50,15,5),('2016-12-16',2016,4,12,50,16,6),('2016-12-17',2016,4,12,50,17,7),('2016-12-18',2016,4,12,50,18,1),('2016-12-19',2016,4,12,51,19,2),('2016-12-20',2016,4,12,51,20,3),('2016-12-21',2016,4,12,51,21,4),('2016-12-22',2016,4,12,51,22,5),('2016-12-23',2016,4,12,51,23,6),('2016-12-24',2016,4,12,51,24,7),('2016-12-25',2016,4,12,51,25,1),('2016-12-26',2016,4,12,52,26,2),('2016-12-27',2016,4,12,52,27,3),('2016-12-28',2016,4,12,52,28,4),('2016-12-29',2016,4,12,52,29,5),('2016-12-30',2016,4,12,52,30,6),('2016-12-31',2016,4,12,52,31,7),('2017-01-01',2017,1,1,0,1,1),('2017-01-02',2017,1,1,1,2,2),('2017-01-03',2017,1,1,1,3,3),('2017-01-04',2017,1,1,1,4,4),('2017-01-05',2017,1,1,1,5,5),('2017-01-06',2017,1,1,1,6,6),('2017-01-07',2017,1,1,1,7,7),('2017-01-08',2017,1,1,1,8,1),('2017-01-09',2017,1,1,2,9,2),('2017-01-10',2017,1,1,2,10,3),('2017-01-11',2017,1,1,2,11,4),('2017-01-12',2017,1,1,2,12,5),('2017-01-13',2017,1,1,2,13,6),('2017-01-14',2017,1,1,2,14,7),('2017-01-15',2017,1,1,2,15,1),('2017-01-16',2017,1,1,3,16,2),('2017-01-17',2017,1,1,3,17,3),('2017-01-18',2017,1,1,3,18,4),('2017-01-19',2017,1,1,3,19,5),('2017-01-20',2017,1,1,3,20,6),('2017-01-21',2017,1,1,3,21,7),('2017-01-22',2017,1,1,3,22,1),('2017-01-23',2017,1,1,4,23,2),('2017-01-24',2017,1,1,4,24,3),('2017-01-25',2017,1,1,4,25,4),('2017-01-26',2017,1,1,4,26,5),('2017-01-27',2017,1,1,4,27,6),('2017-01-28',2017,1,1,4,28,7),('2017-01-29',2017,1,1,4,29,1),('2017-01-30',2017,1,1,5,30,2),('2017-01-31',2017,1,1,5,31,3),('2017-02-01',2017,1,2,5,1,4),('2017-02-02',2017,1,2,5,2,5),('2017-02-03',2017,1,2,5,3,6),('2017-02-04',2017,1,2,5,4,7),('2017-02-05',2017,1,2,5,5,1),('2017-02-06',2017,1,2,6,6,2),('2017-02-07',2017,1,2,6,7,3),('2017-02-08',2017,1,2,6,8,4),('2017-02-09',2017,1,2,6,9,5),('2017-02-10',2017,1,2,6,10,6),('2017-02-11',2017,1,2,6,11,7),('2017-02-12',2017,1,2,6,12,1),('2017-02-13',2017,1,2,7,13,2),('2017-02-14',2017,1,2,7,14,3),('2017-02-15',2017,1,2,7,15,4),('2017-02-16',2017,1,2,7,16,5),('2017-02-17',2017,1,2,7,17,6),('2017-02-18',2017,1,2,7,18,7),('2017-02-19',2017,1,2,7,19,1),('2017-02-20',2017,1,2,8,20,2),('2017-02-21',2017,1,2,8,21,3),('2017-02-22',2017,1,2,8,22,4),('2017-02-23',2017,1,2,8,23,5),('2017-02-24',2017,1,2,8,24,6),('2017-02-25',2017,1,2,8,25,7),('2017-02-26',2017,1,2,8,26,1),('2017-02-27',2017,1,2,9,27,2),('2017-02-28',2017,1,2,9,28,3),('2017-03-01',2017,1,3,9,1,4),('2017-03-02',2017,1,3,9,2,5),('2017-03-03',2017,1,3,9,3,6),('2017-03-04',2017,1,3,9,4,7),('2017-03-05',2017,1,3,9,5,1),('2017-03-06',2017,1,3,10,6,2),('2017-03-07',2017,1,3,10,7,3),('2017-03-08',2017,1,3,10,8,4),('2017-03-09',2017,1,3,10,9,5),('2017-03-10',2017,1,3,10,10,6),('2017-03-11',2017,1,3,10,11,7),('2017-03-12',2017,1,3,10,12,1),('2017-03-13',2017,1,3,11,13,2),('2017-03-14',2017,1,3,11,14,3),('2017-03-15',2017,1,3,11,15,4),('2017-03-16',2017,1,3,11,16,5),('2017-03-17',2017,1,3,11,17,6),('2017-03-18',2017,1,3,11,18,7),('2017-03-19',2017,1,3,11,19,1),('2017-03-20',2017,1,3,12,20,2),('2017-03-21',2017,1,3,12,21,3),('2017-03-22',2017,1,3,12,22,4),('2017-03-23',2017,1,3,12,23,5),('2017-03-24',2017,1,3,12,24,6),('2017-03-25',2017,1,3,12,25,7),('2017-03-26',2017,1,3,12,26,1),('2017-03-27',2017,1,3,13,27,2),('2017-03-28',2017,1,3,13,28,3),('2017-03-29',2017,1,3,13,29,4),('2017-03-30',2017,1,3,13,30,5),('2017-03-31',2017,1,3,13,31,6),('2017-04-01',2017,2,4,13,1,7),('2017-04-02',2017,2,4,13,2,1),('2017-04-03',2017,2,4,14,3,2),('2017-04-04',2017,2,4,14,4,3),('2017-04-05',2017,2,4,14,5,4),('2017-04-06',2017,2,4,14,6,5),('2017-04-07',2017,2,4,14,7,6),('2017-04-08',2017,2,4,14,8,7),('2017-04-09',2017,2,4,14,9,1),('2017-04-10',2017,2,4,15,10,2),('2017-04-11',2017,2,4,15,11,3),('2017-04-12',2017,2,4,15,12,4),('2017-04-13',2017,2,4,15,13,5),('2017-04-14',2017,2,4,15,14,6),('2017-04-15',2017,2,4,15,15,7),('2017-04-16',2017,2,4,15,16,1),('2017-04-17',2017,2,4,16,17,2),('2017-04-18',2017,2,4,16,18,3),('2017-04-19',2017,2,4,16,19,4),('2017-04-20',2017,2,4,16,20,5),('2017-04-21',2017,2,4,16,21,6),('2017-04-22',2017,2,4,16,22,7),('2017-04-23',2017,2,4,16,23,1),('2017-04-24',2017,2,4,17,24,2),('2017-04-25',2017,2,4,17,25,3),('2017-04-26',2017,2,4,17,26,4),('2017-04-27',2017,2,4,17,27,5),('2017-04-28',2017,2,4,17,28,6),('2017-04-29',2017,2,4,17,29,7),('2017-04-30',2017,2,4,17,30,1),('2017-05-01',2017,2,5,18,1,2),('2017-05-02',2017,2,5,18,2,3),('2017-05-03',2017,2,5,18,3,4),('2017-05-04',2017,2,5,18,4,5),('2017-05-05',2017,2,5,18,5,6),('2017-05-06',2017,2,5,18,6,7),('2017-05-07',2017,2,5,18,7,1),('2017-05-08',2017,2,5,19,8,2),('2017-05-09',2017,2,5,19,9,3),('2017-05-10',2017,2,5,19,10,4),('2017-05-11',2017,2,5,19,11,5),('2017-05-12',2017,2,5,19,12,6),('2017-05-13',2017,2,5,19,13,7),('2017-05-14',2017,2,5,19,14,1),('2017-05-15',2017,2,5,20,15,2),('2017-05-16',2017,2,5,20,16,3),('2017-05-17',2017,2,5,20,17,4),('2017-05-18',2017,2,5,20,18,5),('2017-05-19',2017,2,5,20,19,6),('2017-05-20',2017,2,5,20,20,7),('2017-05-21',2017,2,5,20,21,1),('2017-05-22',2017,2,5,21,22,2),('2017-05-23',2017,2,5,21,23,3),('2017-05-24',2017,2,5,21,24,4),('2017-05-25',2017,2,5,21,25,5),('2017-05-26',2017,2,5,21,26,6),('2017-05-27',2017,2,5,21,27,7),('2017-05-28',2017,2,5,21,28,1),('2017-05-29',2017,2,5,22,29,2),('2017-05-30',2017,2,5,22,30,3),('2017-05-31',2017,2,5,22,31,4),('2017-06-01',2017,2,6,22,1,5),('2017-06-02',2017,2,6,22,2,6),('2017-06-03',2017,2,6,22,3,7),('2017-06-04',2017,2,6,22,4,1),('2017-06-05',2017,2,6,23,5,2),('2017-06-06',2017,2,6,23,6,3),('2017-06-07',2017,2,6,23,7,4),('2017-06-08',2017,2,6,23,8,5),('2017-06-09',2017,2,6,23,9,6),('2017-06-10',2017,2,6,23,10,7),('2017-06-11',2017,2,6,23,11,1),('2017-06-12',2017,2,6,24,12,2),('2017-06-13',2017,2,6,24,13,3),('2017-06-14',2017,2,6,24,14,4),('2017-06-15',2017,2,6,24,15,5),('2017-06-16',2017,2,6,24,16,6),('2017-06-17',2017,2,6,24,17,7),('2017-06-18',2017,2,6,24,18,1),('2017-06-19',2017,2,6,25,19,2),('2017-06-20',2017,2,6,25,20,3),('2017-06-21',2017,2,6,25,21,4),('2017-06-22',2017,2,6,25,22,5),('2017-06-23',2017,2,6,25,23,6),('2017-06-24',2017,2,6,25,24,7),('2017-06-25',2017,2,6,25,25,1),('2017-06-26',2017,2,6,26,26,2),('2017-06-27',2017,2,6,26,27,3),('2017-06-28',2017,2,6,26,28,4),('2017-06-29',2017,2,6,26,29,5),('2017-06-30',2017,2,6,26,30,6),('2017-07-01',2017,3,7,26,1,7),('2017-07-02',2017,3,7,26,2,1),('2017-07-03',2017,3,7,27,3,2),('2017-07-04',2017,3,7,27,4,3),('2017-07-05',2017,3,7,27,5,4),('2017-07-06',2017,3,7,27,6,5),('2017-07-07',2017,3,7,27,7,6),('2017-07-08',2017,3,7,27,8,7),('2017-07-09',2017,3,7,27,9,1),('2017-07-10',2017,3,7,28,10,2),('2017-07-11',2017,3,7,28,11,3),('2017-07-12',2017,3,7,28,12,4),('2017-07-13',2017,3,7,28,13,5),('2017-07-14',2017,3,7,28,14,6),('2017-07-15',2017,3,7,28,15,7),('2017-07-16',2017,3,7,28,16,1),('2017-07-17',2017,3,7,29,17,2),('2017-07-18',2017,3,7,29,18,3),('2017-07-19',2017,3,7,29,19,4),('2017-07-20',2017,3,7,29,20,5),('2017-07-21',2017,3,7,29,21,6),('2017-07-22',2017,3,7,29,22,7),('2017-07-23',2017,3,7,29,23,1),('2017-07-24',2017,3,7,30,24,2),('2017-07-25',2017,3,7,30,25,3),('2017-07-26',2017,3,7,30,26,4),('2017-07-27',2017,3,7,30,27,5),('2017-07-28',2017,3,7,30,28,6),('2017-07-29',2017,3,7,30,29,7),('2017-07-30',2017,3,7,30,30,1),('2017-07-31',2017,3,7,31,31,2),('2017-08-01',2017,3,8,31,1,3),('2017-08-02',2017,3,8,31,2,4),('2017-08-03',2017,3,8,31,3,5),('2017-08-04',2017,3,8,31,4,6),('2017-08-05',2017,3,8,31,5,7),('2017-08-06',2017,3,8,31,6,1),('2017-08-07',2017,3,8,32,7,2),('2017-08-08',2017,3,8,32,8,3),('2017-08-09',2017,3,8,32,9,4),('2017-08-10',2017,3,8,32,10,5),('2017-08-11',2017,3,8,32,11,6),('2017-08-12',2017,3,8,32,12,7),('2017-08-13',2017,3,8,32,13,1),('2017-08-14',2017,3,8,33,14,2),('2017-08-15',2017,3,8,33,15,3),('2017-08-16',2017,3,8,33,16,4),('2017-08-17',2017,3,8,33,17,5),('2017-08-18',2017,3,8,33,18,6),('2017-08-19',2017,3,8,33,19,7),('2017-08-20',2017,3,8,33,20,1),('2017-08-21',2017,3,8,34,21,2),('2017-08-22',2017,3,8,34,22,3),('2017-08-23',2017,3,8,34,23,4),('2017-08-24',2017,3,8,34,24,5),('2017-08-25',2017,3,8,34,25,6),('2017-08-26',2017,3,8,34,26,7),('2017-08-27',2017,3,8,34,27,1),('2017-08-28',2017,3,8,35,28,2),('2017-08-29',2017,3,8,35,29,3),('2017-08-30',2017,3,8,35,30,4),('2017-08-31',2017,3,8,35,31,5),('2017-09-01',2017,3,9,35,1,6),('2017-09-02',2017,3,9,35,2,7),('2017-09-03',2017,3,9,35,3,1),('2017-09-04',2017,3,9,36,4,2),('2017-09-05',2017,3,9,36,5,3),('2017-09-06',2017,3,9,36,6,4),('2017-09-07',2017,3,9,36,7,5),('2017-09-08',2017,3,9,36,8,6),('2017-09-09',2017,3,9,36,9,7),('2017-09-10',2017,3,9,36,10,1),('2017-09-11',2017,3,9,37,11,2),('2017-09-12',2017,3,9,37,12,3),('2017-09-13',2017,3,9,37,13,4),('2017-09-14',2017,3,9,37,14,5),('2017-09-15',2017,3,9,37,15,6),('2017-09-16',2017,3,9,37,16,7),('2017-09-17',2017,3,9,37,17,1),('2017-09-18',2017,3,9,38,18,2),('2017-09-19',2017,3,9,38,19,3),('2017-09-20',2017,3,9,38,20,4),('2017-09-21',2017,3,9,38,21,5),('2017-09-22',2017,3,9,38,22,6),('2017-09-23',2017,3,9,38,23,7),('2017-09-24',2017,3,9,38,24,1),('2017-09-25',2017,3,9,39,25,2),('2017-09-26',2017,3,9,39,26,3),('2017-09-27',2017,3,9,39,27,4),('2017-09-28',2017,3,9,39,28,5),('2017-09-29',2017,3,9,39,29,6),('2017-09-30',2017,3,9,39,30,7),('2017-10-01',2017,4,10,39,1,1),('2017-10-02',2017,4,10,40,2,2),('2017-10-03',2017,4,10,40,3,3),('2017-10-04',2017,4,10,40,4,4),('2017-10-05',2017,4,10,40,5,5),('2017-10-06',2017,4,10,40,6,6),('2017-10-07',2017,4,10,40,7,7),('2017-10-08',2017,4,10,40,8,1),('2017-10-09',2017,4,10,41,9,2),('2017-10-10',2017,4,10,41,10,3),('2017-10-11',2017,4,10,41,11,4),('2017-10-12',2017,4,10,41,12,5),('2017-10-13',2017,4,10,41,13,6),('2017-10-14',2017,4,10,41,14,7),('2017-10-15',2017,4,10,41,15,1),('2017-10-16',2017,4,10,42,16,2),('2017-10-17',2017,4,10,42,17,3),('2017-10-18',2017,4,10,42,18,4),('2017-10-19',2017,4,10,42,19,5),('2017-10-20',2017,4,10,42,20,6),('2017-10-21',2017,4,10,42,21,7),('2017-10-22',2017,4,10,42,22,1),('2017-10-23',2017,4,10,43,23,2),('2017-10-24',2017,4,10,43,24,3),('2017-10-25',2017,4,10,43,25,4),('2017-10-26',2017,4,10,43,26,5),('2017-10-27',2017,4,10,43,27,6),('2017-10-28',2017,4,10,43,28,7),('2017-10-29',2017,4,10,43,29,1),('2017-10-30',2017,4,10,44,30,2),('2017-10-31',2017,4,10,44,31,3),('2017-11-01',2017,4,11,44,1,4),('2017-11-02',2017,4,11,44,2,5),('2017-11-03',2017,4,11,44,3,6),('2017-11-04',2017,4,11,44,4,7),('2017-11-05',2017,4,11,44,5,1),('2017-11-06',2017,4,11,45,6,2),('2017-11-07',2017,4,11,45,7,3),('2017-11-08',2017,4,11,45,8,4),('2017-11-09',2017,4,11,45,9,5),('2017-11-10',2017,4,11,45,10,6),('2017-11-11',2017,4,11,45,11,7),('2017-11-12',2017,4,11,45,12,1),('2017-11-13',2017,4,11,46,13,2),('2017-11-14',2017,4,11,46,14,3),('2017-11-15',2017,4,11,46,15,4),('2017-11-16',2017,4,11,46,16,5),('2017-11-17',2017,4,11,46,17,6),('2017-11-18',2017,4,11,46,18,7),('2017-11-19',2017,4,11,46,19,1),('2017-11-20',2017,4,11,47,20,2),('2017-11-21',2017,4,11,47,21,3),('2017-11-22',2017,4,11,47,22,4),('2017-11-23',2017,4,11,47,23,5),('2017-11-24',2017,4,11,47,24,6),('2017-11-25',2017,4,11,47,25,7),('2017-11-26',2017,4,11,47,26,1),('2017-11-27',2017,4,11,48,27,2),('2017-11-28',2017,4,11,48,28,3),('2017-11-29',2017,4,11,48,29,4),('2017-11-30',2017,4,11,48,30,5),('2017-12-01',2017,4,12,48,1,6),('2017-12-02',2017,4,12,48,2,7),('2017-12-03',2017,4,12,48,3,1),('2017-12-04',2017,4,12,49,4,2),('2017-12-05',2017,4,12,49,5,3),('2017-12-06',2017,4,12,49,6,4),('2017-12-07',2017,4,12,49,7,5),('2017-12-08',2017,4,12,49,8,6),('2017-12-09',2017,4,12,49,9,7),('2017-12-10',2017,4,12,49,10,1),('2017-12-11',2017,4,12,50,11,2),('2017-12-12',2017,4,12,50,12,3),('2017-12-13',2017,4,12,50,13,4),('2017-12-14',2017,4,12,50,14,5),('2017-12-15',2017,4,12,50,15,6),('2017-12-16',2017,4,12,50,16,7),('2017-12-17',2017,4,12,50,17,1),('2017-12-18',2017,4,12,51,18,2),('2017-12-19',2017,4,12,51,19,3),('2017-12-20',2017,4,12,51,20,4),('2017-12-21',2017,4,12,51,21,5),('2017-12-22',2017,4,12,51,22,6),('2017-12-23',2017,4,12,51,23,7),('2017-12-24',2017,4,12,51,24,1),('2017-12-25',2017,4,12,52,25,2),('2017-12-26',2017,4,12,52,26,3),('2017-12-27',2017,4,12,52,27,4),('2017-12-28',2017,4,12,52,28,5),('2017-12-29',2017,4,12,52,29,6),('2017-12-30',2017,4,12,52,30,7),('2017-12-31',2017,4,12,52,31,1),('2018-01-01',2018,1,1,1,1,2),('2018-01-02',2018,1,1,1,2,3),('2018-01-03',2018,1,1,1,3,4),('2018-01-04',2018,1,1,1,4,5),('2018-01-05',2018,1,1,1,5,6),('2018-01-06',2018,1,1,1,6,7),('2018-01-07',2018,1,1,1,7,1),('2018-01-08',2018,1,1,2,8,2),('2018-01-09',2018,1,1,2,9,3),('2018-01-10',2018,1,1,2,10,4),('2018-01-11',2018,1,1,2,11,5),('2018-01-12',2018,1,1,2,12,6),('2018-01-13',2018,1,1,2,13,7),('2018-01-14',2018,1,1,2,14,1),('2018-01-15',2018,1,1,3,15,2),('2018-01-16',2018,1,1,3,16,3),('2018-01-17',2018,1,1,3,17,4),('2018-01-18',2018,1,1,3,18,5),('2018-01-19',2018,1,1,3,19,6),('2018-01-20',2018,1,1,3,20,7),('2018-01-21',2018,1,1,3,21,1),('2018-01-22',2018,1,1,4,22,2),('2018-01-23',2018,1,1,4,23,3),('2018-01-24',2018,1,1,4,24,4),('2018-01-25',2018,1,1,4,25,5),('2018-01-26',2018,1,1,4,26,6),('2018-01-27',2018,1,1,4,27,7),('2018-01-28',2018,1,1,4,28,1),('2018-01-29',2018,1,1,5,29,2),('2018-01-30',2018,1,1,5,30,3),('2018-01-31',2018,1,1,5,31,4),('2018-02-01',2018,1,2,5,1,5),('2018-02-02',2018,1,2,5,2,6),('2018-02-03',2018,1,2,5,3,7),('2018-02-04',2018,1,2,5,4,1),('2018-02-05',2018,1,2,6,5,2),('2018-02-06',2018,1,2,6,6,3),('2018-02-07',2018,1,2,6,7,4),('2018-02-08',2018,1,2,6,8,5),('2018-02-09',2018,1,2,6,9,6),('2018-02-10',2018,1,2,6,10,7),('2018-02-11',2018,1,2,6,11,1),('2018-02-12',2018,1,2,7,12,2),('2018-02-13',2018,1,2,7,13,3),('2018-02-14',2018,1,2,7,14,4),('2018-02-15',2018,1,2,7,15,5),('2018-02-16',2018,1,2,7,16,6),('2018-02-17',2018,1,2,7,17,7),('2018-02-18',2018,1,2,7,18,1),('2018-02-19',2018,1,2,8,19,2),('2018-02-20',2018,1,2,8,20,3),('2018-02-21',2018,1,2,8,21,4),('2018-02-22',2018,1,2,8,22,5),('2018-02-23',2018,1,2,8,23,6),('2018-02-24',2018,1,2,8,24,7),('2018-02-25',2018,1,2,8,25,1),('2018-02-26',2018,1,2,9,26,2),('2018-02-27',2018,1,2,9,27,3),('2018-02-28',2018,1,2,9,28,4),('2018-03-01',2018,1,3,9,1,5),('2018-03-02',2018,1,3,9,2,6),('2018-03-03',2018,1,3,9,3,7),('2018-03-04',2018,1,3,9,4,1),('2018-03-05',2018,1,3,10,5,2),('2018-03-06',2018,1,3,10,6,3),('2018-03-07',2018,1,3,10,7,4),('2018-03-08',2018,1,3,10,8,5),('2018-03-09',2018,1,3,10,9,6),('2018-03-10',2018,1,3,10,10,7),('2018-03-11',2018,1,3,10,11,1),('2018-03-12',2018,1,3,11,12,2),('2018-03-13',2018,1,3,11,13,3),('2018-03-14',2018,1,3,11,14,4),('2018-03-15',2018,1,3,11,15,5),('2018-03-16',2018,1,3,11,16,6),('2018-03-17',2018,1,3,11,17,7),('2018-03-18',2018,1,3,11,18,1),('2018-03-19',2018,1,3,12,19,2),('2018-03-20',2018,1,3,12,20,3),('2018-03-21',2018,1,3,12,21,4),('2018-03-22',2018,1,3,12,22,5),('2018-03-23',2018,1,3,12,23,6),('2018-03-24',2018,1,3,12,24,7),('2018-03-25',2018,1,3,12,25,1),('2018-03-26',2018,1,3,13,26,2),('2018-03-27',2018,1,3,13,27,3),('2018-03-28',2018,1,3,13,28,4),('2018-03-29',2018,1,3,13,29,5),('2018-03-30',2018,1,3,13,30,6),('2018-03-31',2018,1,3,13,31,7),('2018-04-01',2018,2,4,13,1,1),('2018-04-02',2018,2,4,14,2,2),('2018-04-03',2018,2,4,14,3,3),('2018-04-04',2018,2,4,14,4,4),('2018-04-05',2018,2,4,14,5,5),('2018-04-06',2018,2,4,14,6,6),('2018-04-07',2018,2,4,14,7,7),('2018-04-08',2018,2,4,14,8,1),('2018-04-09',2018,2,4,15,9,2),('2018-04-10',2018,2,4,15,10,3),('2018-04-11',2018,2,4,15,11,4),('2018-04-12',2018,2,4,15,12,5),('2018-04-13',2018,2,4,15,13,6),('2018-04-14',2018,2,4,15,14,7),('2018-04-15',2018,2,4,15,15,1),('2018-04-16',2018,2,4,16,16,2),('2018-04-17',2018,2,4,16,17,3),('2018-04-18',2018,2,4,16,18,4),('2018-04-19',2018,2,4,16,19,5),('2018-04-20',2018,2,4,16,20,6),('2018-04-21',2018,2,4,16,21,7),('2018-04-22',2018,2,4,16,22,1),('2018-04-23',2018,2,4,17,23,2),('2018-04-24',2018,2,4,17,24,3),('2018-04-25',2018,2,4,17,25,4),('2018-04-26',2018,2,4,17,26,5),('2018-04-27',2018,2,4,17,27,6),('2018-04-28',2018,2,4,17,28,7),('2018-04-29',2018,2,4,17,29,1),('2018-04-30',2018,2,4,18,30,2),('2018-05-01',2018,2,5,18,1,3),('2018-05-02',2018,2,5,18,2,4),('2018-05-03',2018,2,5,18,3,5),('2018-05-04',2018,2,5,18,4,6),('2018-05-05',2018,2,5,18,5,7),('2018-05-06',2018,2,5,18,6,1),('2018-05-07',2018,2,5,19,7,2),('2018-05-08',2018,2,5,19,8,3),('2018-05-09',2018,2,5,19,9,4),('2018-05-10',2018,2,5,19,10,5),('2018-05-11',2018,2,5,19,11,6),('2018-05-12',2018,2,5,19,12,7),('2018-05-13',2018,2,5,19,13,1),('2018-05-14',2018,2,5,20,14,2),('2018-05-15',2018,2,5,20,15,3),('2018-05-16',2018,2,5,20,16,4),('2018-05-17',2018,2,5,20,17,5),('2018-05-18',2018,2,5,20,18,6),('2018-05-19',2018,2,5,20,19,7),('2018-05-20',2018,2,5,20,20,1),('2018-05-21',2018,2,5,21,21,2),('2018-05-22',2018,2,5,21,22,3),('2018-05-23',2018,2,5,21,23,4),('2018-05-24',2018,2,5,21,24,5),('2018-05-25',2018,2,5,21,25,6),('2018-05-26',2018,2,5,21,26,7),('2018-05-27',2018,2,5,21,27,1),('2018-05-28',2018,2,5,22,28,2),('2018-05-29',2018,2,5,22,29,3),('2018-05-30',2018,2,5,22,30,4),('2018-05-31',2018,2,5,22,31,5),('2018-06-01',2018,2,6,22,1,6),('2018-06-02',2018,2,6,22,2,7),('2018-06-03',2018,2,6,22,3,1),('2018-06-04',2018,2,6,23,4,2),('2018-06-05',2018,2,6,23,5,3),('2018-06-06',2018,2,6,23,6,4),('2018-06-07',2018,2,6,23,7,5),('2018-06-08',2018,2,6,23,8,6),('2018-06-09',2018,2,6,23,9,7),('2018-06-10',2018,2,6,23,10,1),('2018-06-11',2018,2,6,24,11,2),('2018-06-12',2018,2,6,24,12,3),('2018-06-13',2018,2,6,24,13,4),('2018-06-14',2018,2,6,24,14,5),('2018-06-15',2018,2,6,24,15,6),('2018-06-16',2018,2,6,24,16,7),('2018-06-17',2018,2,6,24,17,1),('2018-06-18',2018,2,6,25,18,2),('2018-06-19',2018,2,6,25,19,3),('2018-06-20',2018,2,6,25,20,4),('2018-06-21',2018,2,6,25,21,5),('2018-06-22',2018,2,6,25,22,6),('2018-06-23',2018,2,6,25,23,7),('2018-06-24',2018,2,6,25,24,1),('2018-06-25',2018,2,6,26,25,2),('2018-06-26',2018,2,6,26,26,3),('2018-06-27',2018,2,6,26,27,4),('2018-06-28',2018,2,6,26,28,5),('2018-06-29',2018,2,6,26,29,6),('2018-06-30',2018,2,6,26,30,7),('2018-07-01',2018,3,7,26,1,1),('2018-07-02',2018,3,7,27,2,2),('2018-07-03',2018,3,7,27,3,3),('2018-07-04',2018,3,7,27,4,4),('2018-07-05',2018,3,7,27,5,5),('2018-07-06',2018,3,7,27,6,6),('2018-07-07',2018,3,7,27,7,7),('2018-07-08',2018,3,7,27,8,1),('2018-07-09',2018,3,7,28,9,2),('2018-07-10',2018,3,7,28,10,3),('2018-07-11',2018,3,7,28,11,4),('2018-07-12',2018,3,7,28,12,5),('2018-07-13',2018,3,7,28,13,6),('2018-07-14',2018,3,7,28,14,7),('2018-07-15',2018,3,7,28,15,1),('2018-07-16',2018,3,7,29,16,2),('2018-07-17',2018,3,7,29,17,3),('2018-07-18',2018,3,7,29,18,4),('2018-07-19',2018,3,7,29,19,5),('2018-07-20',2018,3,7,29,20,6),('2018-07-21',2018,3,7,29,21,7),('2018-07-22',2018,3,7,29,22,1),('2018-07-23',2018,3,7,30,23,2),('2018-07-24',2018,3,7,30,24,3),('2018-07-25',2018,3,7,30,25,4),('2018-07-26',2018,3,7,30,26,5),('2018-07-27',2018,3,7,30,27,6),('2018-07-28',2018,3,7,30,28,7),('2018-07-29',2018,3,7,30,29,1),('2018-07-30',2018,3,7,31,30,2),('2018-07-31',2018,3,7,31,31,3),('2018-08-01',2018,3,8,31,1,4),('2018-08-02',2018,3,8,31,2,5),('2018-08-03',2018,3,8,31,3,6),('2018-08-04',2018,3,8,31,4,7),('2018-08-05',2018,3,8,31,5,1),('2018-08-06',2018,3,8,32,6,2),('2018-08-07',2018,3,8,32,7,3),('2018-08-08',2018,3,8,32,8,4),('2018-08-09',2018,3,8,32,9,5),('2018-08-10',2018,3,8,32,10,6),('2018-08-11',2018,3,8,32,11,7),('2018-08-12',2018,3,8,32,12,1),('2018-08-13',2018,3,8,33,13,2),('2018-08-14',2018,3,8,33,14,3),('2018-08-15',2018,3,8,33,15,4),('2018-08-16',2018,3,8,33,16,5),('2018-08-17',2018,3,8,33,17,6),('2018-08-18',2018,3,8,33,18,7),('2018-08-19',2018,3,8,33,19,1),('2018-08-20',2018,3,8,34,20,2),('2018-08-21',2018,3,8,34,21,3),('2018-08-22',2018,3,8,34,22,4),('2018-08-23',2018,3,8,34,23,5),('2018-08-24',2018,3,8,34,24,6),('2018-08-25',2018,3,8,34,25,7),('2018-08-26',2018,3,8,34,26,1),('2018-08-27',2018,3,8,35,27,2),('2018-08-28',2018,3,8,35,28,3),('2018-08-29',2018,3,8,35,29,4),('2018-08-30',2018,3,8,35,30,5),('2018-08-31',2018,3,8,35,31,6),('2018-09-01',2018,3,9,35,1,7),('2018-09-02',2018,3,9,35,2,1),('2018-09-03',2018,3,9,36,3,2),('2018-09-04',2018,3,9,36,4,3),('2018-09-05',2018,3,9,36,5,4),('2018-09-06',2018,3,9,36,6,5),('2018-09-07',2018,3,9,36,7,6),('2018-09-08',2018,3,9,36,8,7),('2018-09-09',2018,3,9,36,9,1),('2018-09-10',2018,3,9,37,10,2),('2018-09-11',2018,3,9,37,11,3),('2018-09-12',2018,3,9,37,12,4),('2018-09-13',2018,3,9,37,13,5),('2018-09-14',2018,3,9,37,14,6),('2018-09-15',2018,3,9,37,15,7),('2018-09-16',2018,3,9,37,16,1),('2018-09-17',2018,3,9,38,17,2),('2018-09-18',2018,3,9,38,18,3),('2018-09-19',2018,3,9,38,19,4),('2018-09-20',2018,3,9,38,20,5),('2018-09-21',2018,3,9,38,21,6),('2018-09-22',2018,3,9,38,22,7),('2018-09-23',2018,3,9,38,23,1),('2018-09-24',2018,3,9,39,24,2),('2018-09-25',2018,3,9,39,25,3),('2018-09-26',2018,3,9,39,26,4),('2018-09-27',2018,3,9,39,27,5),('2018-09-28',2018,3,9,39,28,6),('2018-09-29',2018,3,9,39,29,7),('2018-09-30',2018,3,9,39,30,1),('2018-10-01',2018,4,10,40,1,2),('2018-10-02',2018,4,10,40,2,3),('2018-10-03',2018,4,10,40,3,4),('2018-10-04',2018,4,10,40,4,5),('2018-10-05',2018,4,10,40,5,6),('2018-10-06',2018,4,10,40,6,7),('2018-10-07',2018,4,10,40,7,1),('2018-10-08',2018,4,10,41,8,2),('2018-10-09',2018,4,10,41,9,3),('2018-10-10',2018,4,10,41,10,4),('2018-10-11',2018,4,10,41,11,5),('2018-10-12',2018,4,10,41,12,6),('2018-10-13',2018,4,10,41,13,7),('2018-10-14',2018,4,10,41,14,1),('2018-10-15',2018,4,10,42,15,2),('2018-10-16',2018,4,10,42,16,3),('2018-10-17',2018,4,10,42,17,4),('2018-10-18',2018,4,10,42,18,5),('2018-10-19',2018,4,10,42,19,6),('2018-10-20',2018,4,10,42,20,7),('2018-10-21',2018,4,10,42,21,1),('2018-10-22',2018,4,10,43,22,2),('2018-10-23',2018,4,10,43,23,3),('2018-10-24',2018,4,10,43,24,4),('2018-10-25',2018,4,10,43,25,5),('2018-10-26',2018,4,10,43,26,6),('2018-10-27',2018,4,10,43,27,7),('2018-10-28',2018,4,10,43,28,1),('2018-10-29',2018,4,10,44,29,2),('2018-10-30',2018,4,10,44,30,3),('2018-10-31',2018,4,10,44,31,4),('2018-11-01',2018,4,11,44,1,5),('2018-11-02',2018,4,11,44,2,6),('2018-11-03',2018,4,11,44,3,7),('2018-11-04',2018,4,11,44,4,1),('2018-11-05',2018,4,11,45,5,2),('2018-11-06',2018,4,11,45,6,3),('2018-11-07',2018,4,11,45,7,4),('2018-11-08',2018,4,11,45,8,5),('2018-11-09',2018,4,11,45,9,6),('2018-11-10',2018,4,11,45,10,7),('2018-11-11',2018,4,11,45,11,1),('2018-11-12',2018,4,11,46,12,2),('2018-11-13',2018,4,11,46,13,3),('2018-11-14',2018,4,11,46,14,4),('2018-11-15',2018,4,11,46,15,5),('2018-11-16',2018,4,11,46,16,6),('2018-11-17',2018,4,11,46,17,7),('2018-11-18',2018,4,11,46,18,1),('2018-11-19',2018,4,11,47,19,2),('2018-11-20',2018,4,11,47,20,3),('2018-11-21',2018,4,11,47,21,4),('2018-11-22',2018,4,11,47,22,5),('2018-11-23',2018,4,11,47,23,6),('2018-11-24',2018,4,11,47,24,7),('2018-11-25',2018,4,11,47,25,1),('2018-11-26',2018,4,11,48,26,2),('2018-11-27',2018,4,11,48,27,3),('2018-11-28',2018,4,11,48,28,4),('2018-11-29',2018,4,11,48,29,5),('2018-11-30',2018,4,11,48,30,6),('2018-12-01',2018,4,12,48,1,7),('2018-12-02',2018,4,12,48,2,1),('2018-12-03',2018,4,12,49,3,2),('2018-12-04',2018,4,12,49,4,3),('2018-12-05',2018,4,12,49,5,4),('2018-12-06',2018,4,12,49,6,5),('2018-12-07',2018,4,12,49,7,6),('2018-12-08',2018,4,12,49,8,7),('2018-12-09',2018,4,12,49,9,1),('2018-12-10',2018,4,12,50,10,2),('2018-12-11',2018,4,12,50,11,3),('2018-12-12',2018,4,12,50,12,4),('2018-12-13',2018,4,12,50,13,5),('2018-12-14',2018,4,12,50,14,6),('2018-12-15',2018,4,12,50,15,7),('2018-12-16',2018,4,12,50,16,1),('2018-12-17',2018,4,12,51,17,2),('2018-12-18',2018,4,12,51,18,3),('2018-12-19',2018,4,12,51,19,4),('2018-12-20',2018,4,12,51,20,5),('2018-12-21',2018,4,12,51,21,6),('2018-12-22',2018,4,12,51,22,7),('2018-12-23',2018,4,12,51,23,1),('2018-12-24',2018,4,12,52,24,2),('2018-12-25',2018,4,12,52,25,3),('2018-12-26',2018,4,12,52,26,4),('2018-12-27',2018,4,12,52,27,5),('2018-12-28',2018,4,12,52,28,6),('2018-12-29',2018,4,12,52,29,7),('2018-12-30',2018,4,12,52,30,1),('2018-12-31',2018,4,12,53,31,2),('2019-01-01',2019,1,1,1,1,3),('2019-01-02',2019,1,1,1,2,4),('2019-01-03',2019,1,1,1,3,5),('2019-01-04',2019,1,1,1,4,6),('2019-01-05',2019,1,1,1,5,7),('2019-01-06',2019,1,1,1,6,1),('2019-01-07',2019,1,1,2,7,2),('2019-01-08',2019,1,1,2,8,3),('2019-01-09',2019,1,1,2,9,4),('2019-01-10',2019,1,1,2,10,5),('2019-01-11',2019,1,1,2,11,6),('2019-01-12',2019,1,1,2,12,7),('2019-01-13',2019,1,1,2,13,1),('2019-01-14',2019,1,1,3,14,2),('2019-01-15',2019,1,1,3,15,3),('2019-01-16',2019,1,1,3,16,4),('2019-01-17',2019,1,1,3,17,5),('2019-01-18',2019,1,1,3,18,6),('2019-01-19',2019,1,1,3,19,7),('2019-01-20',2019,1,1,3,20,1),('2019-01-21',2019,1,1,4,21,2),('2019-01-22',2019,1,1,4,22,3),('2019-01-23',2019,1,1,4,23,4),('2019-01-24',2019,1,1,4,24,5),('2019-01-25',2019,1,1,4,25,6),('2019-01-26',2019,1,1,4,26,7),('2019-01-27',2019,1,1,4,27,1),('2019-01-28',2019,1,1,5,28,2),('2019-01-29',2019,1,1,5,29,3),('2019-01-30',2019,1,1,5,30,4),('2019-01-31',2019,1,1,5,31,5),('2019-02-01',2019,1,2,5,1,6),('2019-02-02',2019,1,2,5,2,7),('2019-02-03',2019,1,2,5,3,1),('2019-02-04',2019,1,2,6,4,2),('2019-02-05',2019,1,2,6,5,3),('2019-02-06',2019,1,2,6,6,4),('2019-02-07',2019,1,2,6,7,5),('2019-02-08',2019,1,2,6,8,6),('2019-02-09',2019,1,2,6,9,7),('2019-02-10',2019,1,2,6,10,1),('2019-02-11',2019,1,2,7,11,2),('2019-02-12',2019,1,2,7,12,3),('2019-02-13',2019,1,2,7,13,4),('2019-02-14',2019,1,2,7,14,5),('2019-02-15',2019,1,2,7,15,6),('2019-02-16',2019,1,2,7,16,7),('2019-02-17',2019,1,2,7,17,1),('2019-02-18',2019,1,2,8,18,2),('2019-02-19',2019,1,2,8,19,3),('2019-02-20',2019,1,2,8,20,4),('2019-02-21',2019,1,2,8,21,5),('2019-02-22',2019,1,2,8,22,6),('2019-02-23',2019,1,2,8,23,7),('2019-02-24',2019,1,2,8,24,1),('2019-02-25',2019,1,2,9,25,2),('2019-02-26',2019,1,2,9,26,3),('2019-02-27',2019,1,2,9,27,4),('2019-02-28',2019,1,2,9,28,5),('2019-03-01',2019,1,3,9,1,6),('2019-03-02',2019,1,3,9,2,7),('2019-03-03',2019,1,3,9,3,1),('2019-03-04',2019,1,3,10,4,2),('2019-03-05',2019,1,3,10,5,3),('2019-03-06',2019,1,3,10,6,4),('2019-03-07',2019,1,3,10,7,5),('2019-03-08',2019,1,3,10,8,6),('2019-03-09',2019,1,3,10,9,7),('2019-03-10',2019,1,3,10,10,1),('2019-03-11',2019,1,3,11,11,2),('2019-03-12',2019,1,3,11,12,3),('2019-03-13',2019,1,3,11,13,4),('2019-03-14',2019,1,3,11,14,5),('2019-03-15',2019,1,3,11,15,6),('2019-03-16',2019,1,3,11,16,7),('2019-03-17',2019,1,3,11,17,1),('2019-03-18',2019,1,3,12,18,2),('2019-03-19',2019,1,3,12,19,3),('2019-03-20',2019,1,3,12,20,4),('2019-03-21',2019,1,3,12,21,5),('2019-03-22',2019,1,3,12,22,6),('2019-03-23',2019,1,3,12,23,7),('2019-03-24',2019,1,3,12,24,1),('2019-03-25',2019,1,3,13,25,2),('2019-03-26',2019,1,3,13,26,3),('2019-03-27',2019,1,3,13,27,4),('2019-03-28',2019,1,3,13,28,5),('2019-03-29',2019,1,3,13,29,6),('2019-03-30',2019,1,3,13,30,7),('2019-03-31',2019,1,3,13,31,1),('2019-04-01',2019,2,4,14,1,2),('2019-04-02',2019,2,4,14,2,3),('2019-04-03',2019,2,4,14,3,4),('2019-04-04',2019,2,4,14,4,5),('2019-04-05',2019,2,4,14,5,6),('2019-04-06',2019,2,4,14,6,7),('2019-04-07',2019,2,4,14,7,1),('2019-04-08',2019,2,4,15,8,2),('2019-04-09',2019,2,4,15,9,3),('2019-04-10',2019,2,4,15,10,4),('2019-04-11',2019,2,4,15,11,5),('2019-04-12',2019,2,4,15,12,6),('2019-04-13',2019,2,4,15,13,7),('2019-04-14',2019,2,4,15,14,1),('2019-04-15',2019,2,4,16,15,2),('2019-04-16',2019,2,4,16,16,3),('2019-04-17',2019,2,4,16,17,4),('2019-04-18',2019,2,4,16,18,5),('2019-04-19',2019,2,4,16,19,6),('2019-04-20',2019,2,4,16,20,7),('2019-04-21',2019,2,4,16,21,1),('2019-04-22',2019,2,4,17,22,2),('2019-04-23',2019,2,4,17,23,3),('2019-04-24',2019,2,4,17,24,4),('2019-04-25',2019,2,4,17,25,5),('2019-04-26',2019,2,4,17,26,6),('2019-04-27',2019,2,4,17,27,7),('2019-04-28',2019,2,4,17,28,1),('2019-04-29',2019,2,4,18,29,2),('2019-04-30',2019,2,4,18,30,3),('2019-05-01',2019,2,5,18,1,4),('2019-05-02',2019,2,5,18,2,5),('2019-05-03',2019,2,5,18,3,6),('2019-05-04',2019,2,5,18,4,7),('2019-05-05',2019,2,5,18,5,1),('2019-05-06',2019,2,5,19,6,2),('2019-05-07',2019,2,5,19,7,3),('2019-05-08',2019,2,5,19,8,4),('2019-05-09',2019,2,5,19,9,5),('2019-05-10',2019,2,5,19,10,6),('2019-05-11',2019,2,5,19,11,7),('2019-05-12',2019,2,5,19,12,1),('2019-05-13',2019,2,5,20,13,2),('2019-05-14',2019,2,5,20,14,3),('2019-05-15',2019,2,5,20,15,4),('2019-05-16',2019,2,5,20,16,5),('2019-05-17',2019,2,5,20,17,6),('2019-05-18',2019,2,5,20,18,7),('2019-05-19',2019,2,5,20,19,1),('2019-05-20',2019,2,5,21,20,2),('2019-05-21',2019,2,5,21,21,3),('2019-05-22',2019,2,5,21,22,4),('2019-05-23',2019,2,5,21,23,5),('2019-05-24',2019,2,5,21,24,6),('2019-05-25',2019,2,5,21,25,7),('2019-05-26',2019,2,5,21,26,1),('2019-05-27',2019,2,5,22,27,2),('2019-05-28',2019,2,5,22,28,3),('2019-05-29',2019,2,5,22,29,4),('2019-05-30',2019,2,5,22,30,5),('2019-05-31',2019,2,5,22,31,6),('2019-06-01',2019,2,6,22,1,7),('2019-06-02',2019,2,6,22,2,1),('2019-06-03',2019,2,6,23,3,2),('2019-06-04',2019,2,6,23,4,3),('2019-06-05',2019,2,6,23,5,4),('2019-06-06',2019,2,6,23,6,5),('2019-06-07',2019,2,6,23,7,6),('2019-06-08',2019,2,6,23,8,7),('2019-06-09',2019,2,6,23,9,1),('2019-06-10',2019,2,6,24,10,2),('2019-06-11',2019,2,6,24,11,3),('2019-06-12',2019,2,6,24,12,4),('2019-06-13',2019,2,6,24,13,5),('2019-06-14',2019,2,6,24,14,6),('2019-06-15',2019,2,6,24,15,7),('2019-06-16',2019,2,6,24,16,1),('2019-06-17',2019,2,6,25,17,2),('2019-06-18',2019,2,6,25,18,3),('2019-06-19',2019,2,6,25,19,4),('2019-06-20',2019,2,6,25,20,5),('2019-06-21',2019,2,6,25,21,6),('2019-06-22',2019,2,6,25,22,7),('2019-06-23',2019,2,6,25,23,1),('2019-06-24',2019,2,6,26,24,2),('2019-06-25',2019,2,6,26,25,3),('2019-06-26',2019,2,6,26,26,4),('2019-06-27',2019,2,6,26,27,5),('2019-06-28',2019,2,6,26,28,6),('2019-06-29',2019,2,6,26,29,7),('2019-06-30',2019,2,6,26,30,1),('2019-07-01',2019,3,7,27,1,2),('2019-07-02',2019,3,7,27,2,3),('2019-07-03',2019,3,7,27,3,4),('2019-07-04',2019,3,7,27,4,5),('2019-07-05',2019,3,7,27,5,6),('2019-07-06',2019,3,7,27,6,7),('2019-07-07',2019,3,7,27,7,1),('2019-07-08',2019,3,7,28,8,2),('2019-07-09',2019,3,7,28,9,3),('2019-07-10',2019,3,7,28,10,4),('2019-07-11',2019,3,7,28,11,5),('2019-07-12',2019,3,7,28,12,6),('2019-07-13',2019,3,7,28,13,7),('2019-07-14',2019,3,7,28,14,1),('2019-07-15',2019,3,7,29,15,2),('2019-07-16',2019,3,7,29,16,3),('2019-07-17',2019,3,7,29,17,4),('2019-07-18',2019,3,7,29,18,5),('2019-07-19',2019,3,7,29,19,6),('2019-07-20',2019,3,7,29,20,7),('2019-07-21',2019,3,7,29,21,1),('2019-07-22',2019,3,7,30,22,2),('2019-07-23',2019,3,7,30,23,3),('2019-07-24',2019,3,7,30,24,4),('2019-07-25',2019,3,7,30,25,5),('2019-07-26',2019,3,7,30,26,6),('2019-07-27',2019,3,7,30,27,7),('2019-07-28',2019,3,7,30,28,1),('2019-07-29',2019,3,7,31,29,2),('2019-07-30',2019,3,7,31,30,3),('2019-07-31',2019,3,7,31,31,4),('2019-08-01',2019,3,8,31,1,5),('2019-08-02',2019,3,8,31,2,6),('2019-08-03',2019,3,8,31,3,7),('2019-08-04',2019,3,8,31,4,1),('2019-08-05',2019,3,8,32,5,2),('2019-08-06',2019,3,8,32,6,3),('2019-08-07',2019,3,8,32,7,4),('2019-08-08',2019,3,8,32,8,5),('2019-08-09',2019,3,8,32,9,6),('2019-08-10',2019,3,8,32,10,7),('2019-08-11',2019,3,8,32,11,1),('2019-08-12',2019,3,8,33,12,2),('2019-08-13',2019,3,8,33,13,3),('2019-08-14',2019,3,8,33,14,4),('2019-08-15',2019,3,8,33,15,5),('2019-08-16',2019,3,8,33,16,6),('2019-08-17',2019,3,8,33,17,7),('2019-08-18',2019,3,8,33,18,1),('2019-08-19',2019,3,8,34,19,2),('2019-08-20',2019,3,8,34,20,3),('2019-08-21',2019,3,8,34,21,4),('2019-08-22',2019,3,8,34,22,5),('2019-08-23',2019,3,8,34,23,6),('2019-08-24',2019,3,8,34,24,7),('2019-08-25',2019,3,8,34,25,1),('2019-08-26',2019,3,8,35,26,2),('2019-08-27',2019,3,8,35,27,3),('2019-08-28',2019,3,8,35,28,4),('2019-08-29',2019,3,8,35,29,5),('2019-08-30',2019,3,8,35,30,6),('2019-08-31',2019,3,8,35,31,7),('2019-09-01',2019,3,9,35,1,1),('2019-09-02',2019,3,9,36,2,2),('2019-09-03',2019,3,9,36,3,3),('2019-09-04',2019,3,9,36,4,4),('2019-09-05',2019,3,9,36,5,5),('2019-09-06',2019,3,9,36,6,6),('2019-09-07',2019,3,9,36,7,7),('2019-09-08',2019,3,9,36,8,1),('2019-09-09',2019,3,9,37,9,2),('2019-09-10',2019,3,9,37,10,3),('2019-09-11',2019,3,9,37,11,4),('2019-09-12',2019,3,9,37,12,5),('2019-09-13',2019,3,9,37,13,6),('2019-09-14',2019,3,9,37,14,7),('2019-09-15',2019,3,9,37,15,1),('2019-09-16',2019,3,9,38,16,2),('2019-09-17',2019,3,9,38,17,3),('2019-09-18',2019,3,9,38,18,4),('2019-09-19',2019,3,9,38,19,5),('2019-09-20',2019,3,9,38,20,6),('2019-09-21',2019,3,9,38,21,7),('2019-09-22',2019,3,9,38,22,1),('2019-09-23',2019,3,9,39,23,2),('2019-09-24',2019,3,9,39,24,3),('2019-09-25',2019,3,9,39,25,4),('2019-09-26',2019,3,9,39,26,5),('2019-09-27',2019,3,9,39,27,6),('2019-09-28',2019,3,9,39,28,7),('2019-09-29',2019,3,9,39,29,1),('2019-09-30',2019,3,9,40,30,2),('2019-10-01',2019,4,10,40,1,3),('2019-10-02',2019,4,10,40,2,4),('2019-10-03',2019,4,10,40,3,5),('2019-10-04',2019,4,10,40,4,6),('2019-10-05',2019,4,10,40,5,7),('2019-10-06',2019,4,10,40,6,1),('2019-10-07',2019,4,10,41,7,2),('2019-10-08',2019,4,10,41,8,3),('2019-10-09',2019,4,10,41,9,4),('2019-10-10',2019,4,10,41,10,5),('2019-10-11',2019,4,10,41,11,6),('2019-10-12',2019,4,10,41,12,7),('2019-10-13',2019,4,10,41,13,1),('2019-10-14',2019,4,10,42,14,2),('2019-10-15',2019,4,10,42,15,3),('2019-10-16',2019,4,10,42,16,4),('2019-10-17',2019,4,10,42,17,5),('2019-10-18',2019,4,10,42,18,6),('2019-10-19',2019,4,10,42,19,7),('2019-10-20',2019,4,10,42,20,1),('2019-10-21',2019,4,10,43,21,2),('2019-10-22',2019,4,10,43,22,3),('2019-10-23',2019,4,10,43,23,4),('2019-10-24',2019,4,10,43,24,5),('2019-10-25',2019,4,10,43,25,6),('2019-10-26',2019,4,10,43,26,7),('2019-10-27',2019,4,10,43,27,1),('2019-10-28',2019,4,10,44,28,2),('2019-10-29',2019,4,10,44,29,3),('2019-10-30',2019,4,10,44,30,4),('2019-10-31',2019,4,10,44,31,5),('2019-11-01',2019,4,11,44,1,6),('2019-11-02',2019,4,11,44,2,7),('2019-11-03',2019,4,11,44,3,1),('2019-11-04',2019,4,11,45,4,2),('2019-11-05',2019,4,11,45,5,3),('2019-11-06',2019,4,11,45,6,4),('2019-11-07',2019,4,11,45,7,5),('2019-11-08',2019,4,11,45,8,6),('2019-11-09',2019,4,11,45,9,7),('2019-11-10',2019,4,11,45,10,1),('2019-11-11',2019,4,11,46,11,2),('2019-11-12',2019,4,11,46,12,3),('2019-11-13',2019,4,11,46,13,4),('2019-11-14',2019,4,11,46,14,5),('2019-11-15',2019,4,11,46,15,6),('2019-11-16',2019,4,11,46,16,7),('2019-11-17',2019,4,11,46,17,1),('2019-11-18',2019,4,11,47,18,2),('2019-11-19',2019,4,11,47,19,3),('2019-11-20',2019,4,11,47,20,4),('2019-11-21',2019,4,11,47,21,5),('2019-11-22',2019,4,11,47,22,6),('2019-11-23',2019,4,11,47,23,7),('2019-11-24',2019,4,11,47,24,1),('2019-11-25',2019,4,11,48,25,2),('2019-11-26',2019,4,11,48,26,3),('2019-11-27',2019,4,11,48,27,4),('2019-11-28',2019,4,11,48,28,5),('2019-11-29',2019,4,11,48,29,6),('2019-11-30',2019,4,11,48,30,7),('2019-12-01',2019,4,12,48,1,1),('2019-12-02',2019,4,12,49,2,2),('2019-12-03',2019,4,12,49,3,3),('2019-12-04',2019,4,12,49,4,4),('2019-12-05',2019,4,12,49,5,5),('2019-12-06',2019,4,12,49,6,6),('2019-12-07',2019,4,12,49,7,7),('2019-12-08',2019,4,12,49,8,1),('2019-12-09',2019,4,12,50,9,2),('2019-12-10',2019,4,12,50,10,3),('2019-12-11',2019,4,12,50,11,4),('2019-12-12',2019,4,12,50,12,5),('2019-12-13',2019,4,12,50,13,6),('2019-12-14',2019,4,12,50,14,7),('2019-12-15',2019,4,12,50,15,1),('2019-12-16',2019,4,12,51,16,2),('2019-12-17',2019,4,12,51,17,3),('2019-12-18',2019,4,12,51,18,4),('2019-12-19',2019,4,12,51,19,5),('2019-12-20',2019,4,12,51,20,6),('2019-12-21',2019,4,12,51,21,7),('2019-12-22',2019,4,12,51,22,1),('2019-12-23',2019,4,12,52,23,2),('2019-12-24',2019,4,12,52,24,3),('2019-12-25',2019,4,12,52,25,4),('2019-12-26',2019,4,12,52,26,5),('2019-12-27',2019,4,12,52,27,6),('2019-12-28',2019,4,12,52,28,7),('2019-12-29',2019,4,12,52,29,1),('2019-12-30',2019,4,12,53,30,2),('2019-12-31',2019,4,12,53,31,3),('2020-01-01',2020,1,1,1,1,4),('2020-01-02',2020,1,1,1,2,5),('2020-01-03',2020,1,1,1,3,6),('2020-01-04',2020,1,1,1,4,7),('2020-01-05',2020,1,1,1,5,1),('2020-01-06',2020,1,1,2,6,2),('2020-01-07',2020,1,1,2,7,3),('2020-01-08',2020,1,1,2,8,4),('2020-01-09',2020,1,1,2,9,5),('2020-01-10',2020,1,1,2,10,6),('2020-01-11',2020,1,1,2,11,7),('2020-01-12',2020,1,1,2,12,1),('2020-01-13',2020,1,1,3,13,2),('2020-01-14',2020,1,1,3,14,3),('2020-01-15',2020,1,1,3,15,4),('2020-01-16',2020,1,1,3,16,5),('2020-01-17',2020,1,1,3,17,6),('2020-01-18',2020,1,1,3,18,7),('2020-01-19',2020,1,1,3,19,1),('2020-01-20',2020,1,1,4,20,2),('2020-01-21',2020,1,1,4,21,3),('2020-01-22',2020,1,1,4,22,4),('2020-01-23',2020,1,1,4,23,5),('2020-01-24',2020,1,1,4,24,6),('2020-01-25',2020,1,1,4,25,7),('2020-01-26',2020,1,1,4,26,1),('2020-01-27',2020,1,1,5,27,2),('2020-01-28',2020,1,1,5,28,3),('2020-01-29',2020,1,1,5,29,4),('2020-01-30',2020,1,1,5,30,5),('2020-01-31',2020,1,1,5,31,6),('2020-02-01',2020,1,2,5,1,7),('2020-02-02',2020,1,2,5,2,1),('2020-02-03',2020,1,2,6,3,2),('2020-02-04',2020,1,2,6,4,3),('2020-02-05',2020,1,2,6,5,4),('2020-02-06',2020,1,2,6,6,5),('2020-02-07',2020,1,2,6,7,6),('2020-02-08',2020,1,2,6,8,7),('2020-02-09',2020,1,2,6,9,1),('2020-02-10',2020,1,2,7,10,2),('2020-02-11',2020,1,2,7,11,3),('2020-02-12',2020,1,2,7,12,4),('2020-02-13',2020,1,2,7,13,5),('2020-02-14',2020,1,2,7,14,6),('2020-02-15',2020,1,2,7,15,7),('2020-02-16',2020,1,2,7,16,1),('2020-02-17',2020,1,2,8,17,2),('2020-02-18',2020,1,2,8,18,3),('2020-02-19',2020,1,2,8,19,4),('2020-02-20',2020,1,2,8,20,5),('2020-02-21',2020,1,2,8,21,6),('2020-02-22',2020,1,2,8,22,7),('2020-02-23',2020,1,2,8,23,1),('2020-02-24',2020,1,2,9,24,2),('2020-02-25',2020,1,2,9,25,3),('2020-02-26',2020,1,2,9,26,4),('2020-02-27',2020,1,2,9,27,5),('2020-02-28',2020,1,2,9,28,6),('2020-02-29',2020,1,2,9,29,7),('2020-03-01',2020,1,3,9,1,1),('2020-03-02',2020,1,3,10,2,2),('2020-03-03',2020,1,3,10,3,3),('2020-03-04',2020,1,3,10,4,4),('2020-03-05',2020,1,3,10,5,5),('2020-03-06',2020,1,3,10,6,6),('2020-03-07',2020,1,3,10,7,7),('2020-03-08',2020,1,3,10,8,1),('2020-03-09',2020,1,3,11,9,2),('2020-03-10',2020,1,3,11,10,3),('2020-03-11',2020,1,3,11,11,4),('2020-03-12',2020,1,3,11,12,5),('2020-03-13',2020,1,3,11,13,6),('2020-03-14',2020,1,3,11,14,7),('2020-03-15',2020,1,3,11,15,1),('2020-03-16',2020,1,3,12,16,2),('2020-03-17',2020,1,3,12,17,3),('2020-03-18',2020,1,3,12,18,4),('2020-03-19',2020,1,3,12,19,5),('2020-03-20',2020,1,3,12,20,6),('2020-03-21',2020,1,3,12,21,7),('2020-03-22',2020,1,3,12,22,1),('2020-03-23',2020,1,3,13,23,2),('2020-03-24',2020,1,3,13,24,3),('2020-03-25',2020,1,3,13,25,4),('2020-03-26',2020,1,3,13,26,5),('2020-03-27',2020,1,3,13,27,6),('2020-03-28',2020,1,3,13,28,7),('2020-03-29',2020,1,3,13,29,1),('2020-03-30',2020,1,3,14,30,2),('2020-03-31',2020,1,3,14,31,3),('2020-04-01',2020,2,4,14,1,4),('2020-04-02',2020,2,4,14,2,5),('2020-04-03',2020,2,4,14,3,6),('2020-04-04',2020,2,4,14,4,7),('2020-04-05',2020,2,4,14,5,1),('2020-04-06',2020,2,4,15,6,2),('2020-04-07',2020,2,4,15,7,3),('2020-04-08',2020,2,4,15,8,4),('2020-04-09',2020,2,4,15,9,5),('2020-04-10',2020,2,4,15,10,6),('2020-04-11',2020,2,4,15,11,7),('2020-04-12',2020,2,4,15,12,1),('2020-04-13',2020,2,4,16,13,2),('2020-04-14',2020,2,4,16,14,3),('2020-04-15',2020,2,4,16,15,4),('2020-04-16',2020,2,4,16,16,5),('2020-04-17',2020,2,4,16,17,6),('2020-04-18',2020,2,4,16,18,7),('2020-04-19',2020,2,4,16,19,1),('2020-04-20',2020,2,4,17,20,2),('2020-04-21',2020,2,4,17,21,3),('2020-04-22',2020,2,4,17,22,4),('2020-04-23',2020,2,4,17,23,5),('2020-04-24',2020,2,4,17,24,6),('2020-04-25',2020,2,4,17,25,7),('2020-04-26',2020,2,4,17,26,1),('2020-04-27',2020,2,4,18,27,2),('2020-04-28',2020,2,4,18,28,3),('2020-04-29',2020,2,4,18,29,4),('2020-04-30',2020,2,4,18,30,5),('2020-05-01',2020,2,5,18,1,6),('2020-05-02',2020,2,5,18,2,7),('2020-05-03',2020,2,5,18,3,1),('2020-05-04',2020,2,5,19,4,2),('2020-05-05',2020,2,5,19,5,3),('2020-05-06',2020,2,5,19,6,4),('2020-05-07',2020,2,5,19,7,5),('2020-05-08',2020,2,5,19,8,6),('2020-05-09',2020,2,5,19,9,7),('2020-05-10',2020,2,5,19,10,1),('2020-05-11',2020,2,5,20,11,2),('2020-05-12',2020,2,5,20,12,3),('2020-05-13',2020,2,5,20,13,4),('2020-05-14',2020,2,5,20,14,5),('2020-05-15',2020,2,5,20,15,6),('2020-05-16',2020,2,5,20,16,7),('2020-05-17',2020,2,5,20,17,1),('2020-05-18',2020,2,5,21,18,2),('2020-05-19',2020,2,5,21,19,3),('2020-05-20',2020,2,5,21,20,4),('2020-05-21',2020,2,5,21,21,5),('2020-05-22',2020,2,5,21,22,6),('2020-05-23',2020,2,5,21,23,7),('2020-05-24',2020,2,5,21,24,1),('2020-05-25',2020,2,5,22,25,2),('2020-05-26',2020,2,5,22,26,3),('2020-05-27',2020,2,5,22,27,4),('2020-05-28',2020,2,5,22,28,5),('2020-05-29',2020,2,5,22,29,6),('2020-05-30',2020,2,5,22,30,7),('2020-05-31',2020,2,5,22,31,1),('2020-06-01',2020,2,6,23,1,2),('2020-06-02',2020,2,6,23,2,3),('2020-06-03',2020,2,6,23,3,4),('2020-06-04',2020,2,6,23,4,5),('2020-06-05',2020,2,6,23,5,6),('2020-06-06',2020,2,6,23,6,7),('2020-06-07',2020,2,6,23,7,1),('2020-06-08',2020,2,6,24,8,2),('2020-06-09',2020,2,6,24,9,3),('2020-06-10',2020,2,6,24,10,4),('2020-06-11',2020,2,6,24,11,5),('2020-06-12',2020,2,6,24,12,6),('2020-06-13',2020,2,6,24,13,7),('2020-06-14',2020,2,6,24,14,1),('2020-06-15',2020,2,6,25,15,2),('2020-06-16',2020,2,6,25,16,3),('2020-06-17',2020,2,6,25,17,4),('2020-06-18',2020,2,6,25,18,5),('2020-06-19',2020,2,6,25,19,6),('2020-06-20',2020,2,6,25,20,7),('2020-06-21',2020,2,6,25,21,1),('2020-06-22',2020,2,6,26,22,2),('2020-06-23',2020,2,6,26,23,3),('2020-06-24',2020,2,6,26,24,4),('2020-06-25',2020,2,6,26,25,5),('2020-06-26',2020,2,6,26,26,6),('2020-06-27',2020,2,6,26,27,7),('2020-06-28',2020,2,6,26,28,1),('2020-06-29',2020,2,6,27,29,2),('2020-06-30',2020,2,6,27,30,3),('2020-07-01',2020,3,7,27,1,4),('2020-07-02',2020,3,7,27,2,5),('2020-07-03',2020,3,7,27,3,6),('2020-07-04',2020,3,7,27,4,7),('2020-07-05',2020,3,7,27,5,1),('2020-07-06',2020,3,7,28,6,2),('2020-07-07',2020,3,7,28,7,3),('2020-07-08',2020,3,7,28,8,4),('2020-07-09',2020,3,7,28,9,5),('2020-07-10',2020,3,7,28,10,6),('2020-07-11',2020,3,7,28,11,7),('2020-07-12',2020,3,7,28,12,1),('2020-07-13',2020,3,7,29,13,2),('2020-07-14',2020,3,7,29,14,3),('2020-07-15',2020,3,7,29,15,4),('2020-07-16',2020,3,7,29,16,5),('2020-07-17',2020,3,7,29,17,6),('2020-07-18',2020,3,7,29,18,7),('2020-07-19',2020,3,7,29,19,1),('2020-07-20',2020,3,7,30,20,2),('2020-07-21',2020,3,7,30,21,3),('2020-07-22',2020,3,7,30,22,4),('2020-07-23',2020,3,7,30,23,5),('2020-07-24',2020,3,7,30,24,6),('2020-07-25',2020,3,7,30,25,7),('2020-07-26',2020,3,7,30,26,1),('2020-07-27',2020,3,7,31,27,2),('2020-07-28',2020,3,7,31,28,3),('2020-07-29',2020,3,7,31,29,4),('2020-07-30',2020,3,7,31,30,5),('2020-07-31',2020,3,7,31,31,6),('2020-08-01',2020,3,8,31,1,7),('2020-08-02',2020,3,8,31,2,1),('2020-08-03',2020,3,8,32,3,2),('2020-08-04',2020,3,8,32,4,3),('2020-08-05',2020,3,8,32,5,4),('2020-08-06',2020,3,8,32,6,5),('2020-08-07',2020,3,8,32,7,6),('2020-08-08',2020,3,8,32,8,7),('2020-08-09',2020,3,8,32,9,1),('2020-08-10',2020,3,8,33,10,2),('2020-08-11',2020,3,8,33,11,3),('2020-08-12',2020,3,8,33,12,4),('2020-08-13',2020,3,8,33,13,5),('2020-08-14',2020,3,8,33,14,6),('2020-08-15',2020,3,8,33,15,7),('2020-08-16',2020,3,8,33,16,1),('2020-08-17',2020,3,8,34,17,2),('2020-08-18',2020,3,8,34,18,3),('2020-08-19',2020,3,8,34,19,4),('2020-08-20',2020,3,8,34,20,5),('2020-08-21',2020,3,8,34,21,6),('2020-08-22',2020,3,8,34,22,7),('2020-08-23',2020,3,8,34,23,1),('2020-08-24',2020,3,8,35,24,2),('2020-08-25',2020,3,8,35,25,3),('2020-08-26',2020,3,8,35,26,4),('2020-08-27',2020,3,8,35,27,5),('2020-08-28',2020,3,8,35,28,6),('2020-08-29',2020,3,8,35,29,7),('2020-08-30',2020,3,8,35,30,1),('2020-08-31',2020,3,8,36,31,2),('2020-09-01',2020,3,9,36,1,3),('2020-09-02',2020,3,9,36,2,4),('2020-09-03',2020,3,9,36,3,5),('2020-09-04',2020,3,9,36,4,6),('2020-09-05',2020,3,9,36,5,7),('2020-09-06',2020,3,9,36,6,1),('2020-09-07',2020,3,9,37,7,2),('2020-09-08',2020,3,9,37,8,3),('2020-09-09',2020,3,9,37,9,4),('2020-09-10',2020,3,9,37,10,5),('2020-09-11',2020,3,9,37,11,6),('2020-09-12',2020,3,9,37,12,7),('2020-09-13',2020,3,9,37,13,1),('2020-09-14',2020,3,9,38,14,2),('2020-09-15',2020,3,9,38,15,3),('2020-09-16',2020,3,9,38,16,4),('2020-09-17',2020,3,9,38,17,5),('2020-09-18',2020,3,9,38,18,6),('2020-09-19',2020,3,9,38,19,7),('2020-09-20',2020,3,9,38,20,1),('2020-09-21',2020,3,9,39,21,2),('2020-09-22',2020,3,9,39,22,3),('2020-09-23',2020,3,9,39,23,4),('2020-09-24',2020,3,9,39,24,5),('2020-09-25',2020,3,9,39,25,6),('2020-09-26',2020,3,9,39,26,7),('2020-09-27',2020,3,9,39,27,1),('2020-09-28',2020,3,9,40,28,2),('2020-09-29',2020,3,9,40,29,3),('2020-09-30',2020,3,9,40,30,4),('2020-10-01',2020,4,10,40,1,5),('2020-10-02',2020,4,10,40,2,6),('2020-10-03',2020,4,10,40,3,7),('2020-10-04',2020,4,10,40,4,1),('2020-10-05',2020,4,10,41,5,2),('2020-10-06',2020,4,10,41,6,3),('2020-10-07',2020,4,10,41,7,4),('2020-10-08',2020,4,10,41,8,5),('2020-10-09',2020,4,10,41,9,6),('2020-10-10',2020,4,10,41,10,7),('2020-10-11',2020,4,10,41,11,1),('2020-10-12',2020,4,10,42,12,2),('2020-10-13',2020,4,10,42,13,3),('2020-10-14',2020,4,10,42,14,4),('2020-10-15',2020,4,10,42,15,5),('2020-10-16',2020,4,10,42,16,6),('2020-10-17',2020,4,10,42,17,7),('2020-10-18',2020,4,10,42,18,1),('2020-10-19',2020,4,10,43,19,2),('2020-10-20',2020,4,10,43,20,3),('2020-10-21',2020,4,10,43,21,4),('2020-10-22',2020,4,10,43,22,5),('2020-10-23',2020,4,10,43,23,6),('2020-10-24',2020,4,10,43,24,7),('2020-10-25',2020,4,10,43,25,1),('2020-10-26',2020,4,10,44,26,2),('2020-10-27',2020,4,10,44,27,3),('2020-10-28',2020,4,10,44,28,4),('2020-10-29',2020,4,10,44,29,5),('2020-10-30',2020,4,10,44,30,6),('2020-10-31',2020,4,10,44,31,7),('2020-11-01',2020,4,11,44,1,1),('2020-11-02',2020,4,11,45,2,2),('2020-11-03',2020,4,11,45,3,3),('2020-11-04',2020,4,11,45,4,4),('2020-11-05',2020,4,11,45,5,5),('2020-11-06',2020,4,11,45,6,6),('2020-11-07',2020,4,11,45,7,7),('2020-11-08',2020,4,11,45,8,1),('2020-11-09',2020,4,11,46,9,2),('2020-11-10',2020,4,11,46,10,3),('2020-11-11',2020,4,11,46,11,4),('2020-11-12',2020,4,11,46,12,5),('2020-11-13',2020,4,11,46,13,6),('2020-11-14',2020,4,11,46,14,7),('2020-11-15',2020,4,11,46,15,1),('2020-11-16',2020,4,11,47,16,2),('2020-11-17',2020,4,11,47,17,3),('2020-11-18',2020,4,11,47,18,4),('2020-11-19',2020,4,11,47,19,5),('2020-11-20',2020,4,11,47,20,6),('2020-11-21',2020,4,11,47,21,7),('2020-11-22',2020,4,11,47,22,1),('2020-11-23',2020,4,11,48,23,2),('2020-11-24',2020,4,11,48,24,3),('2020-11-25',2020,4,11,48,25,4),('2020-11-26',2020,4,11,48,26,5),('2020-11-27',2020,4,11,48,27,6),('2020-11-28',2020,4,11,48,28,7),('2020-11-29',2020,4,11,48,29,1),('2020-11-30',2020,4,11,49,30,2),('2020-12-01',2020,4,12,49,1,3),('2020-12-02',2020,4,12,49,2,4),('2020-12-03',2020,4,12,49,3,5),('2020-12-04',2020,4,12,49,4,6),('2020-12-05',2020,4,12,49,5,7),('2020-12-06',2020,4,12,49,6,1),('2020-12-07',2020,4,12,50,7,2),('2020-12-08',2020,4,12,50,8,3),('2020-12-09',2020,4,12,50,9,4),('2020-12-10',2020,4,12,50,10,5),('2020-12-11',2020,4,12,50,11,6),('2020-12-12',2020,4,12,50,12,7),('2020-12-13',2020,4,12,50,13,1),('2020-12-14',2020,4,12,51,14,2),('2020-12-15',2020,4,12,51,15,3),('2020-12-16',2020,4,12,51,16,4),('2020-12-17',2020,4,12,51,17,5),('2020-12-18',2020,4,12,51,18,6),('2020-12-19',2020,4,12,51,19,7),('2020-12-20',2020,4,12,51,20,1),('2020-12-21',2020,4,12,52,21,2),('2020-12-22',2020,4,12,52,22,3),('2020-12-23',2020,4,12,52,23,4),('2020-12-24',2020,4,12,52,24,5),('2020-12-25',2020,4,12,52,25,6),('2020-12-26',2020,4,12,52,26,7),('2020-12-27',2020,4,12,52,27,1),('2020-12-28',2020,4,12,53,28,2),('2020-12-29',2020,4,12,53,29,3),('2020-12-30',2020,4,12,53,30,4),('2020-12-31',2020,4,12,53,31,5);

/*Table structure for table `events` */

DROP TABLE IF EXISTS `events`;

CREATE TABLE `events` (
  `id` int(11) NOT NULL AUTO_INCREMENT,
  `owner` varchar(50) COLLATE latin1_general_ci DEFAULT NULL,
  `title` varchar(255) COLLATE latin1_general_ci DEFAULT NULL,
  `begin` datetime DEFAULT NULL,
  `end` datetime DEFAULT NULL,
  `description` text COLLATE latin1_general_ci,
  `allday` varchar(10) COLLATE latin1_general_ci DEFAULT NULL,
  PRIMARY KEY (`id`)
) ENGINE=InnoDB DEFAULT CHARSET=latin1 COLLATE=latin1_general_ci;

/*Data for the table `events` */

/*Table structure for table `evidence` */

DROP TABLE IF EXISTS `evidence`;

CREATE TABLE `evidence` (
  `id` int(11) NOT NULL AUTO_INCREMENT,
  `case_id` varchar(50) COLLATE latin1_general_ci DEFAULT NULL,
  `name` varchar(100) COLLATE latin1_general_ci DEFAULT NULL,
  `size` varchar(100) COLLATE latin1_general_ci DEFAULT NULL,
  PRIMARY KEY (`id`)
) ENGINE=InnoDB DEFAULT CHARSET=latin1 COLLATE=latin1_general_ci;

/*Data for the table `evidence` */

/*Table structure for table `inventory` */

DROP TABLE IF EXISTS `inventory`;

CREATE TABLE `inventory` (
  `id` int(11) NOT NULL AUTO_INCREMENT,
  `sn` varchar(45) COLLATE latin1_general_ci NOT NULL,
  `client_code` varchar(20) COLLATE latin1_general_ci DEFAULT NULL,
  `project_code` varchar(20) COLLATE latin1_general_ci DEFAULT NULL,
  `product_id` int(11) DEFAULT NULL,
  `asset_no` varchar(45) COLLATE latin1_general_ci DEFAULT NULL,
  `batchid` varchar(45) COLLATE latin1_general_ci DEFAULT NULL,
  `principal_id` varchar(45) COLLATE latin1_general_ci DEFAULT NULL,
  `startdate` date DEFAULT NULL,
  `enddate` date DEFAULT NULL,
  `SLA` varchar(50) COLLATE latin1_general_ci DEFAULT NULL,
  PRIMARY KEY (`sn`),
  UNIQUE KEY `id` (`id`),
  KEY `fk_inventory_project1` (`project_code`),
  KEY `fk_inventory_product1` (`product_id`),
  CONSTRAINT `fk_inventory_product1` FOREIGN KEY (`product_id`) REFERENCES `product` (`product_id`) ON DELETE NO ACTION ON UPDATE NO ACTION
) ENGINE=InnoDB AUTO_INCREMENT=2 DEFAULT CHARSET=latin1 COLLATE=latin1_general_ci;

/*Data for the table `inventory` */

insert  into `inventory`(`id`,`sn`,`client_code`,`project_code`,`product_id`,`asset_no`,`batchid`,`principal_id`,`startdate`,`enddate`,`SLA`) values (1,'HJ45928','UTM','UTM01',1,NULL,NULL,NULL,NULL,NULL,NULL);

/*Table structure for table `notification` */

DROP TABLE IF EXISTS `notification`;

CREATE TABLE `notification` (
  `id` int(11) NOT NULL AUTO_INCREMENT,
  `case_id` varchar(15) COLLATE latin1_general_ci DEFAULT NULL,
  `case_status` int(1) NOT NULL DEFAULT '0',
  `viewflag` int(1) NOT NULL DEFAULT '0',
  `user` varchar(50) COLLATE latin1_general_ci NOT NULL,
  `timestamp` timestamp NOT NULL DEFAULT CURRENT_TIMESTAMP,
  PRIMARY KEY (`id`)
) ENGINE=InnoDB AUTO_INCREMENT=2 DEFAULT CHARSET=latin1 COLLATE=latin1_general_ci;

/*Data for the table `notification` */

insert  into `notification`(`id`,`case_id`,`case_status`,`viewflag`,`user`,`timestamp`) values (1,'UTM010010314',0,0,'admin','2014-03-21 00:51:00');

/*Table structure for table `product` */

DROP TABLE IF EXISTS `product`;

CREATE TABLE `product` (
  `product_id` int(11) NOT NULL AUTO_INCREMENT,
  `client_code` varchar(20) COLLATE latin1_general_ci DEFAULT NULL,
  `project_code` varchar(20) COLLATE latin1_general_ci DEFAULT NULL,
  `supplier_id` int(11) DEFAULT NULL,
  `product_type` varchar(20) COLLATE latin1_general_ci DEFAULT NULL COMMENT '0 - PC, 1- Printer, 2-Laptop, 3 - Server, ',
  `brand` varchar(20) COLLATE latin1_general_ci DEFAULT NULL,
  `model` varchar(50) COLLATE latin1_general_ci DEFAULT NULL,
  `spec` varchar(200) COLLATE latin1_general_ci DEFAULT NULL,
  PRIMARY KEY (`product_id`),
  KEY `fk_product_supplier1` (`supplier_id`),
  CONSTRAINT `fk_product_supplier1` FOREIGN KEY (`supplier_id`) REFERENCES `supplier` (`supplier_id`) ON DELETE NO ACTION ON UPDATE NO ACTION
) ENGINE=InnoDB AUTO_INCREMENT=2 DEFAULT CHARSET=latin1 COLLATE=latin1_general_ci;

/*Data for the table `product` */

insert  into `product`(`product_id`,`client_code`,`project_code`,`supplier_id`,`product_type`,`brand`,`model`,`spec`) values (1,'UTM','UTM01',NULL,'Server','Dell','DL5901','');

/*Table structure for table `project` */

DROP TABLE IF EXISTS `project`;

CREATE TABLE `project` (
  `id` int(11) NOT NULL AUTO_INCREMENT,
  `project_code` varchar(10) COLLATE latin1_general_ci NOT NULL,
  `project_name` varchar(100) COLLATE latin1_general_ci DEFAULT NULL,
  `project_descr` varchar(255) COLLATE latin1_general_ci DEFAULT NULL,
  `client_code` varchar(10) COLLATE latin1_general_ci DEFAULT NULL,
  `contract_code` varchar(45) COLLATE latin1_general_ci DEFAULT NULL,
  `accountmanager` varchar(45) COLLATE latin1_general_ci DEFAULT NULL,
  `projectmanager` varchar(45) COLLATE latin1_general_ci DEFAULT NULL,
  `clientpm` varchar(45) COLLATE latin1_general_ci DEFAULT NULL,
  `startdate` date DEFAULT '0000-00-00',
  `enddate` date DEFAULT NULL,
  PRIMARY KEY (`id`,`project_code`)
) ENGINE=InnoDB AUTO_INCREMENT=4 DEFAULT CHARSET=latin1 COLLATE=latin1_general_ci;

/*Data for the table `project` */

insert  into `project`(`id`,`project_code`,`project_name`,`project_descr`,`client_code`,`contract_code`,`accountmanager`,`projectmanager`,`clientpm`,`startdate`,`enddate`) values (2,'UTM01','7th Malaysia Development Plan','Another project from UTM','UTM','987AAVSDGEW','Rahimah','Awang Selamat','Rauzoh','2014-03-21','2014-03-31');

/*Table structure for table `role` */

DROP TABLE IF EXISTS `role`;

CREATE TABLE `role` (
  `role_id` int(11) NOT NULL AUTO_INCREMENT,
  `role_group` varchar(20) COLLATE latin1_general_ci DEFAULT NULL,
  `type` varchar(20) COLLATE latin1_general_ci DEFAULT NULL COMMENT 'type 0 - admin, 1- technical, 2- helpdesk, 3 - client',
  `access` int(11) DEFAULT NULL COMMENT 'sum of privileges codes',
  `access2` int(11) DEFAULT NULL,
  PRIMARY KEY (`role_id`)
) ENGINE=InnoDB AUTO_INCREMENT=8 DEFAULT CHARSET=latin1 COLLATE=latin1_general_ci;

/*Data for the table `role` */

insert  into `role`(`role_id`,`role_group`,`type`,`access`,`access2`) values (0,'SAC','Administrator',1048575,1048575),(1,'SAC','Engineer',132815,NULL),(2,'SAC','Helpdesk',253947,15395),(3,'SAC','Client',132043,NULL),(4,'SAC','Manager',131791,NULL),(5,'PAC','Administrator',1048575,NULL),(6,'PAC','Manager',8960,NULL),(7,'PAC','Engineer',8192,NULL);

/*Table structure for table `seq` */

DROP TABLE IF EXISTS `seq`;

CREATE TABLE `seq` (
  `id` int(11) NOT NULL AUTO_INCREMENT,
  `type` varchar(10) COLLATE latin1_general_ci DEFAULT NULL,
  `code` varchar(10) COLLATE latin1_general_ci DEFAULT NULL,
  `month` int(11) DEFAULT '1',
  `cur` int(11) DEFAULT NULL,
  `nextval` int(11) DEFAULT NULL,
  `max` int(11) DEFAULT NULL,
  `inc` int(11) DEFAULT NULL,
  PRIMARY KEY (`id`)
) ENGINE=InnoDB AUTO_INCREMENT=5 DEFAULT CHARSET=latin1 COLLATE=latin1_general_ci;

/*Data for the table `seq` */

insert  into `seq`(`id`,`type`,`code`,`month`,`cur`,`nextval`,`max`,`inc`) values (2,'client','UTM',1,1,2,99,1),(3,'project','UTM01',3,1,2,99999,1);

/*Table structure for table `severity` */

DROP TABLE IF EXISTS `severity`;

CREATE TABLE `severity` (
  `id` int(11) NOT NULL AUTO_INCREMENT,
  `sla` varchar(50) COLLATE latin1_general_ci DEFAULT NULL,
  `severitylevel` varchar(50) COLLATE latin1_general_ci DEFAULT NULL,
  `mttc` int(11) DEFAULT NULL,
  `mtta` int(11) DEFAULT NULL,
  `mttr` int(11) DEFAULT NULL,
  `mttsr` int(11) DEFAULT NULL,
  PRIMARY KEY (`id`)
) ENGINE=InnoDB AUTO_INCREMENT=37 DEFAULT CHARSET=latin1 COLLATE=latin1_general_ci;

/*Data for the table `severity` */

insert  into `severity`(`id`,`sla`,`severitylevel`,`mttc`,`mtta`,`mttr`,`mttsr`) values (31,'2','0',NULL,NULL,NULL,NULL),(32,'2','1',NULL,NULL,NULL,NULL),(33,'2','2',NULL,NULL,NULL,NULL),(34,'3','0',NULL,NULL,NULL,NULL),(35,'3','1',NULL,NULL,NULL,NULL),(36,'3','2',NULL,NULL,NULL,NULL);

/*Table structure for table `sla` */

DROP TABLE IF EXISTS `sla`;

CREATE TABLE `sla` (
  `id` int(11) NOT NULL AUTO_INCREMENT,
  `project_code` varchar(100) COLLATE latin1_general_ci DEFAULT NULL,
  `type` varchar(50) COLLATE latin1_general_ci DEFAULT NULL,
  `name` varchar(100) COLLATE latin1_general_ci DEFAULT NULL,
  `descr` text COLLATE latin1_general_ci,
  PRIMARY KEY (`id`)
) ENGINE=InnoDB AUTO_INCREMENT=4 DEFAULT CHARSET=latin1 COLLATE=latin1_general_ci;

/*Data for the table `sla` */

insert  into `sla`(`id`,`project_code`,`type`,`name`,`descr`) values (1,'','0','24X7X2',NULL),(2,'UTM01','0','24X7X2',NULL),(3,'','0','24X7X2',NULL);

/*Table structure for table `specialization` */

DROP TABLE IF EXISTS `specialization`;

CREATE TABLE `specialization` (
  `id` int(11) NOT NULL AUTO_INCREMENT,
  `name` varchar(100) DEFAULT NULL,
  `descr` text,
  PRIMARY KEY (`id`)
) ENGINE=InnoDB AUTO_INCREMENT=6 DEFAULT CHARSET=latin1;

/*Data for the table `specialization` */

insert  into `specialization`(`id`,`name`,`descr`) values (1,'Software Engineer',NULL),(2,'System Engineer',NULL),(3,'Database Engineer',NULL),(4,'Unix Engineer',NULL),(5,'Network Engineer',NULL);

/*Table structure for table `states` */

DROP TABLE IF EXISTS `states`;

CREATE TABLE `states` (
  `id` int(11) NOT NULL AUTO_INCREMENT,
  `name` varchar(100) COLLATE latin1_general_ci DEFAULT NULL,
  `descr` varchar(100) COLLATE latin1_general_ci DEFAULT NULL,
  PRIMARY KEY (`id`)
) ENGINE=InnoDB AUTO_INCREMENT=17 DEFAULT CHARSET=latin1 COLLATE=latin1_general_ci;

/*Data for the table `states` */

insert  into `states`(`id`,`name`,`descr`) values (1,'Johor Darul Takzim',NULL),(2,'Kedah Darul Aman',NULL),(3,'Kelantan Darul Naim',NULL),(4,'Melaka Bandaraya Bersejarah',NULL),(5,'Negeri Sembilan Darul Khusus',NULL),(6,'Pahang Darul Makmur',NULL),(7,'Perak Darul Ridzuan',NULL),(8,'Perlis Indera Kayangan',NULL),(9,'Pulau Pinang Pulau Mutiara',NULL),(10,'Sabah Negeri Di Bawah Bayu',NULL),(11,'Sarawak Bumi Kenyalang',NULL),(12,'Selangor Darul Ehsan',NULL),(13,'Terengganu Darul Iman',NULL),(14,'Wilayah Persekutuan Kuala Lumpur',NULL),(15,'Wilayah Persekutuan Putrajaya',NULL),(16,'Wilayah Persekutuan Labuan',NULL);

/*Table structure for table `sys_user_ac` */

DROP TABLE IF EXISTS `sys_user_ac`;

CREATE TABLE `sys_user_ac` (
  `id` int(11) NOT NULL AUTO_INCREMENT,
  `user_id` varchar(20) COLLATE latin1_general_ci DEFAULT NULL,
  `client_code` varchar(20) COLLATE latin1_general_ci DEFAULT NULL,
  `project_code` varchar(20) COLLATE latin1_general_ci DEFAULT NULL,
  `role` varchar(20) COLLATE latin1_general_ci DEFAULT NULL,
  `access` varchar(255) COLLATE latin1_general_ci DEFAULT NULL,
  PRIMARY KEY (`id`)
) ENGINE=InnoDB AUTO_INCREMENT=2 DEFAULT CHARSET=latin1 COLLATE=latin1_general_ci;

/*Data for the table `sys_user_ac` */

insert  into `sys_user_ac`(`id`,`user_id`,`client_code`,`project_code`,`role`,`access`) values (1,'12','UTM','UTM01','5','16256');

/*Table structure for table `sys_users` */

DROP TABLE IF EXISTS `sys_users`;

CREATE TABLE `sys_users` (
  `user_id` int(11) NOT NULL AUTO_INCREMENT,
  `username` varchar(50) COLLATE latin1_general_ci DEFAULT NULL,
  `password` varchar(45) COLLATE latin1_general_ci DEFAULT NULL,
  `name` varchar(45) COLLATE latin1_general_ci DEFAULT NULL,
  `designation` varchar(30) COLLATE latin1_general_ci DEFAULT NULL,
  `phone` varchar(11) COLLATE latin1_general_ci DEFAULT NULL,
  `mobile` varchar(20) COLLATE latin1_general_ci DEFAULT NULL,
  `email` varchar(45) COLLATE latin1_general_ci DEFAULT NULL,
  `role_id` int(11) NOT NULL,
  `status` int(11) DEFAULT NULL,
  `access` int(10) NOT NULL DEFAULT '0',
  `access2` int(10) NOT NULL DEFAULT '0',
  `access3` int(10) NOT NULL DEFAULT '0',
  `project` varchar(100) COLLATE latin1_general_ci DEFAULT NULL,
  `def_project` varchar(10) COLLATE latin1_general_ci DEFAULT NULL,
  `def_project_name` varchar(255) COLLATE latin1_general_ci DEFAULT NULL,
  `last_login` datetime DEFAULT NULL,
  `listCase` text COLLATE latin1_general_ci,
  `columnc` text COLLATE latin1_general_ci,
  `rpt_sla` text COLLATE latin1_general_ci,
  `profile_image` varchar(200) COLLATE latin1_general_ci DEFAULT NULL,
  `skillset` text COLLATE latin1_general_ci,
  `specialization` varchar(10) COLLATE latin1_general_ci DEFAULT NULL,
  `description` text COLLATE latin1_general_ci,
  PRIMARY KEY (`user_id`,`role_id`),
  UNIQUE KEY `username` (`username`)
) ENGINE=InnoDB AUTO_INCREMENT=62 DEFAULT CHARSET=latin1 COLLATE=latin1_general_ci;

/*Data for the table `sys_users` */

insert  into `sys_users`(`user_id`,`username`,`password`,`name`,`designation`,`phone`,`mobile`,`email`,`role_id`,`status`,`access`,`access2`,`access3`,`project`,`def_project`,`def_project_name`,`last_login`,`listCase`,`columnc`,`rpt_sla`,`profile_image`,`skillset`,`specialization`,`description`) values (12,'Admin','827ccb0eea8a706c4c34a16891f84e7b','Administrator','Administrator','0293424234','','admin@helpdesk.com',0,1,1048575,1048575,0,'KWP01,LHDN01,LHDN02,MARA01,TM01,TM02','MARA01','Projek Sewa PC MARA','2013-10-17 15:02:08','a:16:{s:7:\"case_id\";s:7:\"Case ID\";s:12:\"project_code\";s:7:\"Project\";s:9:\"site_name\";s:9:\"Site Name\";s:6:\"caller\";s:14:\"Contact Person\";s:7:\"contact\";s:14:\"Contact Number\";s:5:\"model\";s:7:\"Product\";s:2:\"sn\";s:2:\"SN\";s:9:\"open_date\";s:4:\"Open\";s:3:\"dur\";s:4:\"MTTR\";s:7:\"catDesc\";s:16:\"Problem Category\";s:7:\"problem\";s:7:\"Problem\";s:10:\"resolution\";s:10:\"Resolution\";s:9:\"user_name\";s:8:\"Engineer\";s:7:\"open_by\";s:8:\"Helpdesk\";s:6:\"status\";s:6:\"Status\";s:6:\"action\";s:6:\"Action\";}','a:17:{s:7:\"case_id\";s:7:\"Case ID\";s:12:\"project_code\";s:7:\"Project\";s:9:\"site_name\";s:9:\"Site Name\";s:6:\"caller\";s:14:\"Contact Person\";s:7:\"contact\";s:14:\"Contact Number\";s:5:\"model\";s:7:\"Product\";s:2:\"sn\";s:2:\"SN\";s:9:\"open_date\";s:4:\"Open\";s:10:\"close_date\";s:5:\"Close\";s:8:\"typeDesc\";s:12:\"Service Type\";s:7:\"catDesc\";s:16:\"Problem Category\";s:7:\"problem\";s:7:\"Problem\";s:10:\"resolution\";s:10:\"Resolution\";s:7:\"open_by\";s:8:\"Helpdesk\";s:6:\"status\";s:6:\"Status\";s:4:\"flag\";s:8:\"Severity\";s:6:\"action\";s:6:\"Action\";}',NULL,'1392540809llpaper-ios-7-75.jpg','Oracle Performance Tuning','3',NULL),(59,'Ahmad','827ccb0eea8a706c4c34a16891f84e7b','Ahmad','Engineer','012345678','012345678','ahmad@support.com',1,NULL,132815,132815,0,NULL,NULL,NULL,NULL,NULL,NULL,NULL,'1392807439.jpg','ddd','3',NULL),(60,'sarbini','827ccb0eea8a706c4c34a16891f84e7b','Ahmad Sarbini Alwi','Penyelaras Perkakasan Komputer','0323094560','01376583920','ahmad.sarbini@utm.edu.my',3,NULL,0,0,0,NULL,NULL,NULL,NULL,NULL,NULL,NULL,NULL,'','',NULL),(61,'apek','827ccb0eea8a706c4c34a16891f84e7b','Saiful Apek','Pelawak','123456789','0123456789','saiful.apek@astro.com.my',2,NULL,253947,15395,0,NULL,NULL,NULL,NULL,NULL,NULL,NULL,'1394898867s.jpg','','5',NULL);

/*!50106 set global event_scheduler = 1*/;

/* Event structure for event `SLA` */

/*!50106 DROP EVENT IF EXISTS `SLA`*/;

DELIMITER $$

/*!50106 CREATE DEFINER=`root`@`localhost` EVENT `SLA` ON SCHEDULE EVERY 1 HOUR STARTS '2013-12-16 23:22:00' ON COMPLETION NOT PRESERVE ENABLE DO BEGIN
	
		UPDATE `cases` 
		SET `MTTC` = getDur(IFNULL(response_time,NOW()),open_date),
		    `MTTA` = getDur(IFNULL(onsite_time,NOW()),open_date),
		    `MTTR` = getDur(IFNULL(resolve_time,NOW()),open_date)
		WHERE  `response_time` IS NULL OR MTTC=''
		OR `onsite_time` IS NULL OR MTTA=''
		OR `resolve_time` IS NULL OR MTTR='';
		
	END */$$
DELIMITER ;

/* Function  structure for function  `datedifference` */

/*!50003 DROP FUNCTION IF EXISTS `datedifference` */;
DELIMITER $$

/*!50003 CREATE DEFINER=`root`@`localhost` FUNCTION `datedifference`(date1 DATE, date2 DATE) RETURNS date
    NO SQL
BEGIN
    DECLARE dif DATE;
    IF DATEDIFF(date1, DATE(CONCAT(YEAR(date1),'-', MONTH(date1), '-', DAY(date2)))) < 0    THEN
                SET dif=DATE_FORMAT(
                                        CONCAT(
                                            PERIOD_DIFF(date_format(date1, '%y%m'),date_format(date2, '%y%m'))DIV 12 , 
                                            '-',
                                            PERIOD_DIFF(date_format(date1, '%y%m'),date_format(date2, '%y%m'))% 12 , 
                                            '-',
                                            DATEDIFF(date1, DATE(CONCAT(YEAR(date1),'-', MONTH(DATE_SUB(date1, INTERVAL 1 MONTH)), '-', DAY(date2))))),
                                        '%Y-%m-%d');
    ELSEIF DATEDIFF(date1, DATE(CONCAT(YEAR(date1),'-', MONTH(date1), '-', DAY(date2)))) < DAY(LAST_DAY(DATE_SUB(date1, INTERVAL 1 MONTH))) THEN
                SET dif=DATE_FORMAT(
                                        CONCAT(
                                            PERIOD_DIFF(date_format(date1, '%y%m'),date_format(date2, '%y%m'))DIV 12 , 
                                            '-',
                                            PERIOD_DIFF(date_format(date1, '%y%m'),date_format(date2, '%y%m'))% 12 , 
                                            '-',
                                            DATEDIFF(date1, DATE(CONCAT(YEAR(date1),'-', MONTH(date1), '-', DAY(date2))))),
                                        '%Y-%m-%d');
    ELSE
                SET dif=DATE_FORMAT(
                                        CONCAT(
                                            PERIOD_DIFF(date_format(date1, '%y%m'),date_format(date2, '%y%m'))DIV 12 , 
                                            '-',
                                            PERIOD_DIFF(date_format(date1, '%y%m'),date_format(date2, '%y%m'))% 12 , 
                                            '-',
                                            DATEDIFF(date1, DATE(CONCAT(YEAR(date1),'-', MONTH(date1), '-', DAY(date2))))),
                                        '%Y-%m-%d');
    END IF;
RETURN dif;
END */$$
DELIMITER ;

/* Function  structure for function  `getCaseID` */

/*!50003 DROP FUNCTION IF EXISTS `getCaseID` */;
DELIMITER $$

/*!50003 CREATE DEFINER=`root`@`localhost` FUNCTION `getCaseID`(project_code varchar(11)) RETURNS varchar(15) CHARSET latin1 COLLATE latin1_general_ci
    DETERMINISTIC
BEGIN
	DECLARE case_id VARCHAR(15);
	declare seq_month int (11);
	declare	cur_month int (11);
	
	SELECT MONTH(NOW()) into cur_month;
	SELECT MONTH into seq_month FROM seq WHERE TYPE='project' AND CODE=project_code;
	
	if seq_month <> cur_month then
		update 	seq 
		set 	month 	= cur_month,
			cur	= 0,
			nextval = 1
		where	TYPE	= 'project' 
		AND 	CODE	= project_code;
	end if;
	
	SELECT 	CONCAT(project_code,RIGHT(CONCAT('00',nextval),3),RIGHT(CONCAT('00',MONTH),2),RIGHT(CONCAT('00',YEAR(NOW())),2)) 
	INTO 	case_id 
	FROM 	seq 
	WHERE 	CODE = project_code 
	AND 	TYPE = 'project';
	
	RETURN case_id;
    END */$$
DELIMITER ;

/* Function  structure for function  `getDateDiff` */

/*!50003 DROP FUNCTION IF EXISTS `getDateDiff` */;
DELIMITER $$

/*!50003 CREATE DEFINER=`root`@`localhost` FUNCTION `getDateDiff`(durTime INT(11)) RETURNS varchar(255) CHARSET latin1 COLLATE latin1_general_ci
    DETERMINISTIC
BEGIN
	DECLARE t INT(11);
	DECLARE days INT(11);
	DECLARE hours INT(11);
	DECLARE minutes INT(11);
	DECLARE seconds INT(11);
	DECLARE s_days VARCHAR(255);
	DECLARE s_hours VARCHAR(255);
	DECLARE s_minutes VARCHAR(255);
	DECLARE s_seconds VARCHAR(255);
	DECLARE s_result VARCHAR(255);
	
	SET t 	   	= durTime;
	SET days 	= FLOOR(durTime/86400);
	SET t 		= t-(days*86400);	
	SET hours 	= FLOOR(t/3600);
	SET t 		= t-(hours*3600);
	SET minutes 	= FLOOR(t/60);
	SET seconds 	= t-(minutes*60);
	
	
	IF days < 1 THEN 
		SET s_days = '';
	ELSE 
		SET s_days = CONCAT(days, ' days');
	END IF;
	
	IF hours < 1 THEN 
		SET s_hours = '';
	ELSEIF hours = 1 THEN
		SET s_hours = 'An hour';
	ELSE 
		SET s_hours = CONCAT(hours, ' hours');
	END IF;	
	
	IF minutes < 1 THEN 
		SET s_minutes = '';
	ELSEIF minutes = 1 THEN 
		SET s_minutes = '1 minute';
	ELSE 
		SET s_minutes = CONCAT(minutes, ' minutes');
	END IF;	
	
	IF seconds < 1 THEN 
		SET s_seconds = '';
	ELSE 
		SET s_seconds = CONCAT(seconds, ' seconds');
	END IF;	
		
	SET s_result = CONCAT(s_days,' and ',s_hours,' and ',s_minutes,' and ',s_seconds);
	
	IF days = 0 AND hours = 0 AND minutes = 0 AND (seconds > -1 AND seconds < 59) THEN 
		SET s_result = 'Few seconds ago';
	ELSEIF days > 0 AND hours > 0 THEN 
		SET s_result = CONCAT(s_days,' and ',s_hours);
	ELSEIF days > 0 AND hours = 0 THEN 
		SET s_result = CONCAT(s_days,' and ',s_minutes);
	ELSEIF days = 0 AND hours = 0 THEN 
		SET s_result = CONCAT(s_minutes, ' ago');
	ELSEIF days = 0 AND hours > 0 AND minutes > 0 THEN 
		SET s_result = CONCAT(s_hours,' and ',s_minutes);	
	ELSEIF days = 0 AND hours = 0 AND minutes = 1  THEN 
		SET s_result = 'A minute ago';
	ELSEIF days = 0 AND hours = 0 AND minutes = 2  THEN 
		SET s_result = 'Two minutes ago';
	ELSEIF days = 0 AND hours = 0 AND minutes = 3  THEN 
		SET s_result = 'Three minutes ago';
	ELSEIF days = 0 AND hours = 0 AND minutes = 4  THEN 
		SET s_result = 'Four minutes ago';
	ELSEIF days = 0 AND hours = 0 AND minutes = 5  THEN 
		SET s_result = 'Five minutes ago';
	ELSEIF days = 0 AND hours = 0 AND minutes = 15  THEN 
		SET s_result = 'Fifteen minutes ago';
	ELSEIF days = 0 AND hours = 0 AND minutes = 30  THEN 
		SET s_result = 'Thirty minutes ago';
	END IF;	
	
	RETURN TRIM(s_result);
      END */$$
DELIMITER ;

/* Function  structure for function  `getDur` */

/*!50003 DROP FUNCTION IF EXISTS `getDur` */;
DELIMITER $$

/*!50003 CREATE DEFINER=`root`@`localhost` FUNCTION `getDur`(date1 DATETIME, date2 DATETIME) RETURNS varchar(100) CHARSET latin1 COLLATE latin1_general_ci
    DETERMINISTIC
BEGIN
	DECLARE maxAddrid VARCHAR(100);
	SELECT  
	(UNIX_TIMESTAMP(date1) - UNIX_TIMESTAMP(date2) - 86400 * (
	      (FLOOR(DATEDIFF(date1, date2) / 7) * 2) +
               IF(WEEKDAY(date1) > 4, WEEKDAY(date1) - 4, 0) + 
               IF(WEEKDAY(date1) < WEEKDAY(date2), 2, 0))) 
              INTO maxAddrid;
	RETURN maxAddrid;
      END */$$
DELIMITER ;

/* Function  structure for function  `getMaxAddrid` */

/*!50003 DROP FUNCTION IF EXISTS `getMaxAddrid` */;
DELIMITER $$

/*!50003 CREATE DEFINER=`root`@`localhost` FUNCTION `getMaxAddrid`() RETURNS int(11)
    DETERMINISTIC
BEGIN
	DECLARE maxAddrid INT;
	SELECT ifnull(MAX(addr_id),0)+1 INTO maxAddrid FROM address ;
	RETURN maxAddrid;
      END */$$
DELIMITER ;

/* Function  structure for function  `getMaxCat` */

/*!50003 DROP FUNCTION IF EXISTS `getMaxCat` */;
DELIMITER $$

/*!50003 CREATE DEFINER=`root`@`localhost` FUNCTION `getMaxCat`() RETURNS int(11)
    DETERMINISTIC
BEGIN
	DECLARE maxCatNum INT;
	SELECT MAX(CODE)+1 INTO maxCatNum FROM code_definition WHERE code_cat = 'servicecat';
	RETURN maxCatNum;
      END */$$
DELIMITER ;

/* Function  structure for function  `getMaxItem` */

/*!50003 DROP FUNCTION IF EXISTS `getMaxItem` */;
DELIMITER $$

/*!50003 CREATE DEFINER=`root`@`localhost` FUNCTION `getMaxItem`() RETURNS int(11)
    DETERMINISTIC
begin
	declare maxItemNum int;
	SELECT MAX(CODE)+1 into maxItemNum  FROM code_definition WHERE code_cat = 'item';
	return maxItemNum ;
      END */$$
DELIMITER ;

/* Function  structure for function  `getMaxTyp` */

/*!50003 DROP FUNCTION IF EXISTS `getMaxTyp` */;
DELIMITER $$

/*!50003 CREATE DEFINER=`root`@`localhost` FUNCTION `getMaxTyp`() RETURNS int(11)
    DETERMINISTIC
BEGIN
	DECLARE maxTypNum INT;
	SELECT MAX(CODE)+1 INTO maxTypNum FROM code_definition WHERE code_cat = 'servicetyp';
	RETURN maxTypNum;
      END */$$
DELIMITER ;

/* Function  structure for function  `getMaxVia` */

/*!50003 DROP FUNCTION IF EXISTS `getMaxVia` */;
DELIMITER $$

/*!50003 CREATE DEFINER=`root`@`localhost` FUNCTION `getMaxVia`() RETURNS int(11)
    DETERMINISTIC
BEGIN
	DECLARE maxViaNum INT;
	SELECT MAX(CODE)+1 INTO maxViaNum FROM code_definition WHERE code_cat = 'casevia';
	RETURN maxViaNum;
      END */$$
DELIMITER ;

/* Function  structure for function  `getProjCode` */

/*!50003 DROP FUNCTION IF EXISTS `getProjCode` */;
DELIMITER $$

/*!50003 CREATE DEFINER=`root`@`localhost` FUNCTION `getProjCode`(code_client varchar(11)) RETURNS varchar(11) CHARSET latin1 COLLATE latin1_general_ci
    DETERMINISTIC
BEGIN
	DECLARE c_code VARCHAR(10);
	DECLARE project_code VARCHAR(10);
	
	SELECT client_code INTO c_code FROM CLIENT WHERE client_code=code_client;
	SELECT 	CONCAT(c_code,RIGHT(CONCAT('00',nextval),2)) 
	INTO 	project_code 
	FROM 	seq 
	WHERE 	CODE = c_code 
	AND 	TYPE = 'client';	
	
	RETURN project_code;
    END */$$
DELIMITER ;

/* Function  structure for function  `getTime` */

/*!50003 DROP FUNCTION IF EXISTS `getTime` */;
DELIMITER $$

/*!50003 CREATE DEFINER=`root`@`localhost` FUNCTION `getTime`(date1 INT(100)) RETURNS varchar(100) CHARSET latin1 COLLATE latin1_general_ci
    DETERMINISTIC
BEGIN
	DECLARE maxAddrid VARCHAR(100);
	SELECT  CONCAT(	FLOOR(date1 / 86400),':', TIME_FORMAT(SEC_TO_TIME(date1 % 86400 ),'%H:%i')) INTO maxAddrid;
	RETURN maxAddrid;
      END */$$
DELIMITER ;

/* Procedure structure for procedure `createDatesTable` */

/*!50003 DROP PROCEDURE IF EXISTS  `createDatesTable` */;

DELIMITER $$

/*!50003 CREATE DEFINER=`root`@`localhost` PROCEDURE `createDatesTable`()
BEGIN
DECLARE FullDate date;
DROP TABLE IF EXISTS dates;
CREATE TABLE dates(
date_key date NOT NULL,
calendarYear int NOT NULL,
calendarQuarter tinyint NOT NULL,
calendarMonthNo int NOT NULL,
calendarWeekNo tinyint NOT NULL,
dayNumberOfMonth tinyint NOT NULL,
dayNumberOfWeek tinyint NOT NULL,
PRIMARY KEY (date_key));
SET FullDate  = '2012-01-01';
WHILE (FullDate <= '2020-12-31') DO 
BEGIN
INSERT INTO dates( 
    date_key,
    calendarYear,
    calendarQuarter,
    calendarMonthNo,
    calendarWeekNo,
    dayNumberOfMonth,
    dayNumberOfWeek
)VALUES( 
    FullDate,
    YEAR(FullDate),
    QUARTER(FullDate),
    MONTH(FullDate),
    WEEK(FullDate, 1), /*Have a look at the WEEK() function in the manual!!!*/
    DAYOFMONTH(FullDate),
    DAYOFWEEK(FullDate)
);
SET FullDate = DATE_ADD(Fulldate, INTERVAL 1 DAY);
END;
END WHILE;
END */$$
DELIMITER ;

/*Table structure for table `casesaddr` */

DROP TABLE IF EXISTS `casesaddr`;

/*!50001 DROP VIEW IF EXISTS `casesaddr` */;
/*!50001 DROP TABLE IF EXISTS `casesaddr` */;

/*!50001 CREATE TABLE  `casesaddr`(
 `case_id` varchar(15) ,
 `project_code` varchar(10) ,
 `sn` varchar(45) ,
 `site_id` int(11) ,
 `client_code` varchar(10) ,
 `caller` varchar(45) ,
 `contact` varchar(50) ,
 `info` varchar(100) ,
 `asset` varchar(45) ,
 `servType` int(11) ,
 `via` int(11) ,
 `cat` int(11) ,
 `item` varchar(100) ,
 `product` int(11) ,
 `problem` text ,
 `title` varchar(200) ,
 `resolution` text ,
 `flag` int(11) ,
 `recurrence` varchar(50) ,
 `sla` int(11) ,
 `sts` int(11) ,
 `engineer` varchar(20) ,
 `open_by` varchar(45) ,
 `close_by` varchar(45) ,
 `open_date` datetime ,
 `assign_time` datetime ,
 `response_time` datetime ,
 `onsite_time` datetime ,
 `pending_time` datetime ,
 `resolve_time` datetime ,
 `close_date` datetime ,
 `MTTC` varchar(50) ,
 `MTTA` varchar(50) ,
 `MTTR` varchar(50) ,
 `MTTSR` timestamp ,
 `MTTCL` timestamp ,
 `remarks` varchar(200) ,
 `audit_log` text ,
 `mod_by` varchar(45) ,
 `mod_date` datetime ,
 `site_name` varchar(100) ,
 `addr_id` int(11) ,
 `addr1` varchar(100) ,
 `addr2` varchar(100) ,
 `postcode` varchar(5) ,
 `city` varchar(30) ,
 `state` varchar(20) ,
 `statename` varchar(100) 
)*/;

/*Table structure for table `engineer` */

DROP TABLE IF EXISTS `engineer`;

/*!50001 DROP VIEW IF EXISTS `engineer` */;
/*!50001 DROP TABLE IF EXISTS `engineer` */;

/*!50001 CREATE TABLE  `engineer`(
 `case_id` varchar(15) ,
 `user_name` varchar(45) 
)*/;

/*Table structure for table `v_assignment` */

DROP TABLE IF EXISTS `v_assignment`;

/*!50001 DROP VIEW IF EXISTS `v_assignment` */;
/*!50001 DROP TABLE IF EXISTS `v_assignment` */;

/*!50001 CREATE TABLE  `v_assignment`(
 `case_id` varchar(15) ,
 `user_name` varchar(45) 
)*/;

/*Table structure for table `v_incident` */

DROP TABLE IF EXISTS `v_incident`;

/*!50001 DROP VIEW IF EXISTS `v_incident` */;
/*!50001 DROP TABLE IF EXISTS `v_incident` */;

/*!50001 CREATE TABLE  `v_incident`(
 `state` varchar(20) ,
 `case_id` varchar(15) ,
 `caseid` varchar(15) ,
 `info` varchar(100) ,
 `caller` varchar(45) ,
 `contact` varchar(50) ,
 `project_code` varchar(10) ,
 `sts` int(11) ,
 `client_code` varchar(10) ,
 `site_id` int(11) ,
 `via` int(11) ,
 `viaDesc` varchar(45) ,
 `sla` int(11) ,
 `servType` int(11) ,
 `typeDesc` varchar(45) ,
 `cat` int(11) ,
 `catDesc` varchar(45) ,
 `item` varchar(100) ,
 `flag_id` int(11) ,
 `product` int(11) ,
 `remarks` varchar(200) ,
 `audit_log` text ,
 `resolution` text ,
 `sts_code` int(11) ,
 `acronym` varchar(10) ,
 `site_name` varchar(100) ,
 `open_by` varchar(45) ,
 `dur` varchar(255) ,
 `open_date` datetime ,
 `assign_time` datetime ,
 `response_time` datetime ,
 `onsite_time` datetime ,
 `pending_time` datetime ,
 `resolve_time` datetime ,
 `close_date` datetime ,
 `open` varchar(19) ,
 `onsite` varchar(19) ,
 `resolve` varchar(19) ,
 `CLOSE` varchar(19) ,
 `opentime` varchar(41) ,
 `opendate` varchar(8) ,
 `status` varchar(45) ,
 `flag` varchar(45) ,
 `asset` varchar(45) ,
 `title` varchar(200) ,
 `problem` text ,
 `recurrence` varchar(50) ,
 `model` varchar(92) ,
 `sn` varchar(45) ,
 `engineer` varchar(20) ,
 `engineer_name` varchar(50) ,
 `user_name` varchar(45) 
)*/;

/*Table structure for table `v_inventory` */

DROP TABLE IF EXISTS `v_inventory`;

/*!50001 DROP VIEW IF EXISTS `v_inventory` */;
/*!50001 DROP TABLE IF EXISTS `v_inventory` */;

/*!50001 CREATE TABLE  `v_inventory`(
 `id` int(11) ,
 `sn` varchar(45) ,
 `project_code` varchar(20) ,
 `product_id` int(11) ,
 `asset_no` varchar(45) ,
 `batchid` varchar(45) ,
 `principal_id` varchar(45) ,
 `enddate` date ,
 `startdate` date ,
 `SLA` varchar(50) ,
 `supplier_id` int(11) ,
 `product_type` varchar(20) ,
 `brand` varchar(20) ,
 `model` varchar(50) ,
 `spec` varchar(200) ,
 `machine_type` varchar(92) ,
 `project_name` varchar(100) ,
 `project_descr` varchar(255) ,
 `client_code` varchar(10) ,
 `contract_code` varchar(45) ,
 `accountmanager` varchar(45) ,
 `projectmanager` varchar(45) ,
 `clientpm` varchar(45) ,
 `project_start` date ,
 `project_end` date 
)*/;

/*Table structure for table `v_project` */

DROP TABLE IF EXISTS `v_project`;

/*!50001 DROP VIEW IF EXISTS `v_project` */;
/*!50001 DROP TABLE IF EXISTS `v_project` */;

/*!50001 CREATE TABLE  `v_project`(
 `project_code` varchar(10) ,
 `project_name` varchar(100) ,
 `client_code` varchar(10) ,
 `name` varchar(100) 
)*/;

/*Table structure for table `v_user` */

DROP TABLE IF EXISTS `v_user`;

/*!50001 DROP VIEW IF EXISTS `v_user` */;
/*!50001 DROP TABLE IF EXISTS `v_user` */;

/*!50001 CREATE TABLE  `v_user`(
 `id` int(11) ,
 `NAME` varchar(45) ,
 `specialization` varchar(100) 
)*/;

/*Table structure for table `vaddr` */

DROP TABLE IF EXISTS `vaddr`;

/*!50001 DROP VIEW IF EXISTS `vaddr` */;
/*!50001 DROP TABLE IF EXISTS `vaddr` */;

/*!50001 CREATE TABLE  `vaddr`(
 `site_id` int(11) ,
 `site_name` varchar(100) ,
 `project_code` varchar(10) ,
 `addr_id` int(11) ,
 `addr1` varchar(100) ,
 `addr2` varchar(100) ,
 `postcode` varchar(5) ,
 `city` varchar(30) ,
 `state` varchar(20) 
)*/;

/*Table structure for table `vclientaddr` */

DROP TABLE IF EXISTS `vclientaddr`;

/*!50001 DROP VIEW IF EXISTS `vclientaddr` */;
/*!50001 DROP TABLE IF EXISTS `vclientaddr` */;

/*!50001 CREATE TABLE  `vclientaddr`(
 `site_id` int(11) ,
 `project_code` varchar(10) ,
 `client_code` varchar(10) ,
 `site_name` varchar(100) ,
 `addr_id` int(11) ,
 `addr1` varchar(100) ,
 `addr2` varchar(100) ,
 `postcode` varchar(5) ,
 `city` varchar(30) ,
 `state` varchar(20) ,
 `statename` varchar(100) 
)*/;

/*View structure for view casesaddr */

/*!50001 DROP TABLE IF EXISTS `casesaddr` */;
/*!50001 DROP VIEW IF EXISTS `casesaddr` */;

/*!50001 CREATE ALGORITHM=UNDEFINED DEFINER=`root`@`localhost` SQL SECURITY DEFINER VIEW `casesaddr` AS (select `cases`.`case_id` AS `case_id`,`cases`.`project_code` AS `project_code`,`cases`.`sn` AS `sn`,`cases`.`site_id` AS `site_id`,`cases`.`client_code` AS `client_code`,`cases`.`caller` AS `caller`,`cases`.`contact` AS `contact`,`cases`.`info` AS `info`,`cases`.`asset` AS `asset`,`cases`.`servType` AS `servType`,`cases`.`via` AS `via`,`cases`.`cat` AS `cat`,`cases`.`item` AS `item`,`cases`.`product` AS `product`,`cases`.`problem` AS `problem`,`cases`.`title` AS `title`,`cases`.`resolution` AS `resolution`,`cases`.`flag` AS `flag`,`cases`.`recurrence` AS `recurrence`,`cases`.`sla` AS `sla`,`cases`.`sts` AS `sts`,`cases`.`engineer` AS `engineer`,`cases`.`open_by` AS `open_by`,`cases`.`close_by` AS `close_by`,`cases`.`open_date` AS `open_date`,`cases`.`assign_time` AS `assign_time`,`cases`.`response_time` AS `response_time`,`cases`.`onsite_time` AS `onsite_time`,`cases`.`pending_time` AS `pending_time`,`cases`.`resolve_time` AS `resolve_time`,`cases`.`close_date` AS `close_date`,`cases`.`MTTC` AS `MTTC`,`cases`.`MTTA` AS `MTTA`,`cases`.`MTTR` AS `MTTR`,`cases`.`MTTSR` AS `MTTSR`,`cases`.`MTTCL` AS `MTTCL`,`cases`.`remarks` AS `remarks`,`cases`.`audit_log` AS `audit_log`,`cases`.`mod_by` AS `mod_by`,`cases`.`mod_date` AS `mod_date`,`vclientaddr`.`site_name` AS `site_name`,`vclientaddr`.`addr_id` AS `addr_id`,`vclientaddr`.`addr1` AS `addr1`,`vclientaddr`.`addr2` AS `addr2`,`vclientaddr`.`postcode` AS `postcode`,`vclientaddr`.`city` AS `city`,`vclientaddr`.`state` AS `state`,`vclientaddr`.`statename` AS `statename` from (`cases` join `vclientaddr`) where (`cases`.`site_id` = `vclientaddr`.`site_id`)) */;

/*View structure for view engineer */

/*!50001 DROP TABLE IF EXISTS `engineer` */;
/*!50001 DROP VIEW IF EXISTS `engineer` */;

/*!50001 CREATE ALGORITHM=UNDEFINED DEFINER=`root`@`localhost` SQL SECURITY DEFINER VIEW `engineer` AS select `assignment`.`case_id` AS `case_id`,`sys_users`.`name` AS `user_name` from (`assignment` left join `sys_users` on((`assignment`.`user_id` = `sys_users`.`user_id`))) order by `assignment`.`assign_date` desc */;

/*View structure for view v_assignment */

/*!50001 DROP TABLE IF EXISTS `v_assignment` */;
/*!50001 DROP VIEW IF EXISTS `v_assignment` */;

/*!50001 CREATE ALGORITHM=UNDEFINED DEFINER=`root`@`localhost` SQL SECURITY DEFINER VIEW `v_assignment` AS select `engineer`.`case_id` AS `case_id`,`engineer`.`user_name` AS `user_name` from `engineer` group by `engineer`.`case_id` */;

/*View structure for view v_incident */

/*!50001 DROP TABLE IF EXISTS `v_incident` */;
/*!50001 DROP VIEW IF EXISTS `v_incident` */;

/*!50001 CREATE ALGORITHM=UNDEFINED DEFINER=`root`@`localhost` SQL SECURITY DEFINER VIEW `v_incident` AS select `cases`.`state` AS `state`,`cases`.`case_id` AS `case_id`,if((length(`cases`.`case_id`) > 5),substr(`cases`.`case_id`,-(7),7),`cases`.`case_id`) AS `caseid`,`cases`.`info` AS `info`,`cases`.`caller` AS `caller`,`cases`.`contact` AS `contact`,`cases`.`project_code` AS `project_code`,`cases`.`sts` AS `sts`,`cases`.`client_code` AS `client_code`,`cases`.`site_id` AS `site_id`,`cases`.`via` AS `via`,`via`.`code_name` AS `viaDesc`,`cases`.`sla` AS `sla`,`cases`.`servType` AS `servType`,`type`.`code_name` AS `typeDesc`,`cases`.`cat` AS `cat`,`cat`.`code_name` AS `catDesc`,`cases`.`item` AS `item`,`cases`.`flag` AS `flag_id`,`cases`.`product` AS `product`,`cases`.`remarks` AS `remarks`,`cases`.`audit_log` AS `audit_log`,`cases`.`resolution` AS `resolution`,`sts`.`code` AS `sts_code`,`client`.`acronym` AS `acronym`,`client_site`.`site_name` AS `site_name`,`cases`.`open_by` AS `open_by`,`getDateDiff`((unix_timestamp(ifnull(`cases`.`close_date`,now())) - unix_timestamp(`cases`.`open_date`))) AS `dur`,`cases`.`open_date` AS `open_date`,`cases`.`assign_time` AS `assign_time`,`cases`.`response_time` AS `response_time`,`cases`.`onsite_time` AS `onsite_time`,`cases`.`pending_time` AS `pending_time`,`cases`.`resolve_time` AS `resolve_time`,`cases`.`close_date` AS `close_date`,date_format(`cases`.`open_date`,'%d/%m/%y %H:%i') AS `open`,date_format(`cases`.`onsite_time`,'%d/%m/%y %H:%i') AS `onsite`,date_format(`cases`.`resolve_time`,'%d/%m/%y %H:%i') AS `resolve`,date_format(`cases`.`close_date`,'%d/%m/%y %H:%i') AS `CLOSE`,date_format(`cases`.`open_date`,' %d %b %Y') AS `opentime`,date_format(`cases`.`open_date`,'%h:%i %p') AS `opendate`,`sts`.`code_name` AS `status`,`flag`.`code_name` AS `flag`,`cases`.`asset` AS `asset`,`cases`.`title` AS `title`,`cases`.`problem` AS `problem`,`cases`.`recurrence` AS `recurrence`,concat(`product`.`product_type`,' ',`product`.`brand`,' ',`product`.`model`) AS `model`,`cases`.`sn` AS `sn`,`cases`.`engineer` AS `engineer`,`sys_users`.`username` AS `engineer_name`,`assign1`.`user_name` AS `user_name` from ((((((((((((`casesaddr` `cases` left join `v_assignment` `assign1` on((`cases`.`case_id` = `assign1`.`case_id`))) left join `project` on((`cases`.`project_code` = `project`.`project_code`))) left join `product` on((`cases`.`product` = `product`.`product_id`))) left join `client` on((`cases`.`client_code` = `client`.`client_code`))) left join `client_site` on((`cases`.`site_id` = `client_site`.`site_id`))) left join `code_definition` `sts` on(((`cases`.`sts` = `sts`.`code`) and (`sts`.`code_cat` = 'casestatus')))) left join `code_definition` `type` on(((`cases`.`servType` = `type`.`code`) and (`type`.`code_cat` = 'servicetyp')))) left join `code_definition` `cat` on(((`cases`.`cat` = `cat`.`code`) and (`cat`.`code_cat` = 'servicecat')))) left join `code_definition` `via` on(((`cases`.`via` = `via`.`code`) and (`via`.`code_cat` = 'casevia')))) left join `code_definition` `flag` on(((`cases`.`flag` = `flag`.`code`) and (`flag`.`code_cat` = 'flag')))) left join `code_definition` `item` on(((`cases`.`item` = `item`.`code`) and (`item`.`code_cat` = 'item')))) left join `sys_users` on((`cases`.`engineer` = `sys_users`.`user_id`))) order by `cases`.`open_date` desc */;

/*View structure for view v_inventory */

/*!50001 DROP TABLE IF EXISTS `v_inventory` */;
/*!50001 DROP VIEW IF EXISTS `v_inventory` */;

/*!50001 CREATE ALGORITHM=UNDEFINED DEFINER=`root`@`localhost` SQL SECURITY DEFINER VIEW `v_inventory` AS select `i`.`id` AS `id`,`i`.`sn` AS `sn`,`i`.`project_code` AS `project_code`,`i`.`product_id` AS `product_id`,`i`.`asset_no` AS `asset_no`,`i`.`batchid` AS `batchid`,`i`.`principal_id` AS `principal_id`,`i`.`enddate` AS `enddate`,`i`.`startdate` AS `startdate`,`i`.`SLA` AS `SLA`,`p`.`supplier_id` AS `supplier_id`,`p`.`product_type` AS `product_type`,`p`.`brand` AS `brand`,`p`.`model` AS `model`,`p`.`spec` AS `spec`,concat(`p`.`product_type`,' ',`p`.`brand`,' ',`p`.`model`) AS `machine_type`,`j`.`project_name` AS `project_name`,`j`.`project_descr` AS `project_descr`,`j`.`client_code` AS `client_code`,`j`.`contract_code` AS `contract_code`,`j`.`accountmanager` AS `accountmanager`,`j`.`projectmanager` AS `projectmanager`,`j`.`clientpm` AS `clientpm`,`j`.`startdate` AS `project_start`,`j`.`enddate` AS `project_end` from ((`inventory` `i` left join `product` `p` on((`p`.`product_id` = `i`.`product_id`))) left join `project` `j` on((`i`.`project_code` = `j`.`project_code`))) */;

/*View structure for view v_project */

/*!50001 DROP TABLE IF EXISTS `v_project` */;
/*!50001 DROP VIEW IF EXISTS `v_project` */;

/*!50001 CREATE ALGORITHM=UNDEFINED DEFINER=`root`@`localhost` SQL SECURITY DEFINER VIEW `v_project` AS select `p`.`project_code` AS `project_code`,`p`.`project_name` AS `project_name`,`p`.`client_code` AS `client_code`,`c`.`name` AS `name` from (`project` `p` left join `client` `c` on((`p`.`client_code` = `c`.`client_code`))) order by `p`.`client_code` */;

/*View structure for view v_user */

/*!50001 DROP TABLE IF EXISTS `v_user` */;
/*!50001 DROP VIEW IF EXISTS `v_user` */;

/*!50001 CREATE ALGORITHM=UNDEFINED DEFINER=`root`@`localhost` SQL SECURITY DEFINER VIEW `v_user` AS select `u`.`user_id` AS `id`,`u`.`name` AS `NAME`,`s`.`name` AS `specialization` from (`sys_users` `u` left join `specialization` `s` on((`u`.`specialization` = `s`.`id`))) order by `s`.`name` */;

/*View structure for view vaddr */

/*!50001 DROP TABLE IF EXISTS `vaddr` */;
/*!50001 DROP VIEW IF EXISTS `vaddr` */;

/*!50001 CREATE ALGORITHM=TEMPTABLE DEFINER=`root`@`localhost` SQL SECURITY DEFINER VIEW `vaddr` AS (select `cs`.`site_id` AS `site_id`,`cs`.`site_name` AS `site_name`,`cs`.`project_code` AS `project_code`,`a`.`addr_id` AS `addr_id`,`a`.`addr1` AS `addr1`,`a`.`addr2` AS `addr2`,`a`.`postcode` AS `postcode`,`a`.`city` AS `city`,`a`.`state` AS `state` from (`client_site` `cs` join `address` `a` on((`cs`.`addr_id` = `a`.`addr_id`)))) */;

/*View structure for view vclientaddr */

/*!50001 DROP TABLE IF EXISTS `vclientaddr` */;
/*!50001 DROP VIEW IF EXISTS `vclientaddr` */;

/*!50001 CREATE ALGORITHM=TEMPTABLE DEFINER=`root`@`localhost` SQL SECURITY DEFINER VIEW `vclientaddr` AS (select `client_site`.`site_id` AS `site_id`,`client_site`.`project_code` AS `project_code`,`project`.`client_code` AS `client_code`,`client_site`.`site_name` AS `site_name`,`address`.`addr_id` AS `addr_id`,`address`.`addr1` AS `addr1`,`address`.`addr2` AS `addr2`,`address`.`postcode` AS `postcode`,`address`.`city` AS `city`,`address`.`state` AS `state`,`code_definition`.`descr` AS `statename` from (((`client_site` join `address` on((`client_site`.`addr_id` = `address`.`addr_id`))) left join `code_definition` on(((`code_definition`.`code_cat` = 'state') and (`code_definition`.`code` = `address`.`state`)))) left join `project` on((`project`.`project_code` = `client_site`.`project_code`)))) */;

/*!40101 SET SQL_MODE=@OLD_SQL_MODE */;
/*!40014 SET FOREIGN_KEY_CHECKS=@OLD_FOREIGN_KEY_CHECKS */;
/*!40014 SET UNIQUE_CHECKS=@OLD_UNIQUE_CHECKS */;
/*!40111 SET SQL_NOTES=@OLD_SQL_NOTES */;
