-- phpMyAdmin SQL Dump
-- version 3.5.5
-- http://www.phpmyadmin.net
--
-- Host: localhost
-- Generation Time: Jan 20, 2015 at 03:07 PM
-- Server version: 5.5.29
-- PHP Version: 5.3.21

SET SQL_MODE="NO_AUTO_VALUE_ON_ZERO";
SET time_zone = "+00:00";


/*!40101 SET @OLD_CHARACTER_SET_CLIENT=@@CHARACTER_SET_CLIENT */;
/*!40101 SET @OLD_CHARACTER_SET_RESULTS=@@CHARACTER_SET_RESULTS */;
/*!40101 SET @OLD_COLLATION_CONNECTION=@@COLLATION_CONNECTION */;
/*!40101 SET NAMES utf8 */;

--
-- Database: `thehelpdesk`
--

DELIMITER $$
--
-- Functions
--
CREATE DEFINER=`thehelpdesk`@`localhost` FUNCTION `datedifference`(date1 DATE, date2 DATE) RETURNS date
    NO SQL
BEGIN
    DECLARE dif DATE;
    IF DATEDIFF(date1, DATE(CONCAT(YEAR(date1),'-', MONTH(date1), '-', DAY(date2)))) < 0    THEN
                SET dif=DATE_FORMAT(
                                        CONCAT(
                                            PERIOD_DIFF(DATE_FORMAT(date1, '%y%m'),DATE_FORMAT(date2, '%y%m'))DIV 12 , 
                                            '-',
                                            PERIOD_DIFF(DATE_FORMAT(date1, '%y%m'),DATE_FORMAT(date2, '%y%m'))% 12 , 
                                            '-',
                                            DATEDIFF(date1, DATE(CONCAT(YEAR(date1),'-', MONTH(DATE_SUB(date1, INTERVAL 1 MONTH)), '-', DAY(date2))))),
                                        '%Y-%m-%d');
    ELSEIF DATEDIFF(date1, DATE(CONCAT(YEAR(date1),'-', MONTH(date1), '-', DAY(date2)))) < DAY(LAST_DAY(DATE_SUB(date1, INTERVAL 1 MONTH))) THEN
                SET dif=DATE_FORMAT(
                                        CONCAT(
                                            PERIOD_DIFF(DATE_FORMAT(date1, '%y%m'),DATE_FORMAT(date2, '%y%m'))DIV 12 , 
                                            '-',
                                            PERIOD_DIFF(DATE_FORMAT(date1, '%y%m'),DATE_FORMAT(date2, '%y%m'))% 12 , 
                                            '-',
                                            DATEDIFF(date1, DATE(CONCAT(YEAR(date1),'-', MONTH(date1), '-', DAY(date2))))),
                                        '%Y-%m-%d');
    ELSE
                SET dif=DATE_FORMAT(
                                        CONCAT(
                                            PERIOD_DIFF(DATE_FORMAT(date1, '%y%m'),DATE_FORMAT(date2, '%y%m'))DIV 12 , 
                                            '-',
                                            PERIOD_DIFF(DATE_FORMAT(date1, '%y%m'),DATE_FORMAT(date2, '%y%m'))% 12 , 
                                            '-',
                                            DATEDIFF(date1, DATE(CONCAT(YEAR(date1),'-', MONTH(date1), '-', DAY(date2))))),
                                        '%Y-%m-%d');
    END IF;
RETURN dif;
END$$

CREATE DEFINER=`thehelpdesk`@`localhost` FUNCTION `getCaseID`(project_code VARCHAR(11)) RETURNS varchar(15) CHARSET latin1 COLLATE latin1_general_ci
    DETERMINISTIC
BEGIN
	DECLARE case_id VARCHAR(15);
	DECLARE seq_month INT (11);
	DECLARE	cur_month INT (11);
	
	SELECT MONTH(NOW()) INTO cur_month;
	SELECT MONTH INTO seq_month FROM seq WHERE TYPE='project' AND CODE=project_code;
	
	IF seq_month <> cur_month THEN
		UPDATE 	seq 
		SET 	MONTH 	= cur_month,
			cur	= 0,
			nextval = 1
		WHERE	TYPE	= 'project' 
		AND 	CODE	= project_code;
	END IF;
	
	SELECT 	CONCAT(project_code,RIGHT(CONCAT('00',nextval),3),RIGHT(CONCAT('00',MONTH),2),RIGHT(CONCAT('00',YEAR(NOW())),2)) 
	INTO 	case_id 
	FROM 	seq 
	WHERE 	CODE = project_code 
	AND 	TYPE = 'project';
	
	RETURN case_id;
    END$$

CREATE DEFINER=`thehelpdesk`@`localhost` FUNCTION `getDateDiff`(durTime INT(11)) RETURNS varchar(255) CHARSET latin1 COLLATE latin1_general_ci
    DETERMINISTIC
BEGIN
	DECLARE t INT(11);
	DECLARE days INT(11);
	DECLARE hours INT(11);
	DECLARE minutes INT(11);
	DECLARE seconds INT(11);
	DECLARE s_days VARCHAR(255);
	DECLARE s_hours VARCHAR(255);
	DECLARE s_minutes VARCHAR(255);
	DECLARE s_seconds VARCHAR(255);
	DECLARE s_result VARCHAR(255);
	
	SET t 	   	= durTime;
	SET days 	= FLOOR(durTime/86400);
	SET t 		= t-(days*86400);	
	SET hours 	= FLOOR(t/3600);
	SET t 		= t-(hours*3600);
	SET minutes 	= FLOOR(t/60);
	SET seconds 	= t-(minutes*60);
	
	
	IF days < 1 THEN 
		SET s_days = '';
	ELSE 
		SET s_days = CONCAT(days, ' days');
	END IF;
	
	IF hours < 1 THEN 
		SET s_hours = '';
	ELSEIF hours = 1 THEN
		SET s_hours = 'An hour';
	ELSE 
		SET s_hours = CONCAT(hours, ' hours');
	END IF;	
	
	IF minutes < 1 THEN 
		SET s_minutes = '';
	ELSEIF minutes = 1 THEN 
		SET s_minutes = '1 minute';
	ELSE 
		SET s_minutes = CONCAT(minutes, ' minutes');
	END IF;	
	
	IF seconds < 1 THEN 
		SET s_seconds = '';
	ELSE 
		SET s_seconds = CONCAT(seconds, ' seconds');
	END IF;	
		
	SET s_result = CONCAT(s_days,' and ',s_hours,' and ',s_minutes,' and ',s_seconds);
	
	IF days = 0 AND hours = 0 AND minutes = 0 AND (seconds > -1 AND seconds < 59) THEN 
		SET s_result = 'Few seconds ago';
	ELSEIF days > 0 AND hours > 0 THEN 
		SET s_result = CONCAT(s_days,' and ',s_hours);
	ELSEIF days > 0 AND hours = 0 THEN 
		SET s_result = CONCAT(s_days,' and ',s_minutes);
	ELSEIF days = 0 AND hours = 0 THEN 
		SET s_result = CONCAT(s_minutes, ' ago');
	ELSEIF days = 0 AND hours > 0 AND minutes > 0 THEN 
		SET s_result = CONCAT(s_hours,' and ',s_minutes);	
	ELSEIF days = 0 AND hours = 0 AND minutes = 1  THEN 
		SET s_result = 'A minute ago';
	ELSEIF days = 0 AND hours = 0 AND minutes = 2  THEN 
		SET s_result = 'Two minutes ago';
	ELSEIF days = 0 AND hours = 0 AND minutes = 3  THEN 
		SET s_result = 'Three minutes ago';
	ELSEIF days = 0 AND hours = 0 AND minutes = 4  THEN 
		SET s_result = 'Four minutes ago';
	ELSEIF days = 0 AND hours = 0 AND minutes = 5  THEN 
		SET s_result = 'Five minutes ago';
	ELSEIF days = 0 AND hours = 0 AND minutes = 15  THEN 
		SET s_result = 'Fifteen minutes ago';
	ELSEIF days = 0 AND hours = 0 AND minutes = 30  THEN 
		SET s_result = 'Thirty minutes ago';
	END IF;	
	
	RETURN TRIM(s_result);
      END$$

CREATE DEFINER=`thehelpdesk`@`localhost` FUNCTION `getDur`(date1 DATETIME, date2 DATETIME) RETURNS varchar(100) CHARSET latin1 COLLATE latin1_general_ci
    DETERMINISTIC
BEGIN
	DECLARE maxAddrid VARCHAR(100);
	SELECT  
	(UNIX_TIMESTAMP(date1) - UNIX_TIMESTAMP(date2) - 86400 * (
	      (FLOOR(DATEDIFF(date1, date2) / 7) * 2) +
               IF(WEEKDAY(date1) > 4, WEEKDAY(date1) - 4, 0) + 
               IF(WEEKDAY(date1) < WEEKDAY(date2), 2, 0))) 
              INTO maxAddrid;
	RETURN maxAddrid;
      END$$

CREATE DEFINER=`thehelpdesk`@`localhost` FUNCTION `getMaxAddrid`() RETURNS int(11)
    DETERMINISTIC
BEGIN
	DECLARE maxAddrid INT;
	SELECT IFNULL(MAX(addr_id),0)+1 INTO maxAddrid FROM address ;
	RETURN maxAddrid;
      END$$

CREATE DEFINER=`thehelpdesk`@`localhost` FUNCTION `getMaxCat`() RETURNS int(11)
    DETERMINISTIC
BEGIN
	DECLARE maxCatNum INT;
	SELECT MAX(CODE)+1 INTO maxCatNum FROM code_definition WHERE code_cat = 'servicecat';
	RETURN maxCatNum;
      END$$

CREATE DEFINER=`thehelpdesk`@`localhost` FUNCTION `getMaxItem`() RETURNS int(11)
    DETERMINISTIC
BEGIN
	DECLARE maxItemNum INT;
	SELECT MAX(CODE)+1 INTO maxItemNum  FROM code_definition WHERE code_cat = 'item';
	RETURN maxItemNum ;
      END$$

CREATE DEFINER=`thehelpdesk`@`localhost` FUNCTION `getMaxTyp`() RETURNS int(11)
    DETERMINISTIC
BEGIN
	DECLARE maxTypNum INT;
	SELECT MAX(CODE)+1 INTO maxTypNum FROM code_definition WHERE code_cat = 'servicetyp';
	RETURN maxTypNum;
      END$$

CREATE DEFINER=`thehelpdesk`@`localhost` FUNCTION `getMaxVia`() RETURNS int(11)
    DETERMINISTIC
BEGIN
	DECLARE maxViaNum INT;
	SELECT MAX(CODE)+1 INTO maxViaNum FROM code_definition WHERE code_cat = 'casevia';
	RETURN maxViaNum;
      END$$

CREATE DEFINER=`thehelpdesk`@`localhost` FUNCTION `getProjCode`(code_client VARCHAR(11)) RETURNS varchar(11) CHARSET latin1 COLLATE latin1_general_ci
    DETERMINISTIC
BEGIN
	DECLARE c_code VARCHAR(10);
	DECLARE project_code VARCHAR(10);
	
	SELECT client_code INTO c_code FROM client WHERE client_code=code_client;
	SELECT 	CONCAT(c_code,RIGHT(CONCAT('00',nextval),2)) 
	INTO 	project_code 
	FROM 	seq 
	WHERE 	CODE = c_code 
	AND 	TYPE = 'client';	
	
	RETURN project_code;
    END$$

CREATE DEFINER=`thehelpdesk`@`localhost` FUNCTION `getTime`(date1 INT(100)) RETURNS varchar(100) CHARSET latin1 COLLATE latin1_general_ci
    DETERMINISTIC
BEGIN
	DECLARE maxAddrid VARCHAR(100);
	SELECT  CONCAT(	FLOOR(date1 / 86400),':', TIME_FORMAT(SEC_TO_TIME(date1 % 86400 ),'%H:%i')) INTO maxAddrid;
	RETURN maxAddrid;
      END$$

DELIMITER ;

-- --------------------------------------------------------

--
-- Table structure for table `access`
--

CREATE TABLE IF NOT EXISTS `access` (
  `id` int(11) NOT NULL AUTO_INCREMENT,
  `sort` int(2) NOT NULL DEFAULT '0',
  `type` varchar(20) COLLATE latin1_general_ci DEFAULT NULL,
  `access_id` int(10) NOT NULL,
  `description` varchar(50) COLLATE latin1_general_ci DEFAULT NULL,
  `path` varchar(200) COLLATE latin1_general_ci DEFAULT NULL,
  PRIMARY KEY (`id`,`access_id`)
) ENGINE=InnoDB  DEFAULT CHARSET=latin1 COLLATE=latin1_general_ci AUTO_INCREMENT=97 ;

--
-- Dumping data for table `access`
--

INSERT INTO `access` (`id`, `sort`, `type`, `access_id`, `description`, `path`) VALUES
(1, 1, '1- Page', 1, 'Dashboard', 'index.php'),
(2, 2, '1- Page', 2, 'Incident', 'incident/index.php'),
(3, 6, '1- Page', 4, 'Report', 'report/index.php'),
(4, 7, '1- Page', 8, 'Calendar', 'calendar/index.php'),
(5, 8, '1- Page', 16, 'Inventory', 'inventory/index.php'),
(6, 17, '1- Page', 32, 'Setting', 'config/index.php'),
(7, 13, '1- Page', 64, 'Notification', 'notification/index.php'),
(8, 15, '1- Page', 128, 'Profile', 'profile/index.php'),
(9, 3, '1- Page', 256, 'Incident- New', 'incident/new.php'),
(10, 4, '1- Page', 512, 'Incident- View', 'incident/view.php'),
(11, 5, '1- Page', 1024, 'Incident- Update', 'incident/update/index.php'),
(12, 9, '1- Page', 2048, 'Inventory- New', 'inventory/new.php'),
(13, 10, '1- Page', 4096, 'Inventory- View', 'inventory/view.php'),
(14, 0, '1- Page', 8192, NULL, NULL),
(15, 11, '1- Page', 16384, 'Inventory- Machine', 'inventory/machine/index.php'),
(16, 12, '1- Page', 32768, 'Inventory- Machine- New', 'inventory/machine/new.php'),
(17, 12, '1- Page', 65536, 'Inventory- Machine- View', 'inventory/machine/view.php'),
(18, 14, '1- Page', 131072, 'Notification- View', 'notification/view.php'),
(19, 0, '1- Page', 262144, NULL, NULL),
(20, 0, '1- Page', 524288, NULL, NULL),
(21, 0, '1- Page', 1048576, NULL, NULL),
(22, 0, '1- Page', 2097152, NULL, NULL),
(23, 0, '1- Page', 4194304, NULL, NULL),
(24, 0, '1- Page', 8388608, NULL, NULL),
(25, 0, '1- Page', 16777216, NULL, NULL),
(26, 0, '1- Page', 33554432, NULL, NULL),
(27, 0, '1- Page', 67108864, NULL, NULL),
(28, 0, '1- Page', 134217728, NULL, NULL),
(29, 0, '1- Page', 268435456, NULL, NULL),
(30, 0, '1- Page', 536870912, NULL, NULL),
(31, 0, '1- Page', 1073741824, NULL, NULL),
(32, 0, '1- Page', 2147483647, NULL, NULL),
(33, 1, '2- Setting Page', 1, 'Setting- Category', 'config/category/index.php'),
(34, 2, '2- Setting Page', 2, 'Setting- Report Channel', 'config/channel/index.php'),
(35, 3, '2- Setting Page', 4, 'Setting- Client', 'config/client/index.php'),
(36, 4, '2- Setting Page', 8, 'Setting- Client- New', 'config/client/new.php'),
(37, 5, '2- Setting Page', 16, 'Setting- Client- View', 'config/client/view.php'),
(38, 6, '2- Setting Page', 32, 'Setting- Item', 'config/item/index.php'),
(39, 7, '2- Setting Page', 64, 'Setting- Project', 'config/project/index.php'),
(40, 8, '2- Setting Page', 128, 'Setting- Project- New', 'config/project/new.php'),
(41, 9, '2- Setting Page', 256, 'Setting- Project- View', 'config/project/view.php'),
(42, 10, '2- Setting Page', 512, 'Setting- Project- Scheduler', 'config/project/scheduler/index.php'),
(43, 11, '2- Setting Page', 1024, 'Setting- Service type', 'config/servicetype/index.php'),
(44, 12, '2- Setting Page', 2048, 'Setting- Site', 'config/site/index.php'),
(45, 13, '2- Setting Page', 4096, 'Setting- Site- New', 'config/site/new.php'),
(46, 14, '2- Setting Page', 8192, 'Setting- Site- View', 'config/site/view.php'),
(47, 15, '2- Setting Page', 16384, 'Setting- User', 'config/user/index.php'),
(48, 16, '2- Setting Page', 32768, 'Setting- User- New', 'config/user/new.php'),
(49, 17, '2- Setting Page', 65536, 'Setting- User- View', 'config/user/view.php'),
(50, 18, '2- Setting Page', 131072, 'Setting- User- Assign_Project', 'config/user/assign_project.php'),
(51, 19, '2- Setting Page', 262144, 'Setting- User- Access', 'config/user/access/index.php'),
(52, 20, '2- Setting Page', 524288, 'Setting- User- Assign Project', 'config/user/assign_project/index.php'),
(53, 0, '2- Setting Page', 1048576, NULL, NULL),
(54, 0, '2- Setting Page', 2097152, NULL, NULL),
(55, 0, '2- Setting Page', 4194304, NULL, NULL),
(56, 0, '2- Setting Page', 8388608, NULL, NULL),
(57, 0, '2- Setting Page', 16777216, NULL, NULL),
(58, 0, '2- Setting Page', 33554432, NULL, NULL),
(59, 0, '2- Setting Page', 67108864, NULL, NULL),
(60, 0, '2- Setting Page', 134217728, NULL, NULL),
(61, 0, '2- Setting Page', 268435456, NULL, NULL),
(62, 0, '2- Setting Page', 536870912, NULL, NULL),
(63, 0, '2- Setting Page', 1073741824, NULL, NULL),
(64, 0, '2- Setting Page', 2147483647, NULL, NULL),
(65, 0, 'Button', 1, NULL, NULL),
(66, 0, 'Button', 2, NULL, NULL),
(67, 0, 'Button', 4, NULL, NULL),
(68, 0, 'Button', 8, NULL, NULL),
(69, 0, 'Button', 16, NULL, NULL),
(70, 0, 'Button', 32, NULL, NULL),
(71, 0, 'Button', 64, NULL, NULL),
(72, 1, 'Button', 128, 'Create New Incident', NULL),
(73, 2, 'Button', 256, 'Edit Incident', NULL),
(74, 3, 'Button', 512, 'Update Incident', NULL),
(75, 4, 'Button', 1024, 'Assign Engineer', NULL),
(76, 5, 'Button', 2048, 'Create Machine Type', NULL),
(77, 6, 'Button', 4096, 'Add Inventory', NULL),
(78, 7, 'Button', 8192, 'Generate Report', NULL),
(79, 0, 'Button', 16384, NULL, NULL),
(80, 0, 'Button', 32768, NULL, NULL),
(81, 0, 'Button', 65536, NULL, NULL),
(82, 0, 'Button', 131072, NULL, NULL),
(83, 0, 'Button', 262144, NULL, NULL),
(84, 0, 'Button', 524288, NULL, NULL),
(85, 0, 'Button', 1048576, NULL, NULL),
(86, 0, 'Button', 2097152, NULL, NULL),
(87, 0, 'Button', 4194304, NULL, NULL),
(88, 0, 'Button', 8388608, NULL, NULL),
(89, 0, 'Button', 16777216, NULL, NULL),
(90, 0, 'Button', 33554432, NULL, NULL),
(91, 0, 'Button', 67108864, NULL, NULL),
(92, 0, 'Button', 134217728, NULL, NULL),
(93, 0, 'Button', 268435456, NULL, NULL),
(94, 0, 'Button', 536870912, NULL, NULL),
(95, 0, 'Button', 1073741824, NULL, NULL),
(96, 0, 'Button', 2147483647, NULL, NULL);

-- --------------------------------------------------------

--
-- Table structure for table `address`
--

CREATE TABLE IF NOT EXISTS `address` (
  `addr_id` int(11) NOT NULL AUTO_INCREMENT,
  `addr1` varchar(100) COLLATE latin1_general_ci DEFAULT NULL,
  `addr2` varchar(100) COLLATE latin1_general_ci DEFAULT NULL,
  `postcode` varchar(5) COLLATE latin1_general_ci DEFAULT NULL,
  `city` varchar(30) COLLATE latin1_general_ci DEFAULT NULL,
  `state` varchar(20) COLLATE latin1_general_ci DEFAULT NULL,
  PRIMARY KEY (`addr_id`)
) ENGINE=InnoDB  DEFAULT CHARSET=latin1 COLLATE=latin1_general_ci AUTO_INCREMENT=18 ;

--
-- Dumping data for table `address`
--

INSERT INTO `address` (`addr_id`, `addr1`, `addr2`, `postcode`, `city`, `state`) VALUES
(1, 'Maxis System Operations Center', 'Lebuhraya Puchong-Sg Besi', '57000', 'Sg Besi', '0'),
(2, 'Kepong Data Center', 'Jalan Ambong Kiri 2,', '52100', 'Kepong', '0'),
(4, 'CICT Data Center', 'Jalan Sultan Ismail', '50150', 'Kuala Lumpur', '0'),
(5, 'CICT Data Center', 'Kompleks Kerajaan Parcel E', '62604', 'Putrajaya', '2'),
(6, 'CICT Data Center', 'Jalan Universiti', '59100', 'Kuala Lumpur', '0'),
(7, 'CICT Data Center', 'Lebuhraya Tun Razak', '26300', 'Kuantan', '8'),
(8, 'Blok C7, Kompleks C', 'Pusat Pentadbiran, Kerajaan Persekutuan', '62520', 'Putrajaya', '2'),
(10, 'CICT Data Center', 'Skudai', '81300', 'Johor Bahru', '3'),
(11, 'CICT Data Center', 'Skudai', '81300', 'Johor Bahru', '3'),
(12, 'CICT Data Center', 'Tanjong Malim', '35900', 'Tanjung Malim', '9'),
(13, '', '', '', 'Cyberjaya', '14'),
(14, 'Menara TH', 'Jalan Sultan Ismail', '50250', 'Kuala Lumpur', '0'),
(15, 'Menara TH', 'Jalan Sultan Ismail', '50250', 'Kuala Lumpur', '0'),
(16, 'CICT Data Center', 'Jalan Padang Tembak', '50556', 'Kuala Lumpur', '0'),
(17, 'Blok C7, Kompleks C', 'Pusat Pentadbiran, Kerajaan Persekutuan', '62520', 'Putrajaya', '2');

-- --------------------------------------------------------

--
-- Table structure for table `assignment`
--

CREATE TABLE IF NOT EXISTS `assignment` (
  `assignment_id` int(11) NOT NULL AUTO_INCREMENT,
  `case_id` varchar(15) COLLATE latin1_general_ci DEFAULT NULL,
  `user_id` int(11) DEFAULT NULL,
  `assign_by` varchar(20) COLLATE latin1_general_ci DEFAULT NULL,
  `assign_date` datetime DEFAULT NULL,
  `assign_note` varchar(100) COLLATE latin1_general_ci DEFAULT NULL,
  PRIMARY KEY (`assignment_id`)
) ENGINE=InnoDB  DEFAULT CHARSET=latin1 COLLATE=latin1_general_ci AUTO_INCREMENT=66 ;

--
-- Dumping data for table `assignment`
--

INSERT INTO `assignment` (`assignment_id`, `case_id`, `user_id`, `assign_by`, `assign_date`, `assign_note`) VALUES
(7, 'UTM010070314', 59, 'admin', '2014-03-30 09:00:36', ''),
(8, 'UTM010010414', 59, 'admin', '2014-04-29 18:47:21', ''),
(9, 'SPA020030514', 67, 'admin', '2014-05-14 20:52:52', 'to replaced power supply'),
(10, 'SSCS010020514', 66, 'admin', '2014-05-26 12:37:32', ''),
(11, 'SSCS010030514', 67, 'admin', '2014-05-26 12:42:59', ''),
(12, 'SSCS010040514', 67, 'admin', '2014-05-27 12:25:07', 'need to replaced disk unit : 300Gb 1.5k\nrpm'),
(13, 'JHEV010010614', 69, 'zaihan', '2014-06-09 12:51:12', 'need to replaced disk unit. Please call Lena  for appt'),
(14, 'JHEV010020614', 69, 'zaihan', '2014-06-09 12:55:23', 'please call lena for appt'),
(15, 'Maxis010010614', 72, 'zaihan', '2014-06-13 16:50:55', 'please replaced disk unit'),
(16, 'SPA020010614', 72, 'admin', '2014-06-20 19:25:39', ''),
(17, 'SPA010020614', 69, 'admin', '2014-06-20 20:39:53', ''),
(18, 'SPA010020614', 72, 'hasrul', '2014-06-20 21:40:40', ''),
(19, 'SPA010020614', 72, 'hasrul', '2014-06-20 21:56:05', ''),
(20, 'SPA010030614', 69, 'admin', '2014-06-20 22:22:03', ''),
(21, 'SPA010030614', 72, 'hasrul', '2014-06-20 22:24:54', ''),
(22, 'SPA010040614', 72, 'admin', '2014-06-23 15:54:39', ''),
(23, 'Maxis010020614', 72, 'admin', '2014-06-25 13:42:34', ''),
(24, 'Maxis010030614', 72, 'admin', '2014-06-28 11:55:45', ''),
(25, 'JPAM010010714', 72, 'admin', '2014-07-02 07:28:32', ''),
(26, 'UPSI020010714', 69, 'amin', '2014-07-09 15:55:08', 'Haikal will continue to restore the OS next day.'),
(27, 'Maxis010010714', 72, 'admin', '2014-07-09 23:52:58', ''),
(28, 'Maxis010020714', 72, 'admin', '2014-07-21 22:32:47', ''),
(29, 'Maxis010030714', 72, 'admin', '2014-07-21 22:41:25', ''),
(30, 'Maxis010040714', 72, 'admin', '2014-07-24 23:58:30', ''),
(31, 'JHEV010010814', 72, 'admin', '2014-08-11 20:55:15', ''),
(32, 'SPA010020814', 72, 'admin', '2014-08-18 23:15:05', ''),
(33, 'SPA010010814', 72, 'admin', '2014-09-03 00:08:30', ''),
(34, 'Maxis010010914', 69, 'admin', '2014-09-03 00:18:15', ''),
(35, 'Maxis010020914', 72, 'admin', '2014-09-03 00:21:59', ''),
(36, 'Maxis010030914', 72, 'admin', '2014-09-03 18:00:06', ''),
(37, 'Maxis010040914', 72, 'admin', '2014-09-09 20:54:40', ''),
(38, 'Maxis010050914', 72, 'admin', '2014-09-09 20:58:40', ''),
(39, 'SPA010010914', 69, 'admin', '2014-09-16 21:55:13', ''),
(40, 'SPA010020914', 72, 'admin', '2014-09-24 22:43:46', ''),
(41, 'SPA010020914', 72, 'admin', '2014-09-24 22:43:46', ''),
(42, 'SPA010020914', 72, 'admin', '2014-09-24 22:43:47', ''),
(43, 'JHEV010010914', 72, 'admin', '2014-09-24 22:54:38', ''),
(44, 'Maxis010060914', 72, 'admin', '2014-09-26 21:59:59', ''),
(45, 'Maxis010070914', 72, 'admin', '2014-09-26 22:00:49', ''),
(46, 'SPA020011014', 72, 'admin', '2014-10-01 10:44:14', ''),
(47, 'UPSI020011014', 70, 'amin', '2014-10-01 15:59:18', 'Replacement schedule on 2/10/2014.'),
(48, 'JHEV020011014', 72, 'admin', '2014-10-03 20:49:00', ''),
(49, 'Maxis010011014', 72, 'admin', '2014-10-08 08:44:25', ''),
(50, 'Maxis010021014', 72, 'admin', '2014-10-20 15:06:58', ''),
(51, 'Maxis010011114', 72, 'admin', '2014-11-07 12:20:05', ''),
(52, 'SPA010011114', 72, 'admin', '2014-11-20 12:19:11', ''),
(53, 'Maxis010021114', 72, 'admin', '2014-11-20 12:22:05', ''),
(54, 'Maxis010031114', 69, 'admin', '2014-11-20 12:27:20', ''),
(55, 'Maxis010031114', 70, 'admin', '2014-11-20 12:27:30', ''),
(56, 'UTM010031114', 68, 'admin', '2014-11-23 19:03:44', ''),
(57, 'UPSI020011214', 83, 'rozli', '2014-12-25 15:22:48', ''),
(58, 'UPSI020011214', 70, 'rozli', '2014-12-25 15:38:57', ''),
(59, 'UPSI020021214', 70, 'admin', '2014-12-31 08:07:07', ''),
(60, 'Maxis010011214', 70, 'admin', '2014-12-31 08:10:00', ''),
(61, 'Maxis010011214', 70, 'admin', '2014-12-31 08:12:36', ''),
(62, 'Maxis010011214', 70, 'admin', '2014-12-31 08:12:40', ''),
(63, 'Maxis010011214', 70, 'admin', '2014-12-31 08:12:40', ''),
(64, 'Maxis010011214', 70, 'admin', '2014-12-31 08:12:40', ''),
(65, 'Maxis010011214', 70, 'admin', '2014-12-31 08:12:40', '');

-- --------------------------------------------------------

--
-- Table structure for table `cases`
--

CREATE TABLE IF NOT EXISTS `cases` (
  `case_id` varchar(15) COLLATE latin1_general_ci NOT NULL,
  `project_code` varchar(10) COLLATE latin1_general_ci DEFAULT NULL,
  `sn` varchar(45) COLLATE latin1_general_ci DEFAULT NULL,
  `site_id` int(11) DEFAULT '0',
  `addr_id` int(11) DEFAULT '0',
  `client_code` varchar(10) COLLATE latin1_general_ci DEFAULT NULL,
  `caller` varchar(45) COLLATE latin1_general_ci DEFAULT NULL,
  `contact` varchar(50) COLLATE latin1_general_ci DEFAULT NULL,
  `info` varchar(100) COLLATE latin1_general_ci DEFAULT NULL,
  `asset` varchar(45) COLLATE latin1_general_ci DEFAULT NULL,
  `servType` int(11) DEFAULT NULL,
  `via` int(11) DEFAULT NULL,
  `cat` int(11) DEFAULT NULL,
  `item` varchar(100) COLLATE latin1_general_ci DEFAULT NULL,
  `product` int(11) DEFAULT NULL,
  `title` varchar(200) COLLATE latin1_general_ci DEFAULT NULL,
  `problem` text COLLATE latin1_general_ci,
  `sla` int(11) DEFAULT NULL,
  `flag` int(11) DEFAULT NULL,
  `recurrence` varchar(50) COLLATE latin1_general_ci DEFAULT NULL,
  `sts` int(11) DEFAULT NULL,
  `engineer` varchar(20) COLLATE latin1_general_ci DEFAULT NULL,
  `open_by` varchar(45) COLLATE latin1_general_ci DEFAULT NULL,
  `close_by` varchar(45) COLLATE latin1_general_ci DEFAULT NULL,
  `open_date` datetime DEFAULT NULL,
  `assign_time` datetime DEFAULT NULL,
  `response_time` datetime DEFAULT NULL,
  `onsite_time` datetime DEFAULT NULL,
  `pending_time` datetime DEFAULT NULL,
  `resolve_time` datetime DEFAULT NULL,
  `close_date` datetime DEFAULT NULL,
  `MTTC` varchar(50) COLLATE latin1_general_ci DEFAULT NULL,
  `MTTA` varchar(50) COLLATE latin1_general_ci DEFAULT NULL,
  `MTTR` varchar(50) COLLATE latin1_general_ci DEFAULT NULL,
  `MTTSR` timestamp NULL DEFAULT NULL,
  `MTTCL` timestamp NULL DEFAULT NULL,
  `remarks` varchar(200) COLLATE latin1_general_ci DEFAULT NULL,
  `audit_log` text COLLATE latin1_general_ci,
  `mod_by` varchar(45) COLLATE latin1_general_ci DEFAULT NULL,
  `mod_date` datetime DEFAULT NULL,
  `resolution` text COLLATE latin1_general_ci,
  `resolution_type` varchar(45) COLLATE latin1_general_ci DEFAULT NULL,
  PRIMARY KEY (`case_id`)
) ENGINE=InnoDB DEFAULT CHARSET=latin1 COLLATE=latin1_general_ci;

--
-- Dumping data for table `cases`
--

INSERT INTO `cases` (`case_id`, `project_code`, `sn`, `site_id`, `addr_id`, `client_code`, `caller`, `contact`, `info`, `asset`, `servType`, `via`, `cat`, `item`, `product`, `title`, `problem`, `sla`, `flag`, `recurrence`, `sts`, `engineer`, `open_by`, `close_by`, `open_date`, `assign_time`, `response_time`, `onsite_time`, `pending_time`, `resolve_time`, `close_date`, `MTTC`, `MTTA`, `MTTR`, `MTTSR`, `MTTCL`, `remarks`, `audit_log`, `mod_by`, `mod_date`, `resolution`, `resolution_type`) VALUES
('', '', '75NC370', 7, 2, '', 'Oo Teoh Keam', '0193807019', 'TK.Oo@solid-global.com', NULL, 0, 1, 0, '', 157, 'Change Date and Time in DS8300', 'Change Date and Time', 21, 0, '', 0, NULL, 'admin', NULL, '2014-07-21 22:31:32', NULL, NULL, NULL, NULL, NULL, NULL, NULL, NULL, NULL, NULL, NULL, NULL, NULL, NULL, NULL, NULL, NULL),
('JHEV010010814', 'JHEV01', '71452RA', 20, 14, 'JHEV', 'Pn Lena', '016-9747095', 'lena@mod.gov.my', NULL, 0, 1, 0, '', 63, 'Install driver', 'Install MPIO in ibm server', 7, 0, '', 5, '72', 'admin', NULL, '2014-08-11 20:54:33', '2014-08-11 20:55:15', NULL, '2014-08-12 11:00:00', NULL, '2014-08-14 18:00:00', '2014-09-08 10:47:04', NULL, NULL, NULL, NULL, NULL, '', NULL, 'admin', '2014-09-08 10:47:04', '- Install MPIO', '2'),
('JHEV010010914', 'JHEV01', '99B0405', 20, 14, 'JHEV', 'Lena Anggie', '', 'lena@mod.gov.my', NULL, 0, 1, 0, '', 117, 'Vibes server down', '', 7, 0, '', 1, '72', 'admin', NULL, '2014-09-24 22:54:20', '2014-09-24 22:54:38', NULL, '2014-09-25 11:00:00', NULL, NULL, NULL, NULL, NULL, NULL, NULL, NULL, '', NULL, 'admin', '2014-09-24 22:55:22', '', ''),
('JHEV010020614', 'JHEV01', '99B0406', 20, 14, 'JHEV', 'cik Lena', '0169747095', '', NULL, 0, 0, 0, '', 110, 'hdisk failed', 'need to replaced disk\npn 42D0633 146 gb', 7, 0, '', 5, '69', 'zaihan', NULL, '2014-06-09 12:54:15', '2014-06-09 12:55:23', NULL, '2014-06-09 15:00:00', NULL, '2014-06-09 16:00:00', '2014-06-09 15:55:06', NULL, NULL, NULL, NULL, NULL, '', NULL, 'zaihan', '2014-06-09 15:55:06', 'replaced disk unit with  new part', '3'),
('JHEV020011014', 'JHEV02', '', 21, 15, 'JHEV', 'Lena Anggie', '', 'lena@mod.gov.my', NULL, 0, 1, 0, '', 127, 'v440 down', 'server reported down', 15, 0, '', 5, '72', 'admin', NULL, '2014-10-03 20:48:18', '2014-10-03 20:49:00', NULL, '2014-10-03 10:00:00', NULL, '2014-10-03 14:00:00', '2014-10-03 20:50:11', NULL, NULL, NULL, NULL, NULL, '', NULL, 'admin', '2014-10-03 20:50:11', '1. Server has no hdw error\n2. /oracle file sys full\n3. advice cstomer to clean.', '2'),
('JPAM010010714', 'JPAM01', '', 22, 16, 'JPAM', 'Irzuandy', '0176759659', 'irzuandy@civildefence.gov.my', NULL, 1, 1, 0, '', 0, 'PM Q3', '', 11, 0, '', 3, '72', 'admin', NULL, '2014-07-02 07:27:34', '2014-07-02 07:28:32', NULL, '2014-07-02 10:30:00', '2014-07-07 09:38:45', NULL, NULL, NULL, NULL, NULL, NULL, NULL, '', NULL, 'admin', '2014-07-07 09:38:45', '', ''),
('Maxis010010614', 'Maxis01', '7803218', 7, 2, 'Maxis', 'Mr Ikhwan', '+91-8885068039', '', NULL, 0, 1, 0, '', 0, 'Hard Disk Failed', 'Hard Disk failed at XIV\n1Tb disk', 21, 0, '', 5, '72', 'zaihan', NULL, '2014-06-13 16:50:31', '2014-06-13 16:50:55', NULL, '2014-06-13 00:00:00', NULL, '2014-06-13 00:00:00', '2014-06-26 20:56:08', NULL, NULL, NULL, NULL, NULL, '', NULL, 'admin', '2014-06-26 20:56:08', 'Hdd replaced and rebuild', ''),
('Maxis010010714', 'Maxis01', '75NC371', 7, 2, 'Maxis', 'Oo Teoh Keam', '0193807019', 'TK.Oo@solid-global.com', NULL, 0, 0, 0, '', 157, 'DS8300 Down', 'DS8300 flat down due to power source faulty', 21, 2, '', 5, '72', 'admin', NULL, '2014-07-09 23:52:32', '2014-07-09 23:52:58', NULL, '2014-08-03 00:00:00', '2014-07-09 23:53:05', '2014-08-03 22:54:00', '2014-08-11 20:47:38', NULL, NULL, NULL, NULL, NULL, '', NULL, 'admin', '2014-08-11 20:47:38', 'Replaced Battery', '2'),
('Maxis010010914', 'Maxis01', '75GYDTA', 6, 1, 'Maxis', 'Fadzli Fauzi', '', 'Fadzli.Fauzi@solid-global.com', NULL, 0, 1, 0, '', 160, 'SVC detect high temperature', 'high ambient temperature detected', 21, 0, '', 5, '69', 'admin', NULL, '2014-09-03 00:17:28', '2014-09-03 00:18:15', NULL, '2014-09-02 17:00:00', NULL, '2014-09-02 17:56:00', '2014-09-03 00:19:28', NULL, NULL, NULL, NULL, NULL, '', NULL, 'admin', '2014-09-03 00:19:28', 'No action required as it is the DC ambient temperature that are running high', '2'),
('Maxis010011014', 'Maxis01', '75NY760', 6, 1, 'Maxis', 'Abdul Razak Bin Khairuddin', '', 'AbdulRazak.BinKhairuddin@Solid-Global.com', NULL, 0, 1, 0, '', 157, 'Disk faulty', 'Disk faulty in DS8300 SGB', 21, 0, '', 1, '72', 'admin', NULL, '2014-10-08 08:44:02', '2014-10-08 08:44:25', NULL, '2014-10-08 12:00:00', NULL, NULL, NULL, NULL, NULL, NULL, NULL, NULL, '', NULL, 'admin', '2014-10-08 08:44:47', '', ''),
('Maxis010011114', 'Maxis01', '7803313', 6, 1, 'Maxis', 'Abdul Razak Bin Khairuddin', '', 'fazdlan@examedia.com.my', NULL, 0, 1, 0, '', 122, 'XIV HDD Failed', 'XIV HDD Failed', 21, 0, '', 5, '72', 'admin', NULL, '2014-11-07 12:18:38', '2014-11-07 12:20:05', NULL, '2014-11-06 21:00:00', NULL, '2014-11-07 22:00:00', '2014-11-07 12:20:42', NULL, NULL, NULL, NULL, NULL, '', NULL, 'admin', '2014-11-07 12:20:42', 'Replace HDD', '2'),
('Maxis010011214', 'Maxis01', '', 6, 1, 'Maxis', '', '', '', NULL, 0, 0, 0, '', 160, 'SVC down', 'SVC hung', 21, 0, '', 5, '70', 'admin', NULL, '2014-12-31 08:09:43', '2014-12-31 08:12:40', NULL, '2014-12-27 00:00:00', NULL, '2014-12-27 19:00:00', '2014-12-31 08:13:28', NULL, NULL, NULL, NULL, NULL, '', NULL, 'admin', '2014-12-31 08:13:28', '1. reboot SVC', '2'),
('Maxis010020614', 'Maxis01', '7803245', 6, 1, 'Maxis', 'Mohd Fadzli Fauzi', '019-3807113', 'Fadzli.Fauzi@solid-global.com', NULL, 0, 1, 0, '', 122, '2TB HDD FAILED (XIV SG. BESI)', 'HDD FAILED IN XIV SG BESI, HDD LOCATION Data module 2 disk 7', 21, 0, '', 5, '72', 'admin', NULL, '2014-06-25 13:38:55', '2014-06-25 13:42:34', NULL, '2014-06-25 18:00:00', NULL, '2014-06-25 22:00:00', '2014-06-26 20:52:10', NULL, NULL, NULL, NULL, NULL, '', NULL, 'fazdlan', '2014-06-26 20:52:10', '1. Replaced HDD\n2. Rebuild HDD', '2'),
('Maxis010020714', 'Maxis01', '75NC370', 7, 2, 'Maxis', 'Oo Teoh Keam', '0193554880', 'TK.Oo@solid-global.com', NULL, 0, 1, 0, '', 157, 'Change Date and Time in DS8300', 'Change Date and Time', 21, 0, '', 5, '72', 'admin', NULL, '2014-07-21 22:32:19', '2014-07-21 22:32:47', NULL, '2014-07-21 20:35:00', NULL, '2014-07-21 22:00:00', '2014-07-21 22:33:59', NULL, NULL, NULL, NULL, NULL, '', NULL, 'admin', '2014-07-21 22:33:59', '1. Change Time zone\n2. Reboot HMC', '2'),
('Maxis010020914', 'Maxis01', '7803166', 7, 2, 'Maxis', 'Fadzli Fauzi', '', 'Fadzli.Fauzi@solid-global.com', NULL, 0, 1, 0, '', 122, 'UPS failed', 'UPS failed in XIV', 21, 0, '', 4, '72', 'admin', NULL, '2014-09-03 00:21:37', '2014-09-03 00:21:59', NULL, '2014-09-02 18:00:00', NULL, '2014-09-02 22:00:00', '2014-09-03 00:23:39', NULL, NULL, NULL, NULL, NULL, '', NULL, 'admin', '2014-09-03 00:23:51', 'Checked hardware - no hdware error\nRun test - UPS initialize and optimize\ncase close', '2'),
('Maxis010021014', 'Maxis01', '75NC370', 6, 1, 'Maxis', 'Abdul Razak Bin Khairuddin', '', 'AbdulRazak.BinKhairuddin@Solid-Global.com', NULL, 0, 1, 0, '', 157, 'HDD Failed ds8300', '300GB hdd failed', 21, 0, '', 3, '72', 'admin', NULL, '2014-10-20 15:06:40', '2014-10-20 15:06:58', NULL, '0000-00-00 00:00:00', '2014-10-20 15:07:13', NULL, NULL, NULL, NULL, NULL, NULL, NULL, '', NULL, 'admin', '2014-10-20 15:07:13', '', ''),
('Maxis010021114', 'Maxis01', '7803218', 6, 1, 'Maxis', 'Abdul Razak Bin Khairuddin', '', 'fazdlan@examedia.com.my', NULL, 0, 0, 0, '', 158, 'setting call home in XIV', 'setting call home in XIV', 21, 0, '', 5, '72', 'admin', NULL, '2014-11-20 12:21:31', '2014-11-20 12:22:05', NULL, '2014-11-19 13:00:00', NULL, '2014-11-19 14:00:00', '2014-11-20 12:23:30', NULL, NULL, NULL, NULL, NULL, '', NULL, 'admin', '2014-11-20 12:23:30', 'configure all for XIV to enable call home features', '2'),
('Maxis010030614', 'Maxis01', '78K0FHB', 6, 1, 'Maxis', 'Mohd Fadzli Fauzi', '019-3807113', 'Fadzli.Fauzi@solid-global.com', NULL, 0, 1, 0, '', 123, 'DS5300 Hdd failed', 'Hdd failed in location Enclosure2 disk4 got failed – 300 GB disk', 21, 0, '', 5, '72', 'admin', NULL, '2014-06-28 11:53:30', '2014-06-28 11:55:45', NULL, '2014-06-28 19:00:00', NULL, '2014-06-28 20:48:00', '2014-06-30 05:43:58', NULL, NULL, NULL, NULL, NULL, '', NULL, 'admin', '2014-06-30 05:43:58', '1. Replaced Hdd,\n2. Rebuild Hdd', '2'),
('Maxis010030714', 'Maxis01', '7803218', 7, 2, 'Maxis', 'Oo Teoh Keam', '0193554880', 'TK.Oo@solid-global.com', NULL, 0, 1, 0, '', 158, 'HDD Failed in XIV', '1TB HDD Failed (disk 4 Module 5)', 21, 0, '', 5, '72', 'admin', NULL, '2014-07-21 22:41:03', '2014-07-21 22:41:25', NULL, '2014-07-21 22:00:00', '2014-07-21 22:42:05', '2014-07-22 19:00:00', '2014-07-24 23:55:05', NULL, NULL, NULL, NULL, NULL, 'Awaiting for part', NULL, 'admin', '2014-07-24 23:55:05', '1. Replaced HDD', '2'),
('Maxis010030914', 'Maxis01', '78K0FHB', 6, 1, 'Maxis', 'Mohd Fadzli Fauzi', '', 'Fadzli.Fauzi@solid-global.com', NULL, 0, 1, 0, '', 123, 'Hdd failed', 'HDD failed in DS5300', 21, 0, '', 5, '72', 'admin', NULL, '2014-09-03 17:55:18', '2014-09-03 18:00:06', NULL, '2014-09-03 20:00:00', NULL, '2014-09-04 22:00:00', '2014-09-05 13:49:46', NULL, NULL, NULL, NULL, NULL, '', NULL, 'admin', '2014-09-05 13:49:46', 'Replaced HDD', '2'),
('Maxis010031114', 'Maxis01', '7803245', 7, 2, 'Maxis', 'Abdul Razak Bin Khairuddin', '', 'fazdlan@examedia.com.my', NULL, 0, 1, 0, '', 122, 'XIV disk failed', 'XIV disk failed', 21, 0, '', 5, '70', 'admin', NULL, '2014-11-20 12:24:54', '2014-11-20 12:27:30', NULL, '2014-11-20 01:00:00', NULL, '2014-11-20 02:00:00', '2014-11-20 12:28:31', NULL, NULL, NULL, NULL, NULL, '', NULL, 'admin', '2014-11-20 12:28:31', '1. Replace HDD', '2'),
('Maxis010040714', 'Maxis01', '75NC370', 7, 2, 'Maxis', 'Oo Teoh Keam', '0193554880', 'teoh-keam.oo@dimensiondata.com', NULL, 0, 1, 0, '', 157, 'Power Supply failed', 'Power supply failed in DS8300', 21, 0, '', 5, '72', 'admin', NULL, '2014-07-24 23:57:30', '2014-07-24 23:58:30', NULL, '2014-07-24 21:00:00', NULL, '2014-07-24 22:00:00', '2014-07-24 23:59:34', NULL, NULL, NULL, NULL, NULL, '', NULL, 'admin', '2014-07-24 23:59:34', '1. Run serviceable event\n2. Replace HDD', '2'),
('Maxis010040914', 'Maxis01', '78K0FHB', 6, 1, 'Maxis', 'Abdul Razak Bin Khairuddin', '', 'AbdulRazak.BinKhairuddin@Solid-Global.com', NULL, 0, 1, 0, '', 123, 'HDD Failed in DS5', 'Enclosure2 slot9 got failed – 300 GB disk', 21, 0, '', 5, '72', 'admin', NULL, '2014-09-09 20:54:12', '2014-09-09 20:54:40', NULL, '2014-09-09 00:00:00', NULL, '2014-09-09 20:52:00', '2014-09-09 20:55:24', NULL, NULL, NULL, NULL, NULL, '', NULL, 'admin', '2014-09-09 20:55:24', '- Replaced HDD', '2'),
('Maxis010050914', 'Maxis01', '75NY760', 6, 1, 'Maxis', 'Abdul Razak Bin Khairuddin', '', 'AbdulRazak.BinKhairuddin@Solid-Global.com', NULL, 0, 0, 0, '', 157, 'HDD Failed in DS8', '1 Hdd Failed in ds8', 21, 0, '', 5, '72', 'admin', NULL, '2014-09-09 20:57:44', '2014-09-09 20:58:40', NULL, '2014-09-09 23:00:00', NULL, '2014-09-10 01:00:00', '2014-09-09 21:00:22', NULL, NULL, NULL, NULL, NULL, '', NULL, 'admin', '2014-09-09 21:00:22', '1. Replaced HDD', '2'),
('Maxis010060914', 'Maxis01', '7803218', 7, 2, 'Maxis', 'Abdul Razak Bin Khairuddin', '', 'AbdulRazak.BinKhairuddin@Solid-Global.com', NULL, 0, 1, 0, '', 158, 'HDD failed', '1 hdd failed in xiv', 21, 0, '', 5, '72', 'admin', NULL, '2014-09-26 21:30:01', '2014-09-26 21:59:59', NULL, '2014-09-26 22:00:00', '2014-09-26 22:00:19', '2014-09-27 12:00:00', '2014-10-01 10:42:22', NULL, NULL, NULL, NULL, NULL, '', NULL, 'admin', '2014-10-01 10:42:22', '1. Replaced HDD\n2. Replaced UPS', '2'),
('Maxis010070914', 'Maxis01', '7803218', 7, 2, 'Maxis', 'AbdulRazak.BinKhairuddin', '', 'AbdulRazak.BinKhairuddin@Solid-Global.com', NULL, 0, 1, 0, '', 158, 'UPS failed', 'UPS failed in XIV', 21, 0, '', 5, '72', 'admin', NULL, '2014-09-26 21:31:11', '2014-09-26 22:00:49', NULL, '2014-09-26 22:00:00', '2014-09-26 22:01:08', '2014-09-27 05:00:00', '2014-10-01 10:41:06', NULL, NULL, NULL, NULL, NULL, '', NULL, 'admin', '2014-10-01 10:41:06', '1. Replaced HDD\n2. Replaced UPS', '2'),
('SPA010010814', 'SPA01', '', 23, 17, 'SPA', 'Mr Firdaus', '', 'mfirdaus@spa.gov.my', NULL, 0, 1, 0, '', 0, 'Backup failed.', 'backup failed - backup tape full multiplex', 5, 0, '', 5, '72', 'admin', NULL, '2014-08-18 23:14:39', '2014-09-03 00:08:30', NULL, '2014-09-18 13:00:00', NULL, '2014-08-18 15:37:00', '2014-09-03 00:10:43', NULL, NULL, NULL, NULL, NULL, '', NULL, 'admin', '2014-09-03 00:10:43', 'Collect log and request customer to replace backup tape', '2'),
('SPA010010914', 'SPA01', '0444AM0092', 23, 17, 'SPA', 'Mr Firdaus', '', 'mfirdaus@spa.gov.my', NULL, 0, 1, 0, '', 37, 'Error on server', 'Server failed at boot up', 5, 0, '', 5, '69', 'admin', NULL, '2014-09-16 21:54:50', '2014-09-16 21:55:13', NULL, '2014-09-15 09:00:00', NULL, '2014-09-16 13:34:00', '2014-09-16 21:56:33', NULL, NULL, NULL, NULL, NULL, '', NULL, 'admin', '2014-09-16 21:56:33', '- luxadm procedure \n- reboot\n- server and w/o any hdware faulty', '2'),
('SPA010011114', 'SPA01', '', 23, 17, 'SPA', 'Mr Firdaus', '', 'fazdlan@examedia.com.my', NULL, 0, 1, 0, '', 131, 'Sun storage controller failed', 'controller A failed', 5, 0, '', 3, '72', 'admin', NULL, '2014-11-20 12:18:49', '2014-11-20 12:19:11', NULL, '2014-11-19 13:00:00', '2014-11-20 12:20:03', NULL, NULL, NULL, NULL, NULL, NULL, NULL, 'Awaiting for memory schedule on monday', NULL, 'admin', '2014-11-20 12:20:03', '', ''),
('SPA010020814', 'SPA01', '', 23, 17, 'SPA', 'Mr Firdaus', '', 'mfirdaus@spa.gov.my', NULL, 0, 1, 0, '', 0, 'Backup failed.', 'backup failed - backup tape full multiplex', 5, 0, '', 5, '72', 'admin', NULL, '2014-08-18 23:14:46', '2014-08-18 23:15:05', NULL, '2014-08-15 13:00:00', NULL, '2014-08-18 16:00:00', '2014-08-18 23:18:20', NULL, NULL, NULL, NULL, NULL, '', NULL, 'admin', '2014-08-18 23:18:20', 'Case resolved by replaced new tape cartridge.\n\nInvalid image lies in the tape and caused it to full when backup processes .', '1'),
('SPA010020914', 'SPA01', '0942BE66E0', 23, 17, 'SPA', 'Mr Firdaus', '', 'mfirdaus@spa.gov.my', NULL, 0, 1, 0, '', 161, 'Back up failed', '', 5, 0, '', 3, '72', 'admin', NULL, '2014-09-24 22:43:01', '2014-09-24 22:43:47', NULL, '2014-09-22 12:00:00', '2014-09-24 22:43:58', NULL, NULL, NULL, NULL, NULL, NULL, NULL, '', NULL, 'admin', '2014-09-24 22:43:58', '', ''),
('SPA010040614', 'SPA01', '', 23, 17, 'SPA', 'Mr Firdaus', '', '', NULL, 1, 0, 0, '', 36, 'Netbackup failed', 'Netbackup failed (repeated incident)', 5, 0, '', 3, '72', 'admin', NULL, '2014-06-23 15:54:25', '2014-06-23 15:54:39', NULL, '0000-00-00 00:00:00', '2014-06-26 20:55:06', NULL, NULL, NULL, NULL, NULL, NULL, NULL, 'Monitor for 1 week', NULL, 'fazdlan', '2014-06-26 20:55:06', '', ''),
('SPA020010614', 'SPA02', '99N0174', 13, 8, 'SPA', 'Mr Firdaus', '0123744859', '', NULL, 0, 0, 0, '', 54, 'Fan faulty', 'Fan faulty', 6, 0, '', 4, '72', 'admin', NULL, '2014-06-20 19:25:19', '2014-06-20 19:25:39', NULL, '2014-06-23 14:04:00', NULL, '2014-06-23 16:23:00', NULL, NULL, NULL, NULL, NULL, NULL, '', NULL, 'admin', '2014-06-23 16:26:48', '1. Reseat fan', '2'),
('SPA020011014', 'SPA02', '', 13, 8, 'SPA', 'Mr Firdaus', '0123744859', 'mfirdaus@spa.gov.my', NULL, 1, 1, 0, '', 0, 'PM Q4', 'PM Q4 IBM Machine', 6, 0, '', 5, '72', 'admin', NULL, '2014-10-01 10:43:58', '2014-10-01 10:44:14', NULL, '2014-09-30 10:00:00', NULL, '2014-09-30 12:00:00', '2014-10-01 10:45:18', NULL, NULL, NULL, NULL, NULL, '', NULL, 'admin', '2014-10-01 10:45:18', 'PM all server', '2'),
('SSCS010020514', 'SSCS01', '', 7, 2, 'SSCS', 'Mr Ikhwan', '', '', NULL, 0, 2, 0, '', 0, 'XIV disk failed', '1 disk failed', 0, 0, '', 6, '66', 'admin', NULL, '2014-05-23 09:45:43', '2014-05-26 12:37:32', NULL, NULL, NULL, NULL, NULL, NULL, NULL, NULL, NULL, NULL, NULL, NULL, NULL, NULL, NULL, NULL),
('SSCS010030514', 'SSCS01', '7803245', 8, 3, 'SSCS', 'Mr Fadli', '0193807113', 'Mr Razak', NULL, 0, 2, 0, '', 8, 'Disk failed', 'XIV 2TB disk failed', 8, 1, '', 1, '67', 'admin', NULL, '2014-05-26 12:42:02', '2014-05-26 12:42:59', NULL, '2014-05-26 12:55:00', NULL, NULL, NULL, NULL, NULL, NULL, NULL, NULL, '', NULL, 'admin', '2014-05-26 12:55:28', '', ''),
('SSCS010040514', 'SSCS01', '75NC370', 7, 2, 'SSCS', 'Mr Fadzli Fauzi', '0193807113', '', NULL, 0, 2, 0, '', 91, 'disk failed', 'Hdisk failed at ds8k', 8, 1, '', 1, '67', 'admin', NULL, '2014-05-27 12:23:50', '2014-05-27 12:25:07', NULL, '2014-05-27 17:00:00', NULL, NULL, NULL, NULL, NULL, NULL, NULL, NULL, '', NULL, 'admin', '2014-05-27 14:05:16', '', ''),
('UNIKL010010614', 'UNIKL01', '', 0, 0, 'UNIKL', 'Pn. Farisya Nadia', '+60145086673', 'Penolong Pegawai Teknologi Maklumat', NULL, 0, 0, 0, '', 0, 'Site Visit', 'Visit customer for new maintenance contract', 9, 0, '', 0, NULL, 'hasrul', NULL, '2014-06-24 08:00:44', NULL, NULL, NULL, NULL, NULL, NULL, NULL, NULL, NULL, NULL, NULL, NULL, NULL, NULL, NULL, NULL, NULL),
('UPSI020010614', 'UPSI02', '0934QAKB83', 18, 12, 'UPSI', 'Amin', '0172877412', 'amin@examedia.com.my', NULL, 0, 0, 0, '', 124, 'HDD failed in J4400', '2 HDD failed', 20, 0, '', 5, NULL, 'amin', NULL, '2014-06-30 11:24:55', NULL, NULL, '2014-06-30 14:00:00', '2014-06-30 11:30:09', '2014-07-09 16:30:00', '2014-09-12 11:02:29', NULL, NULL, NULL, NULL, NULL, 'part has arrived, waiting for customer to allow replacement.', NULL, 'admin', '2014-09-12 11:02:29', 'Replace new HDD.', ''),
('UPSI020010714', 'UPSI02', 'AZSW4030807', 18, 12, 'UPSI', 'amin', '0172877412', 'amin@examedia.com.my', NULL, 0, 0, 0, '', 147, 'NEC 5800 HDD Faulty', 'OS corrupted due to hdd faulty, need to use previous backup to restore the OS.', 20, 0, '', 6, '69', 'amin', NULL, '2014-07-09 15:53:02', '2014-07-09 15:55:08', NULL, NULL, NULL, NULL, NULL, NULL, NULL, NULL, NULL, NULL, NULL, NULL, NULL, NULL, NULL, NULL),
('UPSI020011014', 'UPSI02', '0934QAKB83', 18, 12, 'UPSI', 'Farhan', '0134363230', 'mfarhan@ict.upsi.edu.my', NULL, 1, 0, 0, '', 145, 'Storage J4440 HDD amber.', '1unit HDD SATA 1TB 7.2k RPM amber.', 20, 0, '', 4, '70', 'amin', NULL, '2014-10-01 15:56:09', '2014-10-01 15:59:18', NULL, '2014-10-02 11:00:00', NULL, '2014-10-02 12:00:00', NULL, NULL, NULL, NULL, NULL, NULL, '', NULL, 'amin', '2014-10-02 11:56:08', 'Replace with new hdd.\n\nFaulty HDD: \np/n:390-0414\ns/n: 093354NCLJ\n\nNew HDD: \np/n:390-0414\ns/n:101757V1X3', '3'),
('UPSI020011214', 'UPSI02', 'BEF1011A53', 18, 12, 'UPSI', 'Farhan', '0134363230', '', NULL, 0, 0, 0, '', 154, 'M4000 CPU faulty', 'Power cutoff to M4000 due to UPS battery failed during electrical power testing at E-Learning causing Both CPU faulty (PP094307DU, PP094304Z3), and System Board.\n\nSystem Board \n    New  : 541 0894 (7868181579)\n   Faulted : 541 0894 (7868178054)\n\nCPU 0\n   New : 3753477 ( PP08050224)\n   Faulted : 3753477 (PP094307DU)\n\nCPU 1\n   New : 3753477 (PP075102JA)\n   Faulted : 3753477 (PP094304Z3)', 20, 0, '', 4, '70', 'rozli', NULL, '2014-12-25 15:21:09', '2014-12-25 15:38:57', NULL, '2014-12-25 11:00:00', NULL, '2014-12-25 19:30:00', NULL, NULL, NULL, NULL, NULL, NULL, '', NULL, 'rozli', '2014-12-25 20:27:19', 'Part Replacement', '3'),
('UPSI020021214', 'UPSI02', '', 18, 12, 'UPSI', 'amin', '0172877412', '', NULL, 0, 0, 0, '', 154, 'M5000 down', 'MBU board failed', 20, 0, '', 5, '70', 'admin', NULL, '2014-12-31 08:06:54', '2014-12-31 08:07:07', NULL, '2014-12-27 00:00:00', NULL, '2014-12-27 00:00:00', '2014-12-31 08:08:00', NULL, NULL, NULL, NULL, NULL, '', NULL, 'admin', '2014-12-31 08:08:00', '1. replace MBU', '3'),
('UTM010010414', 'UTM01', '12345', 1, 1, 'UTM', 'David Edwards', '0123456789', '', NULL, 0, 0, 0, '', 1, 'incident title', 'incident description additional info', 2, 0, '', 5, '59', 'admin', NULL, '2014-04-29 18:44:45', '2014-04-29 18:47:21', NULL, '2014-04-29 00:00:00', NULL, '2014-04-29 13:47:00', '2014-04-29 19:18:28', NULL, NULL, NULL, NULL, NULL, '', NULL, 'ahmad', '2014-04-29 19:18:28', 'resolved', '3'),
('UTM010011114', 'UTM01', 'BCF0810031', 0, 0, 'UTM', 'Mohammed B. Mohd Hasni', '013-7187183', 'mmh@utm.my, mrozi@utm.my, azmi.johari@examedia.com.my', NULL, 0, 1, 0, '', 0, 'Memory Faulty and Deconfigured', '(UTM - Central Contract)\nSUN SPARC Enterprise M4000\n\n1. Amber LED Turned ON. Found 3 Memory is Faulted.\n2. Replace new Memory and power cycle the server.\n3. Turned On the Server and Boot up The Domain, Found that MEMB#0 Status:Deconfigured;.', 2, 0, '', 0, NULL, 'admin', NULL, '2014-11-12 18:32:59', NULL, NULL, NULL, NULL, NULL, NULL, NULL, NULL, NULL, NULL, NULL, NULL, NULL, NULL, NULL, NULL, NULL),
('UTM010021114', 'UTM01', 'BCF0810031', 0, 0, 'UTM', 'Mohammed B. Mohd Hasni', '013-7187183', 'azmi.johari@examedia.com.my', NULL, 0, 1, 0, '', 0, 'Memory Faulty and Deconfigured', 'UTM - Central Contract\n\nSun Sparc Ent. M4000\n\n1. Amber LED Turned On. 3 Memory is Faulted.\n2. Need to replace 3 Faulty Memory With new Memory.', 2, 0, '', 0, NULL, 'admin', NULL, '2014-11-12 19:48:50', NULL, NULL, NULL, NULL, NULL, NULL, NULL, NULL, NULL, NULL, NULL, NULL, NULL, NULL, NULL, NULL, NULL),
('UTM010031114', 'UTM01', '0851AMR126', 16, 11, 'UTM', 'Muhammad', '', 'azmi.johari@examedia.com.my', NULL, 0, 1, 0, '', 162, 'Hdd Faulty', 'Hdd Faaulty', 2, 0, '', 1, '68', 'admin', NULL, '2014-11-23 19:03:22', '2014-11-23 19:03:44', NULL, '2014-11-23 17:00:00', NULL, NULL, NULL, NULL, NULL, NULL, NULL, NULL, '', NULL, 'admin', '2014-11-23 19:04:00', '', ''),
('UTM010060314', 'UTM01', '', 1, 1, 'UTM', 'David Edwards', '0123456789', '', NULL, 0, 0, 0, '', 1, 'How can I turn off swap permanently?', 'Swap makes my system all sluggish and turning it off makes everything smoother. I have 3.5 GB of RAM.\n\nI know how to turn swap off by entering sudo swapoff -a in the terminal, but that\\''s just for the current session, because after a reboot swap turns itself back on. Is there any way to turn swap off', 2, 0, '', 0, NULL, 'admin', NULL, '2014-03-30 08:37:56', NULL, NULL, NULL, NULL, NULL, NULL, NULL, NULL, NULL, NULL, NULL, NULL, NULL, NULL, NULL, NULL, NULL),
('UTM010070314', 'UTM01', 'QE4567', 1, 1, 'UTM', 'David Edwards', '0123456789', '', NULL, 0, 0, 0, '', 1, 'How can I turn off swap permanently?', 'Swap makes my system all sluggish and turning it off makes everything smoother. I have 3.5 GB of RAM.\n\nI know how to turn swap off by entering sudo swapoff -a in the terminal, but that\\\\\\\\\\\\\\''s just for the current session, because after a reboot swap turns itself back on. Is there any way to turn swap off', 2, 1, '', 5, '59', 'admin', NULL, '2014-03-30 08:40:04', '2014-03-30 09:00:36', NULL, '2014-03-27 10:00:00', NULL, '2014-03-30 10:37:00', '2014-03-30 15:57:48', NULL, NULL, NULL, NULL, NULL, '', NULL, 'admin', '2014-03-30 15:57:48', 'case close', '2');

-- --------------------------------------------------------

--
-- Stand-in structure for view `casesaddr`
--
CREATE TABLE IF NOT EXISTS `casesaddr` (
`case_id` varchar(15)
,`project_code` varchar(10)
,`sn` varchar(45)
,`site_id` int(11)
,`client_code` varchar(10)
,`caller` varchar(45)
,`contact` varchar(50)
,`info` varchar(100)
,`asset` varchar(45)
,`servType` int(11)
,`via` int(11)
,`cat` int(11)
,`item` varchar(100)
,`product` int(11)
,`problem` text
,`title` varchar(200)
,`resolution` text
,`flag` int(11)
,`recurrence` varchar(50)
,`sla` int(11)
,`sts` int(11)
,`engineer` varchar(20)
,`open_by` varchar(45)
,`close_by` varchar(45)
,`open_date` datetime
,`assign_time` datetime
,`response_time` datetime
,`onsite_time` datetime
,`pending_time` datetime
,`resolve_time` datetime
,`close_date` datetime
,`MTTC` varchar(50)
,`MTTA` varchar(50)
,`MTTR` varchar(50)
,`MTTSR` timestamp
,`MTTCL` timestamp
,`remarks` varchar(200)
,`audit_log` text
,`mod_by` varchar(45)
,`mod_date` datetime
,`site_name` varchar(100)
,`addr_id` int(11)
,`addr1` varchar(100)
,`addr2` varchar(100)
,`postcode` varchar(5)
,`city` varchar(30)
,`state` varchar(20)
,`statename` varchar(100)
);
-- --------------------------------------------------------

--
-- Table structure for table `client`
--

CREATE TABLE IF NOT EXISTS `client` (
  `id` int(11) NOT NULL AUTO_INCREMENT,
  `client_code` varchar(10) COLLATE latin1_general_ci NOT NULL DEFAULT '',
  `addr_id` int(11) DEFAULT NULL,
  `name` varchar(100) COLLATE latin1_general_ci DEFAULT NULL,
  `acronym` varchar(10) COLLATE latin1_general_ci DEFAULT NULL,
  `date` datetime DEFAULT NULL,
  `logo` blob,
  PRIMARY KEY (`id`,`client_code`),
  KEY `fk_Customer_address` (`addr_id`)
) ENGINE=InnoDB  DEFAULT CHARSET=latin1 COLLATE=latin1_general_ci AUTO_INCREMENT=34 ;

--
-- Dumping data for table `client`
--

INSERT INTO `client` (`id`, `client_code`, `addr_id`, `name`, `acronym`, `date`, `logo`) VALUES
(13, 'SPA', NULL, 'Suruhanjaya Perkhidmatan Awam', 'SPA', NULL, NULL),
(17, 'Maxis', NULL, 'Maxis', 'Maxis', NULL, NULL),
(18, 'UNIKL', NULL, 'Universiti Kuala Lumpur', 'UNIKL', NULL, NULL),
(20, 'JPAM', NULL, 'Jabatan Perkhidmatan Awam Malaysia', 'JPAM', NULL, NULL),
(21, 'UMP', NULL, 'Universiti Malaysia Pahang', 'UMP', NULL, NULL),
(22, 'PPUM', NULL, 'Pusat Perubatan Universiti Malaya', 'PPUM', NULL, NULL),
(25, 'UTM', NULL, 'Universiti Teknologi Malaysia', 'UTM', NULL, NULL),
(26, 'UPSI', NULL, 'Univesiti Pendidikan Sultan Idris', 'UPSI', NULL, NULL),
(28, 'JHEV', NULL, 'Jabatan Hal Ehwal Veteran', 'JHEV', NULL, NULL),
(29, 'SONY', NULL, 'SONY', 'SONY', NULL, NULL),
(32, 'RKYT', NULL, 'BANK RAKYAT', 'RKYT', NULL, NULL),
(33, 'MOE', NULL, 'Kementerian Pendidikan Malaysia', 'MOE', NULL, NULL);

-- --------------------------------------------------------

--
-- Table structure for table `client_site`
--

CREATE TABLE IF NOT EXISTS `client_site` (
  `site_id` int(11) NOT NULL AUTO_INCREMENT,
  `client_code` varchar(20) COLLATE latin1_general_ci DEFAULT NULL,
  `project_code` varchar(10) COLLATE latin1_general_ci DEFAULT NULL,
  `addr_id` int(11) DEFAULT NULL,
  `site_name` varchar(100) COLLATE latin1_general_ci DEFAULT NULL,
  `user_id` int(11) DEFAULT NULL,
  PRIMARY KEY (`site_id`),
  KEY `fk_client_site_address1` (`addr_id`),
  KEY `fk_client_site_user1` (`user_id`)
) ENGINE=InnoDB  DEFAULT CHARSET=latin1 COLLATE=latin1_general_ci AUTO_INCREMENT=24 ;

--
-- Dumping data for table `client_site`
--

INSERT INTO `client_site` (`site_id`, `client_code`, `project_code`, `addr_id`, `site_name`, `user_id`) VALUES
(6, 'Maxis', 'Maxis01', 1, 'TPM, Sg Besi', 0),
(7, 'Maxis', 'Maxis01', 2, 'Kepong', 0),
(9, 'UNIKL', 'UNIKL01', 4, 'Kuala Lumpur', 0),
(10, 'MOE', 'MOE01', 5, 'Putrajaya', 0),
(11, 'PPUM', 'PPUM01', 6, 'Kuala Lumpur', 0),
(12, 'UMP', 'UMP01', 7, 'Kuantan, Pahang', 0),
(13, 'SPA', 'SPA02', 8, 'Putrajaya', 0),
(15, 'UTM', 'UTM02', 10, 'Skudai, Johor', 0),
(16, 'UTM', 'UTM01', 11, 'Skudai, Johor', 0),
(18, 'UPSI', 'UPSI02', 12, 'Tanjung Malim', 0),
(19, 'SONY', 'SONY01', 13, 'Cyberjaya', 0),
(20, 'JHEV', 'JHEV01', 14, 'Kuala Lumpur', 0),
(21, 'JHEV', 'JHEV02', 15, 'Kuala Lumpur', 0),
(22, 'JPAM', 'JPAM01', 16, 'Kuala Lumpur', 0),
(23, 'SPA', 'SPA01', 17, 'Putrajaya', 0);

-- --------------------------------------------------------

--
-- Table structure for table `code_definition`
--

CREATE TABLE IF NOT EXISTS `code_definition` (
  `code_definition_id` int(11) NOT NULL AUTO_INCREMENT,
  `code_cat` varchar(10) COLLATE latin1_general_ci DEFAULT NULL,
  `code` int(11) DEFAULT NULL,
  `code_name` varchar(45) COLLATE latin1_general_ci DEFAULT NULL,
  `descr` varchar(100) COLLATE latin1_general_ci DEFAULT NULL,
  PRIMARY KEY (`code_definition_id`)
) ENGINE=InnoDB  DEFAULT CHARSET=latin1 COLLATE=latin1_general_ci AUTO_INCREMENT=109 ;

--
-- Dumping data for table `code_definition`
--

INSERT INTO `code_definition` (`code_definition_id`, `code_cat`, `code`, `code_name`, `descr`) VALUES
(1, 'userstatus', 0, 'Inactive', NULL),
(2, 'userstatus', 1, 'Active', NULL),
(3, 'userstatus', 2, 'Locked', NULL),
(6, 'casevia', 0, 'Phone', NULL),
(7, 'casevia', 1, 'Email', NULL),
(12, 'servicetyp', 0, 'Contract Maintenance', NULL),
(13, 'servicetyp', 1, 'Preventive Maintenance', NULL),
(17, 'servicecat', 0, 'Hardware', NULL),
(18, 'servicecat', 1, 'Software', NULL),
(19, 'servicecat', 2, 'Application', NULL),
(20, 'servicecat', 3, 'Documentation', NULL),
(21, 'servicecat', 4, 'Installation', NULL),
(22, 'servicecat', 5, 'Storage', NULL),
(23, 'servicecat', 6, 'Printer', ''),
(24, 'casestatus', 0, 'Open', NULL),
(25, 'casestatus', 3, 'Pending', NULL),
(26, 'casestatus', 4, 'Resolved', NULL),
(27, 'casestatus', 5, 'Closed', NULL),
(28, 'flag', 0, 'Minor', NULL),
(29, 'flag', 1, 'Major', NULL),
(30, 'flag', 2, 'Critical', NULL),
(32, 'item', 0, 'Keyboard', NULL),
(33, 'item', 1, 'Mouse', NULL),
(34, 'item', 2, 'Monitor', NULL),
(35, 'item', 3, 'Hard Drive', NULL),
(36, 'item', 4, 'RAM', NULL),
(37, 'item', 5, 'Network Card', NULL),
(38, 'item', 6, 'VGA Card', NULL),
(39, 'item', 7, 'Processor', NULL),
(40, 'item', 8, 'MotherBoard', NULL),
(41, 'item', 9, 'Motherboard Battery', NULL),
(42, 'item', 10, 'Power Supply Unit', NULL),
(44, 'item', 12, 'Cables', NULL),
(45, 'item', 13, 'DVD/CDROM', NULL),
(46, 'item', 14, 'Floppy Drive', NULL),
(47, 'item', 15, 'Printer', NULL),
(48, 'item', 16, 'AVR/UPS', NULL),
(49, 'item', 17, 'Modem/Router', NULL),
(50, 'item', 18, 'Scanner', NULL),
(51, 'item', 19, 'Notebook', NULL),
(62, 'usertype', 0, 'Administrator', NULL),
(63, 'usertype', 1, 'Engineer', NULL),
(64, 'usertype', 2, 'Helpdesk', NULL),
(65, 'usertype', 3, 'Client', NULL),
(66, 'usertype', 4, 'Manager', NULL),
(67, 'month', 1, 'January', NULL),
(68, 'month', 2, 'February', NULL),
(69, 'month', 3, 'March', NULL),
(70, 'month', 4, 'April', NULL),
(71, 'month', 5, 'May', NULL),
(72, 'month', 6, 'June', NULL),
(73, 'month', 7, 'July', NULL),
(74, 'month', 8, 'August', NULL),
(75, 'month', 9, 'September', NULL),
(76, 'month', 10, 'October', NULL),
(77, 'month', 11, 'November', NULL),
(78, 'month', 12, 'December', NULL),
(79, 'casestatus', 1, 'Onsite', NULL),
(81, 'sla', 0, '0', 'less than a day'),
(82, 'sla', 1, '1', '1 day'),
(83, 'sla', 2, '2', '2 days'),
(84, 'sla', 3, '3', 'more 2 days'),
(85, 'state', 0, 'W.P. Kuala Lumpur	', 'Kuala Lumpur'),
(86, 'state', 1, 'W.P. Labuan', 'Labuan'),
(87, 'state', 2, 'W.P. Putrajaya', 'Putrajaya'),
(88, 'state', 3, 'Johor', 'Johor'),
(89, 'state', 4, 'Kedah', 'Kedah'),
(90, 'state', 5, 'Kelantan', 'Kelantan'),
(91, 'state', 6, 'Melaka', 'Melaka'),
(92, 'state', 7, 'Negeri Sembilan', 'Negeri Sembilan'),
(93, 'state', 8, 'Pahang', 'Pahang'),
(94, 'state', 9, 'Perak', 'Perak'),
(95, 'state', 10, 'Perlis', 'Perlis'),
(96, 'state', 11, 'Pulau Pinang', 'Pulau Pinang'),
(97, 'state', 12, 'Sabah', 'Sabah'),
(98, 'state', 13, 'Sarawak', 'Sarawak'),
(99, 'state', 14, 'Selangor', 'Selangor'),
(100, 'state', 15, 'Terengganu', 'Terengganu'),
(101, 'usertype', 5, 'Principal', 'Principal Company'),
(102, 'item', 20, 'Software', 'Windows corrupt'),
(103, 'servicecat', 7, 'Operating System', NULL),
(104, 'servicecat', 8, 'Database', NULL),
(105, 'casestatus', 6, 'Assigned', 'Assigned'),
(106, 'resotype', 1, 'Phone Support', NULL),
(107, 'resotype', 2, 'Onsite Support', NULL),
(108, 'resotype', 3, 'Onsite Support With Part Replacement', NULL);

-- --------------------------------------------------------

--
-- Table structure for table `comments`
--

CREATE TABLE IF NOT EXISTS `comments` (
  `id` int(11) NOT NULL AUTO_INCREMENT,
  `case_id` varchar(20) COLLATE latin1_general_ci DEFAULT NULL,
  `user_id` varchar(50) COLLATE latin1_general_ci DEFAULT NULL,
  `comments` text COLLATE latin1_general_ci,
  `date` datetime DEFAULT NULL,
  PRIMARY KEY (`id`)
) ENGINE=InnoDB  DEFAULT CHARSET=latin1 COLLATE=latin1_general_ci AUTO_INCREMENT=28 ;

--
-- Dumping data for table `comments`
--

INSERT INTO `comments` (`id`, `case_id`, `user_id`, `comments`, `date`) VALUES
(1, 'UTM010070314', '12', 'comment1', '2014-03-30 08:59:04'),
(2, 'UTM010070314', '59', 'comment 2', '2014-03-30 09:01:12'),
(3, 'UTM010010414', '12', 'comment1', '2014-04-29 18:46:42'),
(4, '', '63', 'DFDFD', '2014-05-12 14:37:30'),
(5, '', '63', 'DASDSA', '2014-05-12 14:37:35'),
(6, 'SPA020030514', '63', 'need to order power supply', '2014-05-14 20:53:49'),
(7, 'SPA020030514', '63', 'waiting for part', '2014-05-19 17:13:21'),
(8, 'SSCS010020514', '67', 'Case has been resolved on the same day.', '2014-05-26 09:47:20'),
(9, 'SPA020030514', '67', 'Awaiting part. ETA 28/05/2014.', '2014-05-26 12:17:45'),
(10, 'SSCS010030514', '67', '2 TB hdd is not in Centia stock, call has been escalated back to SSCS for further action.', '2014-05-26 12:53:48'),
(11, 'SSCS010030514', '67', 'ETA hdd from solid at 5.00pm', '2014-05-26 14:16:00'),
(12, 'SSCS010040514', '63', 'customer defer the activity to 1700', '2014-05-27 14:05:42'),
(13, 'SSCS010040514', '67', 'Case has been resolved.', '2014-05-27 21:11:04'),
(14, 'SSCS010030514', '67', 'Case has been resolved.', '2014-05-27 21:23:21'),
(15, 'SPA020010614', '63', '1. Re-seat Fan and reboot server, problem solved but with error, amber light still on \n\n2. BIOS firmware update is a must to make the amber light off.\n\n3. Amber light not related to Hardware, case consider close due to customer unwillingness to upgrade their BIOS.', '2014-06-23 16:22:03'),
(16, 'SPA010040614', '63', 'Log call to symntac, and now awaiting for their respond.', '2014-06-24 08:25:20'),
(17, 'Maxis010020614', '72', 'Awaiting for incident number, part ordering has been arrange.', '2014-06-25 13:48:59'),
(18, 'SPA010040614', '72', 'Glocomp onsite and remote customer machine. Found out customer didnt insert tape on the weekly set. Case to be monitor for 1 week.', '2014-06-26 20:54:48'),
(19, 'Maxis010030614', '63', 'Incident assign to Fazdlan.\nAwaiting for incident number from DD.', '2014-06-28 11:57:23'),
(20, 'Maxis010030614', '72', 'Part has been arranged, awaiting incident number from DD.', '2014-06-28 12:25:45'),
(21, 'Maxis010030614', '72', 'Incident number from DD received, schedule onsite at 3.30 pm', '2014-06-28 13:39:39'),
(22, 'Maxis010010714', '63', '1. Power source faulty.\n2. Storage flat down\n3. No power supply on the DS8300 expansion unit (no light indicator on the power supply.\n4. Check with DC chargeman, no faulty on the incoming power source.\n5. Decided to perform power cycle. Power cycle successful with error on the host port.\n6. 6 host post unable to login.\n7. Error log show FC card faulty. (2 FC card faulty)\n8. Replace FC card - host able to login.\n9. Node showing degraded status. Error log shows that DA card is faulty.\n10. DA card replacement is a must (currently running w/o redundancy).\n11. DA card eta maxis kepong tomorrow morning before 11.00am', '2014-07-09 23:59:17'),
(23, 'UPSI020010614', '70', '30/6/2014 - verify failed disk, remove failed disk and insert new disk.\n\n                                          p/n                                in                                                  out\n                   HDD4     390-0414      0440K0R-101757XVQ1            0440K0R-093354TMVZ\n                   HDD11   390-0479      1308GSP-1133A6JZVL            0440K0R-093354V4GZ\n\n                   HDD start resilvering.\n\n9/7/2014- Resilvering disk finished.', '2014-07-10 14:13:48'),
(24, 'Maxis010010714', '63', 'Awaiting for battery', '2014-07-17 06:27:10'),
(25, 'Maxis010010714', '63', 'Still awaiting for battery', '2014-07-21 22:29:11'),
(26, 'Maxis010020714', '63', '#### Change time zone ##### Reboot HMC ##### Verify new time zone', '2014-07-21 22:34:55'),
(27, 'UPSI020010714', '63', 'Customer still loan our server.', '2014-09-12 11:01:36');

-- --------------------------------------------------------

--
-- Table structure for table `dates`
--

CREATE TABLE IF NOT EXISTS `dates` (
  `date_key` date NOT NULL,
  `calendarYear` int(11) NOT NULL,
  `calendarQuarter` tinyint(4) NOT NULL,
  `calendarMonthNo` int(11) NOT NULL,
  `calendarWeekNo` tinyint(4) NOT NULL,
  `dayNumberOfMonth` tinyint(4) NOT NULL,
  `dayNumberOfWeek` tinyint(4) NOT NULL,
  PRIMARY KEY (`date_key`)
) ENGINE=InnoDB DEFAULT CHARSET=latin1 COLLATE=latin1_general_ci;

--
-- Dumping data for table `dates`
--

INSERT INTO `dates` (`date_key`, `calendarYear`, `calendarQuarter`, `calendarMonthNo`, `calendarWeekNo`, `dayNumberOfMonth`, `dayNumberOfWeek`) VALUES
('2012-01-01', 2012, 1, 1, 0, 1, 1),
('2012-01-02', 2012, 1, 1, 1, 2, 2),
('2012-01-03', 2012, 1, 1, 1, 3, 3),
('2012-01-04', 2012, 1, 1, 1, 4, 4),
('2012-01-05', 2012, 1, 1, 1, 5, 5),
('2012-01-06', 2012, 1, 1, 1, 6, 6),
('2012-01-07', 2012, 1, 1, 1, 7, 7),
('2012-01-08', 2012, 1, 1, 1, 8, 1),
('2012-01-09', 2012, 1, 1, 2, 9, 2),
('2012-01-10', 2012, 1, 1, 2, 10, 3),
('2012-01-11', 2012, 1, 1, 2, 11, 4),
('2012-01-12', 2012, 1, 1, 2, 12, 5),
('2012-01-13', 2012, 1, 1, 2, 13, 6),
('2012-01-14', 2012, 1, 1, 2, 14, 7),
('2012-01-15', 2012, 1, 1, 2, 15, 1),
('2012-01-16', 2012, 1, 1, 3, 16, 2),
('2012-01-17', 2012, 1, 1, 3, 17, 3),
('2012-01-18', 2012, 1, 1, 3, 18, 4),
('2012-01-19', 2012, 1, 1, 3, 19, 5),
('2012-01-20', 2012, 1, 1, 3, 20, 6),
('2012-01-21', 2012, 1, 1, 3, 21, 7),
('2012-01-22', 2012, 1, 1, 3, 22, 1),
('2012-01-23', 2012, 1, 1, 4, 23, 2),
('2012-01-24', 2012, 1, 1, 4, 24, 3),
('2012-01-25', 2012, 1, 1, 4, 25, 4),
('2012-01-26', 2012, 1, 1, 4, 26, 5),
('2012-01-27', 2012, 1, 1, 4, 27, 6),
('2012-01-28', 2012, 1, 1, 4, 28, 7),
('2012-01-29', 2012, 1, 1, 4, 29, 1),
('2012-01-30', 2012, 1, 1, 5, 30, 2),
('2012-01-31', 2012, 1, 1, 5, 31, 3),
('2012-02-01', 2012, 1, 2, 5, 1, 4),
('2012-02-02', 2012, 1, 2, 5, 2, 5),
('2012-02-03', 2012, 1, 2, 5, 3, 6),
('2012-02-04', 2012, 1, 2, 5, 4, 7),
('2012-02-05', 2012, 1, 2, 5, 5, 1),
('2012-02-06', 2012, 1, 2, 6, 6, 2),
('2012-02-07', 2012, 1, 2, 6, 7, 3),
('2012-02-08', 2012, 1, 2, 6, 8, 4),
('2012-02-09', 2012, 1, 2, 6, 9, 5),
('2012-02-10', 2012, 1, 2, 6, 10, 6),
('2012-02-11', 2012, 1, 2, 6, 11, 7),
('2012-02-12', 2012, 1, 2, 6, 12, 1),
('2012-02-13', 2012, 1, 2, 7, 13, 2),
('2012-02-14', 2012, 1, 2, 7, 14, 3),
('2012-02-15', 2012, 1, 2, 7, 15, 4),
('2012-02-16', 2012, 1, 2, 7, 16, 5),
('2012-02-17', 2012, 1, 2, 7, 17, 6),
('2012-02-18', 2012, 1, 2, 7, 18, 7),
('2012-02-19', 2012, 1, 2, 7, 19, 1),
('2012-02-20', 2012, 1, 2, 8, 20, 2),
('2012-02-21', 2012, 1, 2, 8, 21, 3),
('2012-02-22', 2012, 1, 2, 8, 22, 4),
('2012-02-23', 2012, 1, 2, 8, 23, 5),
('2012-02-24', 2012, 1, 2, 8, 24, 6),
('2012-02-25', 2012, 1, 2, 8, 25, 7),
('2012-02-26', 2012, 1, 2, 8, 26, 1),
('2012-02-27', 2012, 1, 2, 9, 27, 2),
('2012-02-28', 2012, 1, 2, 9, 28, 3),
('2012-02-29', 2012, 1, 2, 9, 29, 4),
('2012-03-01', 2012, 1, 3, 9, 1, 5),
('2012-03-02', 2012, 1, 3, 9, 2, 6),
('2012-03-03', 2012, 1, 3, 9, 3, 7),
('2012-03-04', 2012, 1, 3, 9, 4, 1),
('2012-03-05', 2012, 1, 3, 10, 5, 2),
('2012-03-06', 2012, 1, 3, 10, 6, 3),
('2012-03-07', 2012, 1, 3, 10, 7, 4),
('2012-03-08', 2012, 1, 3, 10, 8, 5),
('2012-03-09', 2012, 1, 3, 10, 9, 6),
('2012-03-10', 2012, 1, 3, 10, 10, 7),
('2012-03-11', 2012, 1, 3, 10, 11, 1),
('2012-03-12', 2012, 1, 3, 11, 12, 2),
('2012-03-13', 2012, 1, 3, 11, 13, 3),
('2012-03-14', 2012, 1, 3, 11, 14, 4),
('2012-03-15', 2012, 1, 3, 11, 15, 5),
('2012-03-16', 2012, 1, 3, 11, 16, 6),
('2012-03-17', 2012, 1, 3, 11, 17, 7),
('2012-03-18', 2012, 1, 3, 11, 18, 1),
('2012-03-19', 2012, 1, 3, 12, 19, 2),
('2012-03-20', 2012, 1, 3, 12, 20, 3),
('2012-03-21', 2012, 1, 3, 12, 21, 4),
('2012-03-22', 2012, 1, 3, 12, 22, 5),
('2012-03-23', 2012, 1, 3, 12, 23, 6),
('2012-03-24', 2012, 1, 3, 12, 24, 7),
('2012-03-25', 2012, 1, 3, 12, 25, 1),
('2012-03-26', 2012, 1, 3, 13, 26, 2),
('2012-03-27', 2012, 1, 3, 13, 27, 3),
('2012-03-28', 2012, 1, 3, 13, 28, 4),
('2012-03-29', 2012, 1, 3, 13, 29, 5),
('2012-03-30', 2012, 1, 3, 13, 30, 6),
('2012-03-31', 2012, 1, 3, 13, 31, 7),
('2012-04-01', 2012, 2, 4, 13, 1, 1),
('2012-04-02', 2012, 2, 4, 14, 2, 2),
('2012-04-03', 2012, 2, 4, 14, 3, 3),
('2012-04-04', 2012, 2, 4, 14, 4, 4),
('2012-04-05', 2012, 2, 4, 14, 5, 5),
('2012-04-06', 2012, 2, 4, 14, 6, 6),
('2012-04-07', 2012, 2, 4, 14, 7, 7),
('2012-04-08', 2012, 2, 4, 14, 8, 1),
('2012-04-09', 2012, 2, 4, 15, 9, 2),
('2012-04-10', 2012, 2, 4, 15, 10, 3),
('2012-04-11', 2012, 2, 4, 15, 11, 4),
('2012-04-12', 2012, 2, 4, 15, 12, 5),
('2012-04-13', 2012, 2, 4, 15, 13, 6),
('2012-04-14', 2012, 2, 4, 15, 14, 7),
('2012-04-15', 2012, 2, 4, 15, 15, 1),
('2012-04-16', 2012, 2, 4, 16, 16, 2),
('2012-04-17', 2012, 2, 4, 16, 17, 3),
('2012-04-18', 2012, 2, 4, 16, 18, 4),
('2012-04-19', 2012, 2, 4, 16, 19, 5),
('2012-04-20', 2012, 2, 4, 16, 20, 6),
('2012-04-21', 2012, 2, 4, 16, 21, 7),
('2012-04-22', 2012, 2, 4, 16, 22, 1),
('2012-04-23', 2012, 2, 4, 17, 23, 2),
('2012-04-24', 2012, 2, 4, 17, 24, 3),
('2012-04-25', 2012, 2, 4, 17, 25, 4),
('2012-04-26', 2012, 2, 4, 17, 26, 5),
('2012-04-27', 2012, 2, 4, 17, 27, 6),
('2012-04-28', 2012, 2, 4, 17, 28, 7),
('2012-04-29', 2012, 2, 4, 17, 29, 1),
('2012-04-30', 2012, 2, 4, 18, 30, 2),
('2012-05-01', 2012, 2, 5, 18, 1, 3),
('2012-05-02', 2012, 2, 5, 18, 2, 4),
('2012-05-03', 2012, 2, 5, 18, 3, 5),
('2012-05-04', 2012, 2, 5, 18, 4, 6),
('2012-05-05', 2012, 2, 5, 18, 5, 7),
('2012-05-06', 2012, 2, 5, 18, 6, 1),
('2012-05-07', 2012, 2, 5, 19, 7, 2),
('2012-05-08', 2012, 2, 5, 19, 8, 3),
('2012-05-09', 2012, 2, 5, 19, 9, 4),
('2012-05-10', 2012, 2, 5, 19, 10, 5),
('2012-05-11', 2012, 2, 5, 19, 11, 6),
('2012-05-12', 2012, 2, 5, 19, 12, 7),
('2012-05-13', 2012, 2, 5, 19, 13, 1),
('2012-05-14', 2012, 2, 5, 20, 14, 2),
('2012-05-15', 2012, 2, 5, 20, 15, 3),
('2012-05-16', 2012, 2, 5, 20, 16, 4),
('2012-05-17', 2012, 2, 5, 20, 17, 5),
('2012-05-18', 2012, 2, 5, 20, 18, 6),
('2012-05-19', 2012, 2, 5, 20, 19, 7),
('2012-05-20', 2012, 2, 5, 20, 20, 1),
('2012-05-21', 2012, 2, 5, 21, 21, 2),
('2012-05-22', 2012, 2, 5, 21, 22, 3),
('2012-05-23', 2012, 2, 5, 21, 23, 4),
('2012-05-24', 2012, 2, 5, 21, 24, 5),
('2012-05-25', 2012, 2, 5, 21, 25, 6),
('2012-05-26', 2012, 2, 5, 21, 26, 7),
('2012-05-27', 2012, 2, 5, 21, 27, 1),
('2012-05-28', 2012, 2, 5, 22, 28, 2),
('2012-05-29', 2012, 2, 5, 22, 29, 3),
('2012-05-30', 2012, 2, 5, 22, 30, 4),
('2012-05-31', 2012, 2, 5, 22, 31, 5),
('2012-06-01', 2012, 2, 6, 22, 1, 6),
('2012-06-02', 2012, 2, 6, 22, 2, 7),
('2012-06-03', 2012, 2, 6, 22, 3, 1),
('2012-06-04', 2012, 2, 6, 23, 4, 2),
('2012-06-05', 2012, 2, 6, 23, 5, 3),
('2012-06-06', 2012, 2, 6, 23, 6, 4),
('2012-06-07', 2012, 2, 6, 23, 7, 5),
('2012-06-08', 2012, 2, 6, 23, 8, 6),
('2012-06-09', 2012, 2, 6, 23, 9, 7),
('2012-06-10', 2012, 2, 6, 23, 10, 1),
('2012-06-11', 2012, 2, 6, 24, 11, 2),
('2012-06-12', 2012, 2, 6, 24, 12, 3),
('2012-06-13', 2012, 2, 6, 24, 13, 4),
('2012-06-14', 2012, 2, 6, 24, 14, 5),
('2012-06-15', 2012, 2, 6, 24, 15, 6),
('2012-06-16', 2012, 2, 6, 24, 16, 7),
('2012-06-17', 2012, 2, 6, 24, 17, 1),
('2012-06-18', 2012, 2, 6, 25, 18, 2),
('2012-06-19', 2012, 2, 6, 25, 19, 3),
('2012-06-20', 2012, 2, 6, 25, 20, 4),
('2012-06-21', 2012, 2, 6, 25, 21, 5),
('2012-06-22', 2012, 2, 6, 25, 22, 6),
('2012-06-23', 2012, 2, 6, 25, 23, 7),
('2012-06-24', 2012, 2, 6, 25, 24, 1),
('2012-06-25', 2012, 2, 6, 26, 25, 2),
('2012-06-26', 2012, 2, 6, 26, 26, 3),
('2012-06-27', 2012, 2, 6, 26, 27, 4),
('2012-06-28', 2012, 2, 6, 26, 28, 5),
('2012-06-29', 2012, 2, 6, 26, 29, 6),
('2012-06-30', 2012, 2, 6, 26, 30, 7),
('2012-07-01', 2012, 3, 7, 26, 1, 1),
('2012-07-02', 2012, 3, 7, 27, 2, 2),
('2012-07-03', 2012, 3, 7, 27, 3, 3),
('2012-07-04', 2012, 3, 7, 27, 4, 4),
('2012-07-05', 2012, 3, 7, 27, 5, 5),
('2012-07-06', 2012, 3, 7, 27, 6, 6),
('2012-07-07', 2012, 3, 7, 27, 7, 7),
('2012-07-08', 2012, 3, 7, 27, 8, 1),
('2012-07-09', 2012, 3, 7, 28, 9, 2),
('2012-07-10', 2012, 3, 7, 28, 10, 3),
('2012-07-11', 2012, 3, 7, 28, 11, 4),
('2012-07-12', 2012, 3, 7, 28, 12, 5),
('2012-07-13', 2012, 3, 7, 28, 13, 6),
('2012-07-14', 2012, 3, 7, 28, 14, 7),
('2012-07-15', 2012, 3, 7, 28, 15, 1),
('2012-07-16', 2012, 3, 7, 29, 16, 2),
('2012-07-17', 2012, 3, 7, 29, 17, 3),
('2012-07-18', 2012, 3, 7, 29, 18, 4),
('2012-07-19', 2012, 3, 7, 29, 19, 5),
('2012-07-20', 2012, 3, 7, 29, 20, 6),
('2012-07-21', 2012, 3, 7, 29, 21, 7),
('2012-07-22', 2012, 3, 7, 29, 22, 1),
('2012-07-23', 2012, 3, 7, 30, 23, 2),
('2012-07-24', 2012, 3, 7, 30, 24, 3),
('2012-07-25', 2012, 3, 7, 30, 25, 4),
('2012-07-26', 2012, 3, 7, 30, 26, 5),
('2012-07-27', 2012, 3, 7, 30, 27, 6),
('2012-07-28', 2012, 3, 7, 30, 28, 7),
('2012-07-29', 2012, 3, 7, 30, 29, 1),
('2012-07-30', 2012, 3, 7, 31, 30, 2),
('2012-07-31', 2012, 3, 7, 31, 31, 3),
('2012-08-01', 2012, 3, 8, 31, 1, 4),
('2012-08-02', 2012, 3, 8, 31, 2, 5),
('2012-08-03', 2012, 3, 8, 31, 3, 6),
('2012-08-04', 2012, 3, 8, 31, 4, 7),
('2012-08-05', 2012, 3, 8, 31, 5, 1),
('2012-08-06', 2012, 3, 8, 32, 6, 2),
('2012-08-07', 2012, 3, 8, 32, 7, 3),
('2012-08-08', 2012, 3, 8, 32, 8, 4),
('2012-08-09', 2012, 3, 8, 32, 9, 5),
('2012-08-10', 2012, 3, 8, 32, 10, 6),
('2012-08-11', 2012, 3, 8, 32, 11, 7),
('2012-08-12', 2012, 3, 8, 32, 12, 1),
('2012-08-13', 2012, 3, 8, 33, 13, 2),
('2012-08-14', 2012, 3, 8, 33, 14, 3),
('2012-08-15', 2012, 3, 8, 33, 15, 4),
('2012-08-16', 2012, 3, 8, 33, 16, 5),
('2012-08-17', 2012, 3, 8, 33, 17, 6),
('2012-08-18', 2012, 3, 8, 33, 18, 7),
('2012-08-19', 2012, 3, 8, 33, 19, 1),
('2012-08-20', 2012, 3, 8, 34, 20, 2),
('2012-08-21', 2012, 3, 8, 34, 21, 3),
('2012-08-22', 2012, 3, 8, 34, 22, 4),
('2012-08-23', 2012, 3, 8, 34, 23, 5),
('2012-08-24', 2012, 3, 8, 34, 24, 6),
('2012-08-25', 2012, 3, 8, 34, 25, 7),
('2012-08-26', 2012, 3, 8, 34, 26, 1),
('2012-08-27', 2012, 3, 8, 35, 27, 2),
('2012-08-28', 2012, 3, 8, 35, 28, 3),
('2012-08-29', 2012, 3, 8, 35, 29, 4),
('2012-08-30', 2012, 3, 8, 35, 30, 5),
('2012-08-31', 2012, 3, 8, 35, 31, 6),
('2012-09-01', 2012, 3, 9, 35, 1, 7),
('2012-09-02', 2012, 3, 9, 35, 2, 1),
('2012-09-03', 2012, 3, 9, 36, 3, 2),
('2012-09-04', 2012, 3, 9, 36, 4, 3),
('2012-09-05', 2012, 3, 9, 36, 5, 4),
('2012-09-06', 2012, 3, 9, 36, 6, 5),
('2012-09-07', 2012, 3, 9, 36, 7, 6),
('2012-09-08', 2012, 3, 9, 36, 8, 7),
('2012-09-09', 2012, 3, 9, 36, 9, 1),
('2012-09-10', 2012, 3, 9, 37, 10, 2),
('2012-09-11', 2012, 3, 9, 37, 11, 3),
('2012-09-12', 2012, 3, 9, 37, 12, 4),
('2012-09-13', 2012, 3, 9, 37, 13, 5),
('2012-09-14', 2012, 3, 9, 37, 14, 6),
('2012-09-15', 2012, 3, 9, 37, 15, 7),
('2012-09-16', 2012, 3, 9, 37, 16, 1),
('2012-09-17', 2012, 3, 9, 38, 17, 2),
('2012-09-18', 2012, 3, 9, 38, 18, 3),
('2012-09-19', 2012, 3, 9, 38, 19, 4),
('2012-09-20', 2012, 3, 9, 38, 20, 5),
('2012-09-21', 2012, 3, 9, 38, 21, 6),
('2012-09-22', 2012, 3, 9, 38, 22, 7),
('2012-09-23', 2012, 3, 9, 38, 23, 1),
('2012-09-24', 2012, 3, 9, 39, 24, 2),
('2012-09-25', 2012, 3, 9, 39, 25, 3),
('2012-09-26', 2012, 3, 9, 39, 26, 4),
('2012-09-27', 2012, 3, 9, 39, 27, 5),
('2012-09-28', 2012, 3, 9, 39, 28, 6),
('2012-09-29', 2012, 3, 9, 39, 29, 7),
('2012-09-30', 2012, 3, 9, 39, 30, 1),
('2012-10-01', 2012, 4, 10, 40, 1, 2),
('2012-10-02', 2012, 4, 10, 40, 2, 3),
('2012-10-03', 2012, 4, 10, 40, 3, 4),
('2012-10-04', 2012, 4, 10, 40, 4, 5),
('2012-10-05', 2012, 4, 10, 40, 5, 6),
('2012-10-06', 2012, 4, 10, 40, 6, 7),
('2012-10-07', 2012, 4, 10, 40, 7, 1),
('2012-10-08', 2012, 4, 10, 41, 8, 2),
('2012-10-09', 2012, 4, 10, 41, 9, 3),
('2012-10-10', 2012, 4, 10, 41, 10, 4),
('2012-10-11', 2012, 4, 10, 41, 11, 5),
('2012-10-12', 2012, 4, 10, 41, 12, 6),
('2012-10-13', 2012, 4, 10, 41, 13, 7),
('2012-10-14', 2012, 4, 10, 41, 14, 1),
('2012-10-15', 2012, 4, 10, 42, 15, 2),
('2012-10-16', 2012, 4, 10, 42, 16, 3),
('2012-10-17', 2012, 4, 10, 42, 17, 4),
('2012-10-18', 2012, 4, 10, 42, 18, 5),
('2012-10-19', 2012, 4, 10, 42, 19, 6),
('2012-10-20', 2012, 4, 10, 42, 20, 7),
('2012-10-21', 2012, 4, 10, 42, 21, 1),
('2012-10-22', 2012, 4, 10, 43, 22, 2),
('2012-10-23', 2012, 4, 10, 43, 23, 3),
('2012-10-24', 2012, 4, 10, 43, 24, 4),
('2012-10-25', 2012, 4, 10, 43, 25, 5),
('2012-10-26', 2012, 4, 10, 43, 26, 6),
('2012-10-27', 2012, 4, 10, 43, 27, 7),
('2012-10-28', 2012, 4, 10, 43, 28, 1),
('2012-10-29', 2012, 4, 10, 44, 29, 2),
('2012-10-30', 2012, 4, 10, 44, 30, 3),
('2012-10-31', 2012, 4, 10, 44, 31, 4),
('2012-11-01', 2012, 4, 11, 44, 1, 5),
('2012-11-02', 2012, 4, 11, 44, 2, 6),
('2012-11-03', 2012, 4, 11, 44, 3, 7),
('2012-11-04', 2012, 4, 11, 44, 4, 1),
('2012-11-05', 2012, 4, 11, 45, 5, 2),
('2012-11-06', 2012, 4, 11, 45, 6, 3),
('2012-11-07', 2012, 4, 11, 45, 7, 4),
('2012-11-08', 2012, 4, 11, 45, 8, 5),
('2012-11-09', 2012, 4, 11, 45, 9, 6),
('2012-11-10', 2012, 4, 11, 45, 10, 7),
('2012-11-11', 2012, 4, 11, 45, 11, 1),
('2012-11-12', 2012, 4, 11, 46, 12, 2),
('2012-11-13', 2012, 4, 11, 46, 13, 3),
('2012-11-14', 2012, 4, 11, 46, 14, 4),
('2012-11-15', 2012, 4, 11, 46, 15, 5),
('2012-11-16', 2012, 4, 11, 46, 16, 6),
('2012-11-17', 2012, 4, 11, 46, 17, 7),
('2012-11-18', 2012, 4, 11, 46, 18, 1),
('2012-11-19', 2012, 4, 11, 47, 19, 2),
('2012-11-20', 2012, 4, 11, 47, 20, 3),
('2012-11-21', 2012, 4, 11, 47, 21, 4),
('2012-11-22', 2012, 4, 11, 47, 22, 5),
('2012-11-23', 2012, 4, 11, 47, 23, 6),
('2012-11-24', 2012, 4, 11, 47, 24, 7),
('2012-11-25', 2012, 4, 11, 47, 25, 1),
('2012-11-26', 2012, 4, 11, 48, 26, 2),
('2012-11-27', 2012, 4, 11, 48, 27, 3),
('2012-11-28', 2012, 4, 11, 48, 28, 4),
('2012-11-29', 2012, 4, 11, 48, 29, 5),
('2012-11-30', 2012, 4, 11, 48, 30, 6),
('2012-12-01', 2012, 4, 12, 48, 1, 7),
('2012-12-02', 2012, 4, 12, 48, 2, 1),
('2012-12-03', 2012, 4, 12, 49, 3, 2),
('2012-12-04', 2012, 4, 12, 49, 4, 3),
('2012-12-05', 2012, 4, 12, 49, 5, 4),
('2012-12-06', 2012, 4, 12, 49, 6, 5),
('2012-12-07', 2012, 4, 12, 49, 7, 6),
('2012-12-08', 2012, 4, 12, 49, 8, 7),
('2012-12-09', 2012, 4, 12, 49, 9, 1),
('2012-12-10', 2012, 4, 12, 50, 10, 2),
('2012-12-11', 2012, 4, 12, 50, 11, 3),
('2012-12-12', 2012, 4, 12, 50, 12, 4),
('2012-12-13', 2012, 4, 12, 50, 13, 5),
('2012-12-14', 2012, 4, 12, 50, 14, 6),
('2012-12-15', 2012, 4, 12, 50, 15, 7),
('2012-12-16', 2012, 4, 12, 50, 16, 1),
('2012-12-17', 2012, 4, 12, 51, 17, 2),
('2012-12-18', 2012, 4, 12, 51, 18, 3),
('2012-12-19', 2012, 4, 12, 51, 19, 4),
('2012-12-20', 2012, 4, 12, 51, 20, 5),
('2012-12-21', 2012, 4, 12, 51, 21, 6),
('2012-12-22', 2012, 4, 12, 51, 22, 7),
('2012-12-23', 2012, 4, 12, 51, 23, 1),
('2012-12-24', 2012, 4, 12, 52, 24, 2),
('2012-12-25', 2012, 4, 12, 52, 25, 3),
('2012-12-26', 2012, 4, 12, 52, 26, 4),
('2012-12-27', 2012, 4, 12, 52, 27, 5),
('2012-12-28', 2012, 4, 12, 52, 28, 6),
('2012-12-29', 2012, 4, 12, 52, 29, 7),
('2012-12-30', 2012, 4, 12, 52, 30, 1),
('2012-12-31', 2012, 4, 12, 53, 31, 2),
('2013-01-01', 2013, 1, 1, 1, 1, 3),
('2013-01-02', 2013, 1, 1, 1, 2, 4),
('2013-01-03', 2013, 1, 1, 1, 3, 5),
('2013-01-04', 2013, 1, 1, 1, 4, 6),
('2013-01-05', 2013, 1, 1, 1, 5, 7),
('2013-01-06', 2013, 1, 1, 1, 6, 1),
('2013-01-07', 2013, 1, 1, 2, 7, 2),
('2013-01-08', 2013, 1, 1, 2, 8, 3),
('2013-01-09', 2013, 1, 1, 2, 9, 4),
('2013-01-10', 2013, 1, 1, 2, 10, 5),
('2013-01-11', 2013, 1, 1, 2, 11, 6),
('2013-01-12', 2013, 1, 1, 2, 12, 7),
('2013-01-13', 2013, 1, 1, 2, 13, 1),
('2013-01-14', 2013, 1, 1, 3, 14, 2),
('2013-01-15', 2013, 1, 1, 3, 15, 3),
('2013-01-16', 2013, 1, 1, 3, 16, 4),
('2013-01-17', 2013, 1, 1, 3, 17, 5),
('2013-01-18', 2013, 1, 1, 3, 18, 6),
('2013-01-19', 2013, 1, 1, 3, 19, 7),
('2013-01-20', 2013, 1, 1, 3, 20, 1),
('2013-01-21', 2013, 1, 1, 4, 21, 2),
('2013-01-22', 2013, 1, 1, 4, 22, 3),
('2013-01-23', 2013, 1, 1, 4, 23, 4),
('2013-01-24', 2013, 1, 1, 4, 24, 5),
('2013-01-25', 2013, 1, 1, 4, 25, 6),
('2013-01-26', 2013, 1, 1, 4, 26, 7),
('2013-01-27', 2013, 1, 1, 4, 27, 1),
('2013-01-28', 2013, 1, 1, 5, 28, 2),
('2013-01-29', 2013, 1, 1, 5, 29, 3),
('2013-01-30', 2013, 1, 1, 5, 30, 4),
('2013-01-31', 2013, 1, 1, 5, 31, 5),
('2013-02-01', 2013, 1, 2, 5, 1, 6),
('2013-02-02', 2013, 1, 2, 5, 2, 7),
('2013-02-03', 2013, 1, 2, 5, 3, 1),
('2013-02-04', 2013, 1, 2, 6, 4, 2),
('2013-02-05', 2013, 1, 2, 6, 5, 3),
('2013-02-06', 2013, 1, 2, 6, 6, 4),
('2013-02-07', 2013, 1, 2, 6, 7, 5),
('2013-02-08', 2013, 1, 2, 6, 8, 6),
('2013-02-09', 2013, 1, 2, 6, 9, 7),
('2013-02-10', 2013, 1, 2, 6, 10, 1),
('2013-02-11', 2013, 1, 2, 7, 11, 2),
('2013-02-12', 2013, 1, 2, 7, 12, 3),
('2013-02-13', 2013, 1, 2, 7, 13, 4),
('2013-02-14', 2013, 1, 2, 7, 14, 5),
('2013-02-15', 2013, 1, 2, 7, 15, 6),
('2013-02-16', 2013, 1, 2, 7, 16, 7),
('2013-02-17', 2013, 1, 2, 7, 17, 1),
('2013-02-18', 2013, 1, 2, 8, 18, 2),
('2013-02-19', 2013, 1, 2, 8, 19, 3),
('2013-02-20', 2013, 1, 2, 8, 20, 4),
('2013-02-21', 2013, 1, 2, 8, 21, 5),
('2013-02-22', 2013, 1, 2, 8, 22, 6),
('2013-02-23', 2013, 1, 2, 8, 23, 7),
('2013-02-24', 2013, 1, 2, 8, 24, 1),
('2013-02-25', 2013, 1, 2, 9, 25, 2),
('2013-02-26', 2013, 1, 2, 9, 26, 3),
('2013-02-27', 2013, 1, 2, 9, 27, 4),
('2013-02-28', 2013, 1, 2, 9, 28, 5),
('2013-03-01', 2013, 1, 3, 9, 1, 6),
('2013-03-02', 2013, 1, 3, 9, 2, 7),
('2013-03-03', 2013, 1, 3, 9, 3, 1),
('2013-03-04', 2013, 1, 3, 10, 4, 2),
('2013-03-05', 2013, 1, 3, 10, 5, 3),
('2013-03-06', 2013, 1, 3, 10, 6, 4),
('2013-03-07', 2013, 1, 3, 10, 7, 5),
('2013-03-08', 2013, 1, 3, 10, 8, 6),
('2013-03-09', 2013, 1, 3, 10, 9, 7),
('2013-03-10', 2013, 1, 3, 10, 10, 1),
('2013-03-11', 2013, 1, 3, 11, 11, 2),
('2013-03-12', 2013, 1, 3, 11, 12, 3),
('2013-03-13', 2013, 1, 3, 11, 13, 4),
('2013-03-14', 2013, 1, 3, 11, 14, 5),
('2013-03-15', 2013, 1, 3, 11, 15, 6),
('2013-03-16', 2013, 1, 3, 11, 16, 7),
('2013-03-17', 2013, 1, 3, 11, 17, 1),
('2013-03-18', 2013, 1, 3, 12, 18, 2),
('2013-03-19', 2013, 1, 3, 12, 19, 3),
('2013-03-20', 2013, 1, 3, 12, 20, 4),
('2013-03-21', 2013, 1, 3, 12, 21, 5),
('2013-03-22', 2013, 1, 3, 12, 22, 6),
('2013-03-23', 2013, 1, 3, 12, 23, 7),
('2013-03-24', 2013, 1, 3, 12, 24, 1),
('2013-03-25', 2013, 1, 3, 13, 25, 2),
('2013-03-26', 2013, 1, 3, 13, 26, 3),
('2013-03-27', 2013, 1, 3, 13, 27, 4),
('2013-03-28', 2013, 1, 3, 13, 28, 5),
('2013-03-29', 2013, 1, 3, 13, 29, 6),
('2013-03-30', 2013, 1, 3, 13, 30, 7),
('2013-03-31', 2013, 1, 3, 13, 31, 1),
('2013-04-01', 2013, 2, 4, 14, 1, 2),
('2013-04-02', 2013, 2, 4, 14, 2, 3),
('2013-04-03', 2013, 2, 4, 14, 3, 4),
('2013-04-04', 2013, 2, 4, 14, 4, 5),
('2013-04-05', 2013, 2, 4, 14, 5, 6),
('2013-04-06', 2013, 2, 4, 14, 6, 7),
('2013-04-07', 2013, 2, 4, 14, 7, 1),
('2013-04-08', 2013, 2, 4, 15, 8, 2),
('2013-04-09', 2013, 2, 4, 15, 9, 3),
('2013-04-10', 2013, 2, 4, 15, 10, 4),
('2013-04-11', 2013, 2, 4, 15, 11, 5),
('2013-04-12', 2013, 2, 4, 15, 12, 6),
('2013-04-13', 2013, 2, 4, 15, 13, 7),
('2013-04-14', 2013, 2, 4, 15, 14, 1),
('2013-04-15', 2013, 2, 4, 16, 15, 2),
('2013-04-16', 2013, 2, 4, 16, 16, 3),
('2013-04-17', 2013, 2, 4, 16, 17, 4),
('2013-04-18', 2013, 2, 4, 16, 18, 5),
('2013-04-19', 2013, 2, 4, 16, 19, 6),
('2013-04-20', 2013, 2, 4, 16, 20, 7),
('2013-04-21', 2013, 2, 4, 16, 21, 1),
('2013-04-22', 2013, 2, 4, 17, 22, 2),
('2013-04-23', 2013, 2, 4, 17, 23, 3),
('2013-04-24', 2013, 2, 4, 17, 24, 4),
('2013-04-25', 2013, 2, 4, 17, 25, 5),
('2013-04-26', 2013, 2, 4, 17, 26, 6),
('2013-04-27', 2013, 2, 4, 17, 27, 7),
('2013-04-28', 2013, 2, 4, 17, 28, 1),
('2013-04-29', 2013, 2, 4, 18, 29, 2),
('2013-04-30', 2013, 2, 4, 18, 30, 3),
('2013-05-01', 2013, 2, 5, 18, 1, 4),
('2013-05-02', 2013, 2, 5, 18, 2, 5),
('2013-05-03', 2013, 2, 5, 18, 3, 6),
('2013-05-04', 2013, 2, 5, 18, 4, 7),
('2013-05-05', 2013, 2, 5, 18, 5, 1),
('2013-05-06', 2013, 2, 5, 19, 6, 2),
('2013-05-07', 2013, 2, 5, 19, 7, 3),
('2013-05-08', 2013, 2, 5, 19, 8, 4),
('2013-05-09', 2013, 2, 5, 19, 9, 5),
('2013-05-10', 2013, 2, 5, 19, 10, 6),
('2013-05-11', 2013, 2, 5, 19, 11, 7),
('2013-05-12', 2013, 2, 5, 19, 12, 1),
('2013-05-13', 2013, 2, 5, 20, 13, 2),
('2013-05-14', 2013, 2, 5, 20, 14, 3),
('2013-05-15', 2013, 2, 5, 20, 15, 4),
('2013-05-16', 2013, 2, 5, 20, 16, 5),
('2013-05-17', 2013, 2, 5, 20, 17, 6),
('2013-05-18', 2013, 2, 5, 20, 18, 7),
('2013-05-19', 2013, 2, 5, 20, 19, 1),
('2013-05-20', 2013, 2, 5, 21, 20, 2),
('2013-05-21', 2013, 2, 5, 21, 21, 3),
('2013-05-22', 2013, 2, 5, 21, 22, 4),
('2013-05-23', 2013, 2, 5, 21, 23, 5),
('2013-05-24', 2013, 2, 5, 21, 24, 6),
('2013-05-25', 2013, 2, 5, 21, 25, 7),
('2013-05-26', 2013, 2, 5, 21, 26, 1),
('2013-05-27', 2013, 2, 5, 22, 27, 2),
('2013-05-28', 2013, 2, 5, 22, 28, 3),
('2013-05-29', 2013, 2, 5, 22, 29, 4),
('2013-05-30', 2013, 2, 5, 22, 30, 5),
('2013-05-31', 2013, 2, 5, 22, 31, 6),
('2013-06-01', 2013, 2, 6, 22, 1, 7),
('2013-06-02', 2013, 2, 6, 22, 2, 1),
('2013-06-03', 2013, 2, 6, 23, 3, 2),
('2013-06-04', 2013, 2, 6, 23, 4, 3),
('2013-06-05', 2013, 2, 6, 23, 5, 4),
('2013-06-06', 2013, 2, 6, 23, 6, 5),
('2013-06-07', 2013, 2, 6, 23, 7, 6),
('2013-06-08', 2013, 2, 6, 23, 8, 7),
('2013-06-09', 2013, 2, 6, 23, 9, 1),
('2013-06-10', 2013, 2, 6, 24, 10, 2),
('2013-06-11', 2013, 2, 6, 24, 11, 3),
('2013-06-12', 2013, 2, 6, 24, 12, 4),
('2013-06-13', 2013, 2, 6, 24, 13, 5),
('2013-06-14', 2013, 2, 6, 24, 14, 6),
('2013-06-15', 2013, 2, 6, 24, 15, 7),
('2013-06-16', 2013, 2, 6, 24, 16, 1),
('2013-06-17', 2013, 2, 6, 25, 17, 2),
('2013-06-18', 2013, 2, 6, 25, 18, 3),
('2013-06-19', 2013, 2, 6, 25, 19, 4),
('2013-06-20', 2013, 2, 6, 25, 20, 5),
('2013-06-21', 2013, 2, 6, 25, 21, 6),
('2013-06-22', 2013, 2, 6, 25, 22, 7),
('2013-06-23', 2013, 2, 6, 25, 23, 1),
('2013-06-24', 2013, 2, 6, 26, 24, 2),
('2013-06-25', 2013, 2, 6, 26, 25, 3),
('2013-06-26', 2013, 2, 6, 26, 26, 4),
('2013-06-27', 2013, 2, 6, 26, 27, 5),
('2013-06-28', 2013, 2, 6, 26, 28, 6),
('2013-06-29', 2013, 2, 6, 26, 29, 7),
('2013-06-30', 2013, 2, 6, 26, 30, 1),
('2013-07-01', 2013, 3, 7, 27, 1, 2),
('2013-07-02', 2013, 3, 7, 27, 2, 3),
('2013-07-03', 2013, 3, 7, 27, 3, 4),
('2013-07-04', 2013, 3, 7, 27, 4, 5),
('2013-07-05', 2013, 3, 7, 27, 5, 6),
('2013-07-06', 2013, 3, 7, 27, 6, 7),
('2013-07-07', 2013, 3, 7, 27, 7, 1),
('2013-07-08', 2013, 3, 7, 28, 8, 2),
('2013-07-09', 2013, 3, 7, 28, 9, 3),
('2013-07-10', 2013, 3, 7, 28, 10, 4),
('2013-07-11', 2013, 3, 7, 28, 11, 5),
('2013-07-12', 2013, 3, 7, 28, 12, 6),
('2013-07-13', 2013, 3, 7, 28, 13, 7),
('2013-07-14', 2013, 3, 7, 28, 14, 1),
('2013-07-15', 2013, 3, 7, 29, 15, 2),
('2013-07-16', 2013, 3, 7, 29, 16, 3),
('2013-07-17', 2013, 3, 7, 29, 17, 4),
('2013-07-18', 2013, 3, 7, 29, 18, 5),
('2013-07-19', 2013, 3, 7, 29, 19, 6),
('2013-07-20', 2013, 3, 7, 29, 20, 7),
('2013-07-21', 2013, 3, 7, 29, 21, 1),
('2013-07-22', 2013, 3, 7, 30, 22, 2),
('2013-07-23', 2013, 3, 7, 30, 23, 3),
('2013-07-24', 2013, 3, 7, 30, 24, 4),
('2013-07-25', 2013, 3, 7, 30, 25, 5),
('2013-07-26', 2013, 3, 7, 30, 26, 6),
('2013-07-27', 2013, 3, 7, 30, 27, 7),
('2013-07-28', 2013, 3, 7, 30, 28, 1),
('2013-07-29', 2013, 3, 7, 31, 29, 2),
('2013-07-30', 2013, 3, 7, 31, 30, 3),
('2013-07-31', 2013, 3, 7, 31, 31, 4),
('2013-08-01', 2013, 3, 8, 31, 1, 5),
('2013-08-02', 2013, 3, 8, 31, 2, 6),
('2013-08-03', 2013, 3, 8, 31, 3, 7),
('2013-08-04', 2013, 3, 8, 31, 4, 1),
('2013-08-05', 2013, 3, 8, 32, 5, 2),
('2013-08-06', 2013, 3, 8, 32, 6, 3),
('2013-08-07', 2013, 3, 8, 32, 7, 4),
('2013-08-08', 2013, 3, 8, 32, 8, 5),
('2013-08-09', 2013, 3, 8, 32, 9, 6),
('2013-08-10', 2013, 3, 8, 32, 10, 7),
('2013-08-11', 2013, 3, 8, 32, 11, 1),
('2013-08-12', 2013, 3, 8, 33, 12, 2),
('2013-08-13', 2013, 3, 8, 33, 13, 3),
('2013-08-14', 2013, 3, 8, 33, 14, 4),
('2013-08-15', 2013, 3, 8, 33, 15, 5),
('2013-08-16', 2013, 3, 8, 33, 16, 6),
('2013-08-17', 2013, 3, 8, 33, 17, 7),
('2013-08-18', 2013, 3, 8, 33, 18, 1),
('2013-08-19', 2013, 3, 8, 34, 19, 2),
('2013-08-20', 2013, 3, 8, 34, 20, 3),
('2013-08-21', 2013, 3, 8, 34, 21, 4),
('2013-08-22', 2013, 3, 8, 34, 22, 5),
('2013-08-23', 2013, 3, 8, 34, 23, 6),
('2013-08-24', 2013, 3, 8, 34, 24, 7),
('2013-08-25', 2013, 3, 8, 34, 25, 1),
('2013-08-26', 2013, 3, 8, 35, 26, 2),
('2013-08-27', 2013, 3, 8, 35, 27, 3),
('2013-08-28', 2013, 3, 8, 35, 28, 4),
('2013-08-29', 2013, 3, 8, 35, 29, 5),
('2013-08-30', 2013, 3, 8, 35, 30, 6),
('2013-08-31', 2013, 3, 8, 35, 31, 7),
('2013-09-01', 2013, 3, 9, 35, 1, 1),
('2013-09-02', 2013, 3, 9, 36, 2, 2),
('2013-09-03', 2013, 3, 9, 36, 3, 3),
('2013-09-04', 2013, 3, 9, 36, 4, 4),
('2013-09-05', 2013, 3, 9, 36, 5, 5),
('2013-09-06', 2013, 3, 9, 36, 6, 6),
('2013-09-07', 2013, 3, 9, 36, 7, 7),
('2013-09-08', 2013, 3, 9, 36, 8, 1),
('2013-09-09', 2013, 3, 9, 37, 9, 2),
('2013-09-10', 2013, 3, 9, 37, 10, 3),
('2013-09-11', 2013, 3, 9, 37, 11, 4),
('2013-09-12', 2013, 3, 9, 37, 12, 5),
('2013-09-13', 2013, 3, 9, 37, 13, 6),
('2013-09-14', 2013, 3, 9, 37, 14, 7),
('2013-09-15', 2013, 3, 9, 37, 15, 1),
('2013-09-16', 2013, 3, 9, 38, 16, 2),
('2013-09-17', 2013, 3, 9, 38, 17, 3),
('2013-09-18', 2013, 3, 9, 38, 18, 4),
('2013-09-19', 2013, 3, 9, 38, 19, 5),
('2013-09-20', 2013, 3, 9, 38, 20, 6),
('2013-09-21', 2013, 3, 9, 38, 21, 7),
('2013-09-22', 2013, 3, 9, 38, 22, 1),
('2013-09-23', 2013, 3, 9, 39, 23, 2),
('2013-09-24', 2013, 3, 9, 39, 24, 3),
('2013-09-25', 2013, 3, 9, 39, 25, 4),
('2013-09-26', 2013, 3, 9, 39, 26, 5),
('2013-09-27', 2013, 3, 9, 39, 27, 6),
('2013-09-28', 2013, 3, 9, 39, 28, 7),
('2013-09-29', 2013, 3, 9, 39, 29, 1),
('2013-09-30', 2013, 3, 9, 40, 30, 2),
('2013-10-01', 2013, 4, 10, 40, 1, 3),
('2013-10-02', 2013, 4, 10, 40, 2, 4),
('2013-10-03', 2013, 4, 10, 40, 3, 5),
('2013-10-04', 2013, 4, 10, 40, 4, 6),
('2013-10-05', 2013, 4, 10, 40, 5, 7),
('2013-10-06', 2013, 4, 10, 40, 6, 1),
('2013-10-07', 2013, 4, 10, 41, 7, 2),
('2013-10-08', 2013, 4, 10, 41, 8, 3),
('2013-10-09', 2013, 4, 10, 41, 9, 4),
('2013-10-10', 2013, 4, 10, 41, 10, 5),
('2013-10-11', 2013, 4, 10, 41, 11, 6),
('2013-10-12', 2013, 4, 10, 41, 12, 7),
('2013-10-13', 2013, 4, 10, 41, 13, 1),
('2013-10-14', 2013, 4, 10, 42, 14, 2),
('2013-10-15', 2013, 4, 10, 42, 15, 3),
('2013-10-16', 2013, 4, 10, 42, 16, 4),
('2013-10-17', 2013, 4, 10, 42, 17, 5),
('2013-10-18', 2013, 4, 10, 42, 18, 6),
('2013-10-19', 2013, 4, 10, 42, 19, 7),
('2013-10-20', 2013, 4, 10, 42, 20, 1),
('2013-10-21', 2013, 4, 10, 43, 21, 2),
('2013-10-22', 2013, 4, 10, 43, 22, 3),
('2013-10-23', 2013, 4, 10, 43, 23, 4),
('2013-10-24', 2013, 4, 10, 43, 24, 5),
('2013-10-25', 2013, 4, 10, 43, 25, 6),
('2013-10-26', 2013, 4, 10, 43, 26, 7),
('2013-10-27', 2013, 4, 10, 43, 27, 1),
('2013-10-28', 2013, 4, 10, 44, 28, 2),
('2013-10-29', 2013, 4, 10, 44, 29, 3),
('2013-10-30', 2013, 4, 10, 44, 30, 4),
('2013-10-31', 2013, 4, 10, 44, 31, 5),
('2013-11-01', 2013, 4, 11, 44, 1, 6),
('2013-11-02', 2013, 4, 11, 44, 2, 7),
('2013-11-03', 2013, 4, 11, 44, 3, 1),
('2013-11-04', 2013, 4, 11, 45, 4, 2),
('2013-11-05', 2013, 4, 11, 45, 5, 3),
('2013-11-06', 2013, 4, 11, 45, 6, 4),
('2013-11-07', 2013, 4, 11, 45, 7, 5),
('2013-11-08', 2013, 4, 11, 45, 8, 6),
('2013-11-09', 2013, 4, 11, 45, 9, 7),
('2013-11-10', 2013, 4, 11, 45, 10, 1),
('2013-11-11', 2013, 4, 11, 46, 11, 2),
('2013-11-12', 2013, 4, 11, 46, 12, 3),
('2013-11-13', 2013, 4, 11, 46, 13, 4),
('2013-11-14', 2013, 4, 11, 46, 14, 5),
('2013-11-15', 2013, 4, 11, 46, 15, 6),
('2013-11-16', 2013, 4, 11, 46, 16, 7),
('2013-11-17', 2013, 4, 11, 46, 17, 1),
('2013-11-18', 2013, 4, 11, 47, 18, 2),
('2013-11-19', 2013, 4, 11, 47, 19, 3),
('2013-11-20', 2013, 4, 11, 47, 20, 4),
('2013-11-21', 2013, 4, 11, 47, 21, 5),
('2013-11-22', 2013, 4, 11, 47, 22, 6),
('2013-11-23', 2013, 4, 11, 47, 23, 7),
('2013-11-24', 2013, 4, 11, 47, 24, 1),
('2013-11-25', 2013, 4, 11, 48, 25, 2),
('2013-11-26', 2013, 4, 11, 48, 26, 3),
('2013-11-27', 2013, 4, 11, 48, 27, 4),
('2013-11-28', 2013, 4, 11, 48, 28, 5),
('2013-11-29', 2013, 4, 11, 48, 29, 6),
('2013-11-30', 2013, 4, 11, 48, 30, 7),
('2013-12-01', 2013, 4, 12, 48, 1, 1),
('2013-12-02', 2013, 4, 12, 49, 2, 2),
('2013-12-03', 2013, 4, 12, 49, 3, 3),
('2013-12-04', 2013, 4, 12, 49, 4, 4),
('2013-12-05', 2013, 4, 12, 49, 5, 5),
('2013-12-06', 2013, 4, 12, 49, 6, 6),
('2013-12-07', 2013, 4, 12, 49, 7, 7),
('2013-12-08', 2013, 4, 12, 49, 8, 1),
('2013-12-09', 2013, 4, 12, 50, 9, 2),
('2013-12-10', 2013, 4, 12, 50, 10, 3),
('2013-12-11', 2013, 4, 12, 50, 11, 4),
('2013-12-12', 2013, 4, 12, 50, 12, 5),
('2013-12-13', 2013, 4, 12, 50, 13, 6),
('2013-12-14', 2013, 4, 12, 50, 14, 7),
('2013-12-15', 2013, 4, 12, 50, 15, 1),
('2013-12-16', 2013, 4, 12, 51, 16, 2),
('2013-12-17', 2013, 4, 12, 51, 17, 3),
('2013-12-18', 2013, 4, 12, 51, 18, 4),
('2013-12-19', 2013, 4, 12, 51, 19, 5),
('2013-12-20', 2013, 4, 12, 51, 20, 6),
('2013-12-21', 2013, 4, 12, 51, 21, 7),
('2013-12-22', 2013, 4, 12, 51, 22, 1),
('2013-12-23', 2013, 4, 12, 52, 23, 2),
('2013-12-24', 2013, 4, 12, 52, 24, 3),
('2013-12-25', 2013, 4, 12, 52, 25, 4),
('2013-12-26', 2013, 4, 12, 52, 26, 5),
('2013-12-27', 2013, 4, 12, 52, 27, 6),
('2013-12-28', 2013, 4, 12, 52, 28, 7),
('2013-12-29', 2013, 4, 12, 52, 29, 1),
('2013-12-30', 2013, 4, 12, 53, 30, 2),
('2013-12-31', 2013, 4, 12, 53, 31, 3),
('2014-01-01', 2014, 1, 1, 1, 1, 4),
('2014-01-02', 2014, 1, 1, 1, 2, 5),
('2014-01-03', 2014, 1, 1, 1, 3, 6),
('2014-01-04', 2014, 1, 1, 1, 4, 7),
('2014-01-05', 2014, 1, 1, 1, 5, 1),
('2014-01-06', 2014, 1, 1, 2, 6, 2),
('2014-01-07', 2014, 1, 1, 2, 7, 3),
('2014-01-08', 2014, 1, 1, 2, 8, 4),
('2014-01-09', 2014, 1, 1, 2, 9, 5),
('2014-01-10', 2014, 1, 1, 2, 10, 6),
('2014-01-11', 2014, 1, 1, 2, 11, 7),
('2014-01-12', 2014, 1, 1, 2, 12, 1),
('2014-01-13', 2014, 1, 1, 3, 13, 2),
('2014-01-14', 2014, 1, 1, 3, 14, 3),
('2014-01-15', 2014, 1, 1, 3, 15, 4),
('2014-01-16', 2014, 1, 1, 3, 16, 5),
('2014-01-17', 2014, 1, 1, 3, 17, 6),
('2014-01-18', 2014, 1, 1, 3, 18, 7),
('2014-01-19', 2014, 1, 1, 3, 19, 1),
('2014-01-20', 2014, 1, 1, 4, 20, 2),
('2014-01-21', 2014, 1, 1, 4, 21, 3),
('2014-01-22', 2014, 1, 1, 4, 22, 4),
('2014-01-23', 2014, 1, 1, 4, 23, 5),
('2014-01-24', 2014, 1, 1, 4, 24, 6),
('2014-01-25', 2014, 1, 1, 4, 25, 7),
('2014-01-26', 2014, 1, 1, 4, 26, 1),
('2014-01-27', 2014, 1, 1, 5, 27, 2),
('2014-01-28', 2014, 1, 1, 5, 28, 3),
('2014-01-29', 2014, 1, 1, 5, 29, 4),
('2014-01-30', 2014, 1, 1, 5, 30, 5),
('2014-01-31', 2014, 1, 1, 5, 31, 6),
('2014-02-01', 2014, 1, 2, 5, 1, 7),
('2014-02-02', 2014, 1, 2, 5, 2, 1),
('2014-02-03', 2014, 1, 2, 6, 3, 2),
('2014-02-04', 2014, 1, 2, 6, 4, 3),
('2014-02-05', 2014, 1, 2, 6, 5, 4),
('2014-02-06', 2014, 1, 2, 6, 6, 5),
('2014-02-07', 2014, 1, 2, 6, 7, 6),
('2014-02-08', 2014, 1, 2, 6, 8, 7),
('2014-02-09', 2014, 1, 2, 6, 9, 1),
('2014-02-10', 2014, 1, 2, 7, 10, 2),
('2014-02-11', 2014, 1, 2, 7, 11, 3),
('2014-02-12', 2014, 1, 2, 7, 12, 4),
('2014-02-13', 2014, 1, 2, 7, 13, 5),
('2014-02-14', 2014, 1, 2, 7, 14, 6),
('2014-02-15', 2014, 1, 2, 7, 15, 7),
('2014-02-16', 2014, 1, 2, 7, 16, 1),
('2014-02-17', 2014, 1, 2, 8, 17, 2),
('2014-02-18', 2014, 1, 2, 8, 18, 3),
('2014-02-19', 2014, 1, 2, 8, 19, 4),
('2014-02-20', 2014, 1, 2, 8, 20, 5),
('2014-02-21', 2014, 1, 2, 8, 21, 6),
('2014-02-22', 2014, 1, 2, 8, 22, 7),
('2014-02-23', 2014, 1, 2, 8, 23, 1),
('2014-02-24', 2014, 1, 2, 9, 24, 2),
('2014-02-25', 2014, 1, 2, 9, 25, 3),
('2014-02-26', 2014, 1, 2, 9, 26, 4),
('2014-02-27', 2014, 1, 2, 9, 27, 5),
('2014-02-28', 2014, 1, 2, 9, 28, 6),
('2014-03-01', 2014, 1, 3, 9, 1, 7),
('2014-03-02', 2014, 1, 3, 9, 2, 1),
('2014-03-03', 2014, 1, 3, 10, 3, 2),
('2014-03-04', 2014, 1, 3, 10, 4, 3),
('2014-03-05', 2014, 1, 3, 10, 5, 4),
('2014-03-06', 2014, 1, 3, 10, 6, 5),
('2014-03-07', 2014, 1, 3, 10, 7, 6),
('2014-03-08', 2014, 1, 3, 10, 8, 7),
('2014-03-09', 2014, 1, 3, 10, 9, 1),
('2014-03-10', 2014, 1, 3, 11, 10, 2),
('2014-03-11', 2014, 1, 3, 11, 11, 3),
('2014-03-12', 2014, 1, 3, 11, 12, 4),
('2014-03-13', 2014, 1, 3, 11, 13, 5),
('2014-03-14', 2014, 1, 3, 11, 14, 6),
('2014-03-15', 2014, 1, 3, 11, 15, 7),
('2014-03-16', 2014, 1, 3, 11, 16, 1),
('2014-03-17', 2014, 1, 3, 12, 17, 2),
('2014-03-18', 2014, 1, 3, 12, 18, 3),
('2014-03-19', 2014, 1, 3, 12, 19, 4),
('2014-03-20', 2014, 1, 3, 12, 20, 5),
('2014-03-21', 2014, 1, 3, 12, 21, 6),
('2014-03-22', 2014, 1, 3, 12, 22, 7),
('2014-03-23', 2014, 1, 3, 12, 23, 1),
('2014-03-24', 2014, 1, 3, 13, 24, 2),
('2014-03-25', 2014, 1, 3, 13, 25, 3),
('2014-03-26', 2014, 1, 3, 13, 26, 4),
('2014-03-27', 2014, 1, 3, 13, 27, 5),
('2014-03-28', 2014, 1, 3, 13, 28, 6),
('2014-03-29', 2014, 1, 3, 13, 29, 7),
('2014-03-30', 2014, 1, 3, 13, 30, 1),
('2014-03-31', 2014, 1, 3, 14, 31, 2),
('2014-04-01', 2014, 2, 4, 14, 1, 3),
('2014-04-02', 2014, 2, 4, 14, 2, 4),
('2014-04-03', 2014, 2, 4, 14, 3, 5),
('2014-04-04', 2014, 2, 4, 14, 4, 6),
('2014-04-05', 2014, 2, 4, 14, 5, 7),
('2014-04-06', 2014, 2, 4, 14, 6, 1),
('2014-04-07', 2014, 2, 4, 15, 7, 2),
('2014-04-08', 2014, 2, 4, 15, 8, 3),
('2014-04-09', 2014, 2, 4, 15, 9, 4),
('2014-04-10', 2014, 2, 4, 15, 10, 5),
('2014-04-11', 2014, 2, 4, 15, 11, 6),
('2014-04-12', 2014, 2, 4, 15, 12, 7),
('2014-04-13', 2014, 2, 4, 15, 13, 1),
('2014-04-14', 2014, 2, 4, 16, 14, 2),
('2014-04-15', 2014, 2, 4, 16, 15, 3),
('2014-04-16', 2014, 2, 4, 16, 16, 4),
('2014-04-17', 2014, 2, 4, 16, 17, 5),
('2014-04-18', 2014, 2, 4, 16, 18, 6),
('2014-04-19', 2014, 2, 4, 16, 19, 7),
('2014-04-20', 2014, 2, 4, 16, 20, 1),
('2014-04-21', 2014, 2, 4, 17, 21, 2),
('2014-04-22', 2014, 2, 4, 17, 22, 3),
('2014-04-23', 2014, 2, 4, 17, 23, 4),
('2014-04-24', 2014, 2, 4, 17, 24, 5),
('2014-04-25', 2014, 2, 4, 17, 25, 6),
('2014-04-26', 2014, 2, 4, 17, 26, 7),
('2014-04-27', 2014, 2, 4, 17, 27, 1),
('2014-04-28', 2014, 2, 4, 18, 28, 2),
('2014-04-29', 2014, 2, 4, 18, 29, 3),
('2014-04-30', 2014, 2, 4, 18, 30, 4),
('2014-05-01', 2014, 2, 5, 18, 1, 5),
('2014-05-02', 2014, 2, 5, 18, 2, 6),
('2014-05-03', 2014, 2, 5, 18, 3, 7),
('2014-05-04', 2014, 2, 5, 18, 4, 1),
('2014-05-05', 2014, 2, 5, 19, 5, 2),
('2014-05-06', 2014, 2, 5, 19, 6, 3),
('2014-05-07', 2014, 2, 5, 19, 7, 4),
('2014-05-08', 2014, 2, 5, 19, 8, 5),
('2014-05-09', 2014, 2, 5, 19, 9, 6),
('2014-05-10', 2014, 2, 5, 19, 10, 7),
('2014-05-11', 2014, 2, 5, 19, 11, 1),
('2014-05-12', 2014, 2, 5, 20, 12, 2),
('2014-05-13', 2014, 2, 5, 20, 13, 3),
('2014-05-14', 2014, 2, 5, 20, 14, 4),
('2014-05-15', 2014, 2, 5, 20, 15, 5),
('2014-05-16', 2014, 2, 5, 20, 16, 6),
('2014-05-17', 2014, 2, 5, 20, 17, 7),
('2014-05-18', 2014, 2, 5, 20, 18, 1),
('2014-05-19', 2014, 2, 5, 21, 19, 2),
('2014-05-20', 2014, 2, 5, 21, 20, 3),
('2014-05-21', 2014, 2, 5, 21, 21, 4),
('2014-05-22', 2014, 2, 5, 21, 22, 5),
('2014-05-23', 2014, 2, 5, 21, 23, 6),
('2014-05-24', 2014, 2, 5, 21, 24, 7),
('2014-05-25', 2014, 2, 5, 21, 25, 1),
('2014-05-26', 2014, 2, 5, 22, 26, 2),
('2014-05-27', 2014, 2, 5, 22, 27, 3),
('2014-05-28', 2014, 2, 5, 22, 28, 4),
('2014-05-29', 2014, 2, 5, 22, 29, 5),
('2014-05-30', 2014, 2, 5, 22, 30, 6),
('2014-05-31', 2014, 2, 5, 22, 31, 7),
('2014-06-01', 2014, 2, 6, 22, 1, 1),
('2014-06-02', 2014, 2, 6, 23, 2, 2),
('2014-06-03', 2014, 2, 6, 23, 3, 3),
('2014-06-04', 2014, 2, 6, 23, 4, 4),
('2014-06-05', 2014, 2, 6, 23, 5, 5),
('2014-06-06', 2014, 2, 6, 23, 6, 6),
('2014-06-07', 2014, 2, 6, 23, 7, 7),
('2014-06-08', 2014, 2, 6, 23, 8, 1),
('2014-06-09', 2014, 2, 6, 24, 9, 2),
('2014-06-10', 2014, 2, 6, 24, 10, 3),
('2014-06-11', 2014, 2, 6, 24, 11, 4),
('2014-06-12', 2014, 2, 6, 24, 12, 5),
('2014-06-13', 2014, 2, 6, 24, 13, 6),
('2014-06-14', 2014, 2, 6, 24, 14, 7),
('2014-06-15', 2014, 2, 6, 24, 15, 1),
('2014-06-16', 2014, 2, 6, 25, 16, 2),
('2014-06-17', 2014, 2, 6, 25, 17, 3),
('2014-06-18', 2014, 2, 6, 25, 18, 4),
('2014-06-19', 2014, 2, 6, 25, 19, 5),
('2014-06-20', 2014, 2, 6, 25, 20, 6),
('2014-06-21', 2014, 2, 6, 25, 21, 7),
('2014-06-22', 2014, 2, 6, 25, 22, 1),
('2014-06-23', 2014, 2, 6, 26, 23, 2),
('2014-06-24', 2014, 2, 6, 26, 24, 3),
('2014-06-25', 2014, 2, 6, 26, 25, 4),
('2014-06-26', 2014, 2, 6, 26, 26, 5),
('2014-06-27', 2014, 2, 6, 26, 27, 6),
('2014-06-28', 2014, 2, 6, 26, 28, 7),
('2014-06-29', 2014, 2, 6, 26, 29, 1),
('2014-06-30', 2014, 2, 6, 27, 30, 2),
('2014-07-01', 2014, 3, 7, 27, 1, 3),
('2014-07-02', 2014, 3, 7, 27, 2, 4),
('2014-07-03', 2014, 3, 7, 27, 3, 5),
('2014-07-04', 2014, 3, 7, 27, 4, 6),
('2014-07-05', 2014, 3, 7, 27, 5, 7),
('2014-07-06', 2014, 3, 7, 27, 6, 1),
('2014-07-07', 2014, 3, 7, 28, 7, 2),
('2014-07-08', 2014, 3, 7, 28, 8, 3),
('2014-07-09', 2014, 3, 7, 28, 9, 4),
('2014-07-10', 2014, 3, 7, 28, 10, 5),
('2014-07-11', 2014, 3, 7, 28, 11, 6),
('2014-07-12', 2014, 3, 7, 28, 12, 7),
('2014-07-13', 2014, 3, 7, 28, 13, 1),
('2014-07-14', 2014, 3, 7, 29, 14, 2),
('2014-07-15', 2014, 3, 7, 29, 15, 3),
('2014-07-16', 2014, 3, 7, 29, 16, 4),
('2014-07-17', 2014, 3, 7, 29, 17, 5),
('2014-07-18', 2014, 3, 7, 29, 18, 6),
('2014-07-19', 2014, 3, 7, 29, 19, 7),
('2014-07-20', 2014, 3, 7, 29, 20, 1),
('2014-07-21', 2014, 3, 7, 30, 21, 2),
('2014-07-22', 2014, 3, 7, 30, 22, 3),
('2014-07-23', 2014, 3, 7, 30, 23, 4),
('2014-07-24', 2014, 3, 7, 30, 24, 5),
('2014-07-25', 2014, 3, 7, 30, 25, 6),
('2014-07-26', 2014, 3, 7, 30, 26, 7),
('2014-07-27', 2014, 3, 7, 30, 27, 1),
('2014-07-28', 2014, 3, 7, 31, 28, 2),
('2014-07-29', 2014, 3, 7, 31, 29, 3),
('2014-07-30', 2014, 3, 7, 31, 30, 4),
('2014-07-31', 2014, 3, 7, 31, 31, 5),
('2014-08-01', 2014, 3, 8, 31, 1, 6),
('2014-08-02', 2014, 3, 8, 31, 2, 7),
('2014-08-03', 2014, 3, 8, 31, 3, 1),
('2014-08-04', 2014, 3, 8, 32, 4, 2),
('2014-08-05', 2014, 3, 8, 32, 5, 3),
('2014-08-06', 2014, 3, 8, 32, 6, 4),
('2014-08-07', 2014, 3, 8, 32, 7, 5),
('2014-08-08', 2014, 3, 8, 32, 8, 6),
('2014-08-09', 2014, 3, 8, 32, 9, 7),
('2014-08-10', 2014, 3, 8, 32, 10, 1),
('2014-08-11', 2014, 3, 8, 33, 11, 2),
('2014-08-12', 2014, 3, 8, 33, 12, 3),
('2014-08-13', 2014, 3, 8, 33, 13, 4),
('2014-08-14', 2014, 3, 8, 33, 14, 5),
('2014-08-15', 2014, 3, 8, 33, 15, 6),
('2014-08-16', 2014, 3, 8, 33, 16, 7),
('2014-08-17', 2014, 3, 8, 33, 17, 1),
('2014-08-18', 2014, 3, 8, 34, 18, 2),
('2014-08-19', 2014, 3, 8, 34, 19, 3),
('2014-08-20', 2014, 3, 8, 34, 20, 4),
('2014-08-21', 2014, 3, 8, 34, 21, 5),
('2014-08-22', 2014, 3, 8, 34, 22, 6),
('2014-08-23', 2014, 3, 8, 34, 23, 7),
('2014-08-24', 2014, 3, 8, 34, 24, 1),
('2014-08-25', 2014, 3, 8, 35, 25, 2),
('2014-08-26', 2014, 3, 8, 35, 26, 3),
('2014-08-27', 2014, 3, 8, 35, 27, 4),
('2014-08-28', 2014, 3, 8, 35, 28, 5),
('2014-08-29', 2014, 3, 8, 35, 29, 6),
('2014-08-30', 2014, 3, 8, 35, 30, 7),
('2014-08-31', 2014, 3, 8, 35, 31, 1),
('2014-09-01', 2014, 3, 9, 36, 1, 2),
('2014-09-02', 2014, 3, 9, 36, 2, 3),
('2014-09-03', 2014, 3, 9, 36, 3, 4),
('2014-09-04', 2014, 3, 9, 36, 4, 5),
('2014-09-05', 2014, 3, 9, 36, 5, 6),
('2014-09-06', 2014, 3, 9, 36, 6, 7),
('2014-09-07', 2014, 3, 9, 36, 7, 1),
('2014-09-08', 2014, 3, 9, 37, 8, 2),
('2014-09-09', 2014, 3, 9, 37, 9, 3),
('2014-09-10', 2014, 3, 9, 37, 10, 4),
('2014-09-11', 2014, 3, 9, 37, 11, 5),
('2014-09-12', 2014, 3, 9, 37, 12, 6),
('2014-09-13', 2014, 3, 9, 37, 13, 7),
('2014-09-14', 2014, 3, 9, 37, 14, 1),
('2014-09-15', 2014, 3, 9, 38, 15, 2),
('2014-09-16', 2014, 3, 9, 38, 16, 3),
('2014-09-17', 2014, 3, 9, 38, 17, 4),
('2014-09-18', 2014, 3, 9, 38, 18, 5),
('2014-09-19', 2014, 3, 9, 38, 19, 6),
('2014-09-20', 2014, 3, 9, 38, 20, 7),
('2014-09-21', 2014, 3, 9, 38, 21, 1),
('2014-09-22', 2014, 3, 9, 39, 22, 2),
('2014-09-23', 2014, 3, 9, 39, 23, 3),
('2014-09-24', 2014, 3, 9, 39, 24, 4),
('2014-09-25', 2014, 3, 9, 39, 25, 5),
('2014-09-26', 2014, 3, 9, 39, 26, 6),
('2014-09-27', 2014, 3, 9, 39, 27, 7),
('2014-09-28', 2014, 3, 9, 39, 28, 1),
('2014-09-29', 2014, 3, 9, 40, 29, 2),
('2014-09-30', 2014, 3, 9, 40, 30, 3),
('2014-10-01', 2014, 4, 10, 40, 1, 4),
('2014-10-02', 2014, 4, 10, 40, 2, 5),
('2014-10-03', 2014, 4, 10, 40, 3, 6),
('2014-10-04', 2014, 4, 10, 40, 4, 7),
('2014-10-05', 2014, 4, 10, 40, 5, 1),
('2014-10-06', 2014, 4, 10, 41, 6, 2),
('2014-10-07', 2014, 4, 10, 41, 7, 3),
('2014-10-08', 2014, 4, 10, 41, 8, 4),
('2014-10-09', 2014, 4, 10, 41, 9, 5),
('2014-10-10', 2014, 4, 10, 41, 10, 6),
('2014-10-11', 2014, 4, 10, 41, 11, 7),
('2014-10-12', 2014, 4, 10, 41, 12, 1),
('2014-10-13', 2014, 4, 10, 42, 13, 2),
('2014-10-14', 2014, 4, 10, 42, 14, 3),
('2014-10-15', 2014, 4, 10, 42, 15, 4),
('2014-10-16', 2014, 4, 10, 42, 16, 5),
('2014-10-17', 2014, 4, 10, 42, 17, 6),
('2014-10-18', 2014, 4, 10, 42, 18, 7),
('2014-10-19', 2014, 4, 10, 42, 19, 1),
('2014-10-20', 2014, 4, 10, 43, 20, 2),
('2014-10-21', 2014, 4, 10, 43, 21, 3),
('2014-10-22', 2014, 4, 10, 43, 22, 4),
('2014-10-23', 2014, 4, 10, 43, 23, 5),
('2014-10-24', 2014, 4, 10, 43, 24, 6),
('2014-10-25', 2014, 4, 10, 43, 25, 7),
('2014-10-26', 2014, 4, 10, 43, 26, 1),
('2014-10-27', 2014, 4, 10, 44, 27, 2),
('2014-10-28', 2014, 4, 10, 44, 28, 3),
('2014-10-29', 2014, 4, 10, 44, 29, 4),
('2014-10-30', 2014, 4, 10, 44, 30, 5),
('2014-10-31', 2014, 4, 10, 44, 31, 6),
('2014-11-01', 2014, 4, 11, 44, 1, 7),
('2014-11-02', 2014, 4, 11, 44, 2, 1),
('2014-11-03', 2014, 4, 11, 45, 3, 2),
('2014-11-04', 2014, 4, 11, 45, 4, 3),
('2014-11-05', 2014, 4, 11, 45, 5, 4),
('2014-11-06', 2014, 4, 11, 45, 6, 5),
('2014-11-07', 2014, 4, 11, 45, 7, 6),
('2014-11-08', 2014, 4, 11, 45, 8, 7),
('2014-11-09', 2014, 4, 11, 45, 9, 1),
('2014-11-10', 2014, 4, 11, 46, 10, 2),
('2014-11-11', 2014, 4, 11, 46, 11, 3),
('2014-11-12', 2014, 4, 11, 46, 12, 4),
('2014-11-13', 2014, 4, 11, 46, 13, 5),
('2014-11-14', 2014, 4, 11, 46, 14, 6),
('2014-11-15', 2014, 4, 11, 46, 15, 7),
('2014-11-16', 2014, 4, 11, 46, 16, 1),
('2014-11-17', 2014, 4, 11, 47, 17, 2),
('2014-11-18', 2014, 4, 11, 47, 18, 3),
('2014-11-19', 2014, 4, 11, 47, 19, 4),
('2014-11-20', 2014, 4, 11, 47, 20, 5),
('2014-11-21', 2014, 4, 11, 47, 21, 6),
('2014-11-22', 2014, 4, 11, 47, 22, 7),
('2014-11-23', 2014, 4, 11, 47, 23, 1),
('2014-11-24', 2014, 4, 11, 48, 24, 2),
('2014-11-25', 2014, 4, 11, 48, 25, 3),
('2014-11-26', 2014, 4, 11, 48, 26, 4),
('2014-11-27', 2014, 4, 11, 48, 27, 5),
('2014-11-28', 2014, 4, 11, 48, 28, 6),
('2014-11-29', 2014, 4, 11, 48, 29, 7),
('2014-11-30', 2014, 4, 11, 48, 30, 1),
('2014-12-01', 2014, 4, 12, 49, 1, 2),
('2014-12-02', 2014, 4, 12, 49, 2, 3),
('2014-12-03', 2014, 4, 12, 49, 3, 4),
('2014-12-04', 2014, 4, 12, 49, 4, 5),
('2014-12-05', 2014, 4, 12, 49, 5, 6),
('2014-12-06', 2014, 4, 12, 49, 6, 7),
('2014-12-07', 2014, 4, 12, 49, 7, 1),
('2014-12-08', 2014, 4, 12, 50, 8, 2),
('2014-12-09', 2014, 4, 12, 50, 9, 3),
('2014-12-10', 2014, 4, 12, 50, 10, 4),
('2014-12-11', 2014, 4, 12, 50, 11, 5),
('2014-12-12', 2014, 4, 12, 50, 12, 6),
('2014-12-13', 2014, 4, 12, 50, 13, 7),
('2014-12-14', 2014, 4, 12, 50, 14, 1),
('2014-12-15', 2014, 4, 12, 51, 15, 2),
('2014-12-16', 2014, 4, 12, 51, 16, 3),
('2014-12-17', 2014, 4, 12, 51, 17, 4),
('2014-12-18', 2014, 4, 12, 51, 18, 5),
('2014-12-19', 2014, 4, 12, 51, 19, 6),
('2014-12-20', 2014, 4, 12, 51, 20, 7),
('2014-12-21', 2014, 4, 12, 51, 21, 1),
('2014-12-22', 2014, 4, 12, 52, 22, 2),
('2014-12-23', 2014, 4, 12, 52, 23, 3),
('2014-12-24', 2014, 4, 12, 52, 24, 4),
('2014-12-25', 2014, 4, 12, 52, 25, 5),
('2014-12-26', 2014, 4, 12, 52, 26, 6),
('2014-12-27', 2014, 4, 12, 52, 27, 7),
('2014-12-28', 2014, 4, 12, 52, 28, 1),
('2014-12-29', 2014, 4, 12, 53, 29, 2),
('2014-12-30', 2014, 4, 12, 53, 30, 3),
('2014-12-31', 2014, 4, 12, 53, 31, 4),
('2015-01-01', 2015, 1, 1, 1, 1, 5),
('2015-01-02', 2015, 1, 1, 1, 2, 6),
('2015-01-03', 2015, 1, 1, 1, 3, 7),
('2015-01-04', 2015, 1, 1, 1, 4, 1),
('2015-01-05', 2015, 1, 1, 2, 5, 2),
('2015-01-06', 2015, 1, 1, 2, 6, 3),
('2015-01-07', 2015, 1, 1, 2, 7, 4),
('2015-01-08', 2015, 1, 1, 2, 8, 5),
('2015-01-09', 2015, 1, 1, 2, 9, 6),
('2015-01-10', 2015, 1, 1, 2, 10, 7),
('2015-01-11', 2015, 1, 1, 2, 11, 1),
('2015-01-12', 2015, 1, 1, 3, 12, 2),
('2015-01-13', 2015, 1, 1, 3, 13, 3),
('2015-01-14', 2015, 1, 1, 3, 14, 4),
('2015-01-15', 2015, 1, 1, 3, 15, 5),
('2015-01-16', 2015, 1, 1, 3, 16, 6),
('2015-01-17', 2015, 1, 1, 3, 17, 7),
('2015-01-18', 2015, 1, 1, 3, 18, 1),
('2015-01-19', 2015, 1, 1, 4, 19, 2),
('2015-01-20', 2015, 1, 1, 4, 20, 3),
('2015-01-21', 2015, 1, 1, 4, 21, 4),
('2015-01-22', 2015, 1, 1, 4, 22, 5),
('2015-01-23', 2015, 1, 1, 4, 23, 6),
('2015-01-24', 2015, 1, 1, 4, 24, 7),
('2015-01-25', 2015, 1, 1, 4, 25, 1),
('2015-01-26', 2015, 1, 1, 5, 26, 2),
('2015-01-27', 2015, 1, 1, 5, 27, 3),
('2015-01-28', 2015, 1, 1, 5, 28, 4),
('2015-01-29', 2015, 1, 1, 5, 29, 5),
('2015-01-30', 2015, 1, 1, 5, 30, 6),
('2015-01-31', 2015, 1, 1, 5, 31, 7),
('2015-02-01', 2015, 1, 2, 5, 1, 1),
('2015-02-02', 2015, 1, 2, 6, 2, 2),
('2015-02-03', 2015, 1, 2, 6, 3, 3),
('2015-02-04', 2015, 1, 2, 6, 4, 4),
('2015-02-05', 2015, 1, 2, 6, 5, 5),
('2015-02-06', 2015, 1, 2, 6, 6, 6),
('2015-02-07', 2015, 1, 2, 6, 7, 7),
('2015-02-08', 2015, 1, 2, 6, 8, 1),
('2015-02-09', 2015, 1, 2, 7, 9, 2),
('2015-02-10', 2015, 1, 2, 7, 10, 3),
('2015-02-11', 2015, 1, 2, 7, 11, 4),
('2015-02-12', 2015, 1, 2, 7, 12, 5),
('2015-02-13', 2015, 1, 2, 7, 13, 6),
('2015-02-14', 2015, 1, 2, 7, 14, 7),
('2015-02-15', 2015, 1, 2, 7, 15, 1),
('2015-02-16', 2015, 1, 2, 8, 16, 2),
('2015-02-17', 2015, 1, 2, 8, 17, 3),
('2015-02-18', 2015, 1, 2, 8, 18, 4),
('2015-02-19', 2015, 1, 2, 8, 19, 5),
('2015-02-20', 2015, 1, 2, 8, 20, 6),
('2015-02-21', 2015, 1, 2, 8, 21, 7),
('2015-02-22', 2015, 1, 2, 8, 22, 1),
('2015-02-23', 2015, 1, 2, 9, 23, 2),
('2015-02-24', 2015, 1, 2, 9, 24, 3),
('2015-02-25', 2015, 1, 2, 9, 25, 4),
('2015-02-26', 2015, 1, 2, 9, 26, 5),
('2015-02-27', 2015, 1, 2, 9, 27, 6),
('2015-02-28', 2015, 1, 2, 9, 28, 7),
('2015-03-01', 2015, 1, 3, 9, 1, 1),
('2015-03-02', 2015, 1, 3, 10, 2, 2),
('2015-03-03', 2015, 1, 3, 10, 3, 3),
('2015-03-04', 2015, 1, 3, 10, 4, 4),
('2015-03-05', 2015, 1, 3, 10, 5, 5),
('2015-03-06', 2015, 1, 3, 10, 6, 6),
('2015-03-07', 2015, 1, 3, 10, 7, 7),
('2015-03-08', 2015, 1, 3, 10, 8, 1),
('2015-03-09', 2015, 1, 3, 11, 9, 2),
('2015-03-10', 2015, 1, 3, 11, 10, 3),
('2015-03-11', 2015, 1, 3, 11, 11, 4),
('2015-03-12', 2015, 1, 3, 11, 12, 5),
('2015-03-13', 2015, 1, 3, 11, 13, 6),
('2015-03-14', 2015, 1, 3, 11, 14, 7),
('2015-03-15', 2015, 1, 3, 11, 15, 1),
('2015-03-16', 2015, 1, 3, 12, 16, 2),
('2015-03-17', 2015, 1, 3, 12, 17, 3),
('2015-03-18', 2015, 1, 3, 12, 18, 4),
('2015-03-19', 2015, 1, 3, 12, 19, 5),
('2015-03-20', 2015, 1, 3, 12, 20, 6),
('2015-03-21', 2015, 1, 3, 12, 21, 7),
('2015-03-22', 2015, 1, 3, 12, 22, 1),
('2015-03-23', 2015, 1, 3, 13, 23, 2),
('2015-03-24', 2015, 1, 3, 13, 24, 3),
('2015-03-25', 2015, 1, 3, 13, 25, 4),
('2015-03-26', 2015, 1, 3, 13, 26, 5),
('2015-03-27', 2015, 1, 3, 13, 27, 6),
('2015-03-28', 2015, 1, 3, 13, 28, 7),
('2015-03-29', 2015, 1, 3, 13, 29, 1),
('2015-03-30', 2015, 1, 3, 14, 30, 2),
('2015-03-31', 2015, 1, 3, 14, 31, 3),
('2015-04-01', 2015, 2, 4, 14, 1, 4),
('2015-04-02', 2015, 2, 4, 14, 2, 5),
('2015-04-03', 2015, 2, 4, 14, 3, 6),
('2015-04-04', 2015, 2, 4, 14, 4, 7),
('2015-04-05', 2015, 2, 4, 14, 5, 1),
('2015-04-06', 2015, 2, 4, 15, 6, 2),
('2015-04-07', 2015, 2, 4, 15, 7, 3),
('2015-04-08', 2015, 2, 4, 15, 8, 4),
('2015-04-09', 2015, 2, 4, 15, 9, 5),
('2015-04-10', 2015, 2, 4, 15, 10, 6),
('2015-04-11', 2015, 2, 4, 15, 11, 7),
('2015-04-12', 2015, 2, 4, 15, 12, 1),
('2015-04-13', 2015, 2, 4, 16, 13, 2),
('2015-04-14', 2015, 2, 4, 16, 14, 3),
('2015-04-15', 2015, 2, 4, 16, 15, 4),
('2015-04-16', 2015, 2, 4, 16, 16, 5),
('2015-04-17', 2015, 2, 4, 16, 17, 6),
('2015-04-18', 2015, 2, 4, 16, 18, 7),
('2015-04-19', 2015, 2, 4, 16, 19, 1),
('2015-04-20', 2015, 2, 4, 17, 20, 2),
('2015-04-21', 2015, 2, 4, 17, 21, 3),
('2015-04-22', 2015, 2, 4, 17, 22, 4),
('2015-04-23', 2015, 2, 4, 17, 23, 5),
('2015-04-24', 2015, 2, 4, 17, 24, 6),
('2015-04-25', 2015, 2, 4, 17, 25, 7),
('2015-04-26', 2015, 2, 4, 17, 26, 1),
('2015-04-27', 2015, 2, 4, 18, 27, 2),
('2015-04-28', 2015, 2, 4, 18, 28, 3),
('2015-04-29', 2015, 2, 4, 18, 29, 4),
('2015-04-30', 2015, 2, 4, 18, 30, 5),
('2015-05-01', 2015, 2, 5, 18, 1, 6),
('2015-05-02', 2015, 2, 5, 18, 2, 7),
('2015-05-03', 2015, 2, 5, 18, 3, 1),
('2015-05-04', 2015, 2, 5, 19, 4, 2),
('2015-05-05', 2015, 2, 5, 19, 5, 3),
('2015-05-06', 2015, 2, 5, 19, 6, 4),
('2015-05-07', 2015, 2, 5, 19, 7, 5),
('2015-05-08', 2015, 2, 5, 19, 8, 6),
('2015-05-09', 2015, 2, 5, 19, 9, 7),
('2015-05-10', 2015, 2, 5, 19, 10, 1),
('2015-05-11', 2015, 2, 5, 20, 11, 2),
('2015-05-12', 2015, 2, 5, 20, 12, 3),
('2015-05-13', 2015, 2, 5, 20, 13, 4),
('2015-05-14', 2015, 2, 5, 20, 14, 5),
('2015-05-15', 2015, 2, 5, 20, 15, 6),
('2015-05-16', 2015, 2, 5, 20, 16, 7),
('2015-05-17', 2015, 2, 5, 20, 17, 1),
('2015-05-18', 2015, 2, 5, 21, 18, 2),
('2015-05-19', 2015, 2, 5, 21, 19, 3),
('2015-05-20', 2015, 2, 5, 21, 20, 4),
('2015-05-21', 2015, 2, 5, 21, 21, 5),
('2015-05-22', 2015, 2, 5, 21, 22, 6),
('2015-05-23', 2015, 2, 5, 21, 23, 7),
('2015-05-24', 2015, 2, 5, 21, 24, 1),
('2015-05-25', 2015, 2, 5, 22, 25, 2),
('2015-05-26', 2015, 2, 5, 22, 26, 3),
('2015-05-27', 2015, 2, 5, 22, 27, 4),
('2015-05-28', 2015, 2, 5, 22, 28, 5),
('2015-05-29', 2015, 2, 5, 22, 29, 6),
('2015-05-30', 2015, 2, 5, 22, 30, 7),
('2015-05-31', 2015, 2, 5, 22, 31, 1),
('2015-06-01', 2015, 2, 6, 23, 1, 2),
('2015-06-02', 2015, 2, 6, 23, 2, 3),
('2015-06-03', 2015, 2, 6, 23, 3, 4),
('2015-06-04', 2015, 2, 6, 23, 4, 5),
('2015-06-05', 2015, 2, 6, 23, 5, 6),
('2015-06-06', 2015, 2, 6, 23, 6, 7),
('2015-06-07', 2015, 2, 6, 23, 7, 1),
('2015-06-08', 2015, 2, 6, 24, 8, 2),
('2015-06-09', 2015, 2, 6, 24, 9, 3),
('2015-06-10', 2015, 2, 6, 24, 10, 4),
('2015-06-11', 2015, 2, 6, 24, 11, 5),
('2015-06-12', 2015, 2, 6, 24, 12, 6),
('2015-06-13', 2015, 2, 6, 24, 13, 7),
('2015-06-14', 2015, 2, 6, 24, 14, 1),
('2015-06-15', 2015, 2, 6, 25, 15, 2),
('2015-06-16', 2015, 2, 6, 25, 16, 3),
('2015-06-17', 2015, 2, 6, 25, 17, 4),
('2015-06-18', 2015, 2, 6, 25, 18, 5),
('2015-06-19', 2015, 2, 6, 25, 19, 6),
('2015-06-20', 2015, 2, 6, 25, 20, 7),
('2015-06-21', 2015, 2, 6, 25, 21, 1),
('2015-06-22', 2015, 2, 6, 26, 22, 2),
('2015-06-23', 2015, 2, 6, 26, 23, 3),
('2015-06-24', 2015, 2, 6, 26, 24, 4),
('2015-06-25', 2015, 2, 6, 26, 25, 5),
('2015-06-26', 2015, 2, 6, 26, 26, 6),
('2015-06-27', 2015, 2, 6, 26, 27, 7),
('2015-06-28', 2015, 2, 6, 26, 28, 1),
('2015-06-29', 2015, 2, 6, 27, 29, 2),
('2015-06-30', 2015, 2, 6, 27, 30, 3),
('2015-07-01', 2015, 3, 7, 27, 1, 4),
('2015-07-02', 2015, 3, 7, 27, 2, 5),
('2015-07-03', 2015, 3, 7, 27, 3, 6),
('2015-07-04', 2015, 3, 7, 27, 4, 7),
('2015-07-05', 2015, 3, 7, 27, 5, 1),
('2015-07-06', 2015, 3, 7, 28, 6, 2),
('2015-07-07', 2015, 3, 7, 28, 7, 3),
('2015-07-08', 2015, 3, 7, 28, 8, 4),
('2015-07-09', 2015, 3, 7, 28, 9, 5),
('2015-07-10', 2015, 3, 7, 28, 10, 6),
('2015-07-11', 2015, 3, 7, 28, 11, 7),
('2015-07-12', 2015, 3, 7, 28, 12, 1),
('2015-07-13', 2015, 3, 7, 29, 13, 2),
('2015-07-14', 2015, 3, 7, 29, 14, 3),
('2015-07-15', 2015, 3, 7, 29, 15, 4),
('2015-07-16', 2015, 3, 7, 29, 16, 5),
('2015-07-17', 2015, 3, 7, 29, 17, 6),
('2015-07-18', 2015, 3, 7, 29, 18, 7),
('2015-07-19', 2015, 3, 7, 29, 19, 1),
('2015-07-20', 2015, 3, 7, 30, 20, 2),
('2015-07-21', 2015, 3, 7, 30, 21, 3),
('2015-07-22', 2015, 3, 7, 30, 22, 4),
('2015-07-23', 2015, 3, 7, 30, 23, 5),
('2015-07-24', 2015, 3, 7, 30, 24, 6),
('2015-07-25', 2015, 3, 7, 30, 25, 7),
('2015-07-26', 2015, 3, 7, 30, 26, 1),
('2015-07-27', 2015, 3, 7, 31, 27, 2),
('2015-07-28', 2015, 3, 7, 31, 28, 3),
('2015-07-29', 2015, 3, 7, 31, 29, 4),
('2015-07-30', 2015, 3, 7, 31, 30, 5),
('2015-07-31', 2015, 3, 7, 31, 31, 6),
('2015-08-01', 2015, 3, 8, 31, 1, 7),
('2015-08-02', 2015, 3, 8, 31, 2, 1),
('2015-08-03', 2015, 3, 8, 32, 3, 2),
('2015-08-04', 2015, 3, 8, 32, 4, 3),
('2015-08-05', 2015, 3, 8, 32, 5, 4),
('2015-08-06', 2015, 3, 8, 32, 6, 5),
('2015-08-07', 2015, 3, 8, 32, 7, 6),
('2015-08-08', 2015, 3, 8, 32, 8, 7),
('2015-08-09', 2015, 3, 8, 32, 9, 1),
('2015-08-10', 2015, 3, 8, 33, 10, 2),
('2015-08-11', 2015, 3, 8, 33, 11, 3),
('2015-08-12', 2015, 3, 8, 33, 12, 4),
('2015-08-13', 2015, 3, 8, 33, 13, 5),
('2015-08-14', 2015, 3, 8, 33, 14, 6),
('2015-08-15', 2015, 3, 8, 33, 15, 7),
('2015-08-16', 2015, 3, 8, 33, 16, 1),
('2015-08-17', 2015, 3, 8, 34, 17, 2),
('2015-08-18', 2015, 3, 8, 34, 18, 3),
('2015-08-19', 2015, 3, 8, 34, 19, 4),
('2015-08-20', 2015, 3, 8, 34, 20, 5),
('2015-08-21', 2015, 3, 8, 34, 21, 6),
('2015-08-22', 2015, 3, 8, 34, 22, 7),
('2015-08-23', 2015, 3, 8, 34, 23, 1),
('2015-08-24', 2015, 3, 8, 35, 24, 2),
('2015-08-25', 2015, 3, 8, 35, 25, 3),
('2015-08-26', 2015, 3, 8, 35, 26, 4),
('2015-08-27', 2015, 3, 8, 35, 27, 5),
('2015-08-28', 2015, 3, 8, 35, 28, 6),
('2015-08-29', 2015, 3, 8, 35, 29, 7),
('2015-08-30', 2015, 3, 8, 35, 30, 1),
('2015-08-31', 2015, 3, 8, 36, 31, 2),
('2015-09-01', 2015, 3, 9, 36, 1, 3),
('2015-09-02', 2015, 3, 9, 36, 2, 4),
('2015-09-03', 2015, 3, 9, 36, 3, 5),
('2015-09-04', 2015, 3, 9, 36, 4, 6),
('2015-09-05', 2015, 3, 9, 36, 5, 7),
('2015-09-06', 2015, 3, 9, 36, 6, 1),
('2015-09-07', 2015, 3, 9, 37, 7, 2),
('2015-09-08', 2015, 3, 9, 37, 8, 3),
('2015-09-09', 2015, 3, 9, 37, 9, 4),
('2015-09-10', 2015, 3, 9, 37, 10, 5),
('2015-09-11', 2015, 3, 9, 37, 11, 6),
('2015-09-12', 2015, 3, 9, 37, 12, 7),
('2015-09-13', 2015, 3, 9, 37, 13, 1),
('2015-09-14', 2015, 3, 9, 38, 14, 2),
('2015-09-15', 2015, 3, 9, 38, 15, 3),
('2015-09-16', 2015, 3, 9, 38, 16, 4),
('2015-09-17', 2015, 3, 9, 38, 17, 5),
('2015-09-18', 2015, 3, 9, 38, 18, 6);
INSERT INTO `dates` (`date_key`, `calendarYear`, `calendarQuarter`, `calendarMonthNo`, `calendarWeekNo`, `dayNumberOfMonth`, `dayNumberOfWeek`) VALUES
('2015-09-19', 2015, 3, 9, 38, 19, 7),
('2015-09-20', 2015, 3, 9, 38, 20, 1),
('2015-09-21', 2015, 3, 9, 39, 21, 2),
('2015-09-22', 2015, 3, 9, 39, 22, 3),
('2015-09-23', 2015, 3, 9, 39, 23, 4),
('2015-09-24', 2015, 3, 9, 39, 24, 5),
('2015-09-25', 2015, 3, 9, 39, 25, 6),
('2015-09-26', 2015, 3, 9, 39, 26, 7),
('2015-09-27', 2015, 3, 9, 39, 27, 1),
('2015-09-28', 2015, 3, 9, 40, 28, 2),
('2015-09-29', 2015, 3, 9, 40, 29, 3),
('2015-09-30', 2015, 3, 9, 40, 30, 4),
('2015-10-01', 2015, 4, 10, 40, 1, 5),
('2015-10-02', 2015, 4, 10, 40, 2, 6),
('2015-10-03', 2015, 4, 10, 40, 3, 7),
('2015-10-04', 2015, 4, 10, 40, 4, 1),
('2015-10-05', 2015, 4, 10, 41, 5, 2),
('2015-10-06', 2015, 4, 10, 41, 6, 3),
('2015-10-07', 2015, 4, 10, 41, 7, 4),
('2015-10-08', 2015, 4, 10, 41, 8, 5),
('2015-10-09', 2015, 4, 10, 41, 9, 6),
('2015-10-10', 2015, 4, 10, 41, 10, 7),
('2015-10-11', 2015, 4, 10, 41, 11, 1),
('2015-10-12', 2015, 4, 10, 42, 12, 2),
('2015-10-13', 2015, 4, 10, 42, 13, 3),
('2015-10-14', 2015, 4, 10, 42, 14, 4),
('2015-10-15', 2015, 4, 10, 42, 15, 5),
('2015-10-16', 2015, 4, 10, 42, 16, 6),
('2015-10-17', 2015, 4, 10, 42, 17, 7),
('2015-10-18', 2015, 4, 10, 42, 18, 1),
('2015-10-19', 2015, 4, 10, 43, 19, 2),
('2015-10-20', 2015, 4, 10, 43, 20, 3),
('2015-10-21', 2015, 4, 10, 43, 21, 4),
('2015-10-22', 2015, 4, 10, 43, 22, 5),
('2015-10-23', 2015, 4, 10, 43, 23, 6),
('2015-10-24', 2015, 4, 10, 43, 24, 7),
('2015-10-25', 2015, 4, 10, 43, 25, 1),
('2015-10-26', 2015, 4, 10, 44, 26, 2),
('2015-10-27', 2015, 4, 10, 44, 27, 3),
('2015-10-28', 2015, 4, 10, 44, 28, 4),
('2015-10-29', 2015, 4, 10, 44, 29, 5),
('2015-10-30', 2015, 4, 10, 44, 30, 6),
('2015-10-31', 2015, 4, 10, 44, 31, 7),
('2015-11-01', 2015, 4, 11, 44, 1, 1),
('2015-11-02', 2015, 4, 11, 45, 2, 2),
('2015-11-03', 2015, 4, 11, 45, 3, 3),
('2015-11-04', 2015, 4, 11, 45, 4, 4),
('2015-11-05', 2015, 4, 11, 45, 5, 5),
('2015-11-06', 2015, 4, 11, 45, 6, 6),
('2015-11-07', 2015, 4, 11, 45, 7, 7),
('2015-11-08', 2015, 4, 11, 45, 8, 1),
('2015-11-09', 2015, 4, 11, 46, 9, 2),
('2015-11-10', 2015, 4, 11, 46, 10, 3),
('2015-11-11', 2015, 4, 11, 46, 11, 4),
('2015-11-12', 2015, 4, 11, 46, 12, 5),
('2015-11-13', 2015, 4, 11, 46, 13, 6),
('2015-11-14', 2015, 4, 11, 46, 14, 7),
('2015-11-15', 2015, 4, 11, 46, 15, 1),
('2015-11-16', 2015, 4, 11, 47, 16, 2),
('2015-11-17', 2015, 4, 11, 47, 17, 3),
('2015-11-18', 2015, 4, 11, 47, 18, 4),
('2015-11-19', 2015, 4, 11, 47, 19, 5),
('2015-11-20', 2015, 4, 11, 47, 20, 6),
('2015-11-21', 2015, 4, 11, 47, 21, 7),
('2015-11-22', 2015, 4, 11, 47, 22, 1),
('2015-11-23', 2015, 4, 11, 48, 23, 2),
('2015-11-24', 2015, 4, 11, 48, 24, 3),
('2015-11-25', 2015, 4, 11, 48, 25, 4),
('2015-11-26', 2015, 4, 11, 48, 26, 5),
('2015-11-27', 2015, 4, 11, 48, 27, 6),
('2015-11-28', 2015, 4, 11, 48, 28, 7),
('2015-11-29', 2015, 4, 11, 48, 29, 1),
('2015-11-30', 2015, 4, 11, 49, 30, 2),
('2015-12-01', 2015, 4, 12, 49, 1, 3),
('2015-12-02', 2015, 4, 12, 49, 2, 4),
('2015-12-03', 2015, 4, 12, 49, 3, 5),
('2015-12-04', 2015, 4, 12, 49, 4, 6),
('2015-12-05', 2015, 4, 12, 49, 5, 7),
('2015-12-06', 2015, 4, 12, 49, 6, 1),
('2015-12-07', 2015, 4, 12, 50, 7, 2),
('2015-12-08', 2015, 4, 12, 50, 8, 3),
('2015-12-09', 2015, 4, 12, 50, 9, 4),
('2015-12-10', 2015, 4, 12, 50, 10, 5),
('2015-12-11', 2015, 4, 12, 50, 11, 6),
('2015-12-12', 2015, 4, 12, 50, 12, 7),
('2015-12-13', 2015, 4, 12, 50, 13, 1),
('2015-12-14', 2015, 4, 12, 51, 14, 2),
('2015-12-15', 2015, 4, 12, 51, 15, 3),
('2015-12-16', 2015, 4, 12, 51, 16, 4),
('2015-12-17', 2015, 4, 12, 51, 17, 5),
('2015-12-18', 2015, 4, 12, 51, 18, 6),
('2015-12-19', 2015, 4, 12, 51, 19, 7),
('2015-12-20', 2015, 4, 12, 51, 20, 1),
('2015-12-21', 2015, 4, 12, 52, 21, 2),
('2015-12-22', 2015, 4, 12, 52, 22, 3),
('2015-12-23', 2015, 4, 12, 52, 23, 4),
('2015-12-24', 2015, 4, 12, 52, 24, 5),
('2015-12-25', 2015, 4, 12, 52, 25, 6),
('2015-12-26', 2015, 4, 12, 52, 26, 7),
('2015-12-27', 2015, 4, 12, 52, 27, 1),
('2015-12-28', 2015, 4, 12, 53, 28, 2),
('2015-12-29', 2015, 4, 12, 53, 29, 3),
('2015-12-30', 2015, 4, 12, 53, 30, 4),
('2015-12-31', 2015, 4, 12, 53, 31, 5),
('2016-01-01', 2016, 1, 1, 0, 1, 6),
('2016-01-02', 2016, 1, 1, 0, 2, 7),
('2016-01-03', 2016, 1, 1, 0, 3, 1),
('2016-01-04', 2016, 1, 1, 1, 4, 2),
('2016-01-05', 2016, 1, 1, 1, 5, 3),
('2016-01-06', 2016, 1, 1, 1, 6, 4),
('2016-01-07', 2016, 1, 1, 1, 7, 5),
('2016-01-08', 2016, 1, 1, 1, 8, 6),
('2016-01-09', 2016, 1, 1, 1, 9, 7),
('2016-01-10', 2016, 1, 1, 1, 10, 1),
('2016-01-11', 2016, 1, 1, 2, 11, 2),
('2016-01-12', 2016, 1, 1, 2, 12, 3),
('2016-01-13', 2016, 1, 1, 2, 13, 4),
('2016-01-14', 2016, 1, 1, 2, 14, 5),
('2016-01-15', 2016, 1, 1, 2, 15, 6),
('2016-01-16', 2016, 1, 1, 2, 16, 7),
('2016-01-17', 2016, 1, 1, 2, 17, 1),
('2016-01-18', 2016, 1, 1, 3, 18, 2),
('2016-01-19', 2016, 1, 1, 3, 19, 3),
('2016-01-20', 2016, 1, 1, 3, 20, 4),
('2016-01-21', 2016, 1, 1, 3, 21, 5),
('2016-01-22', 2016, 1, 1, 3, 22, 6),
('2016-01-23', 2016, 1, 1, 3, 23, 7),
('2016-01-24', 2016, 1, 1, 3, 24, 1),
('2016-01-25', 2016, 1, 1, 4, 25, 2),
('2016-01-26', 2016, 1, 1, 4, 26, 3),
('2016-01-27', 2016, 1, 1, 4, 27, 4),
('2016-01-28', 2016, 1, 1, 4, 28, 5),
('2016-01-29', 2016, 1, 1, 4, 29, 6),
('2016-01-30', 2016, 1, 1, 4, 30, 7),
('2016-01-31', 2016, 1, 1, 4, 31, 1),
('2016-02-01', 2016, 1, 2, 5, 1, 2),
('2016-02-02', 2016, 1, 2, 5, 2, 3),
('2016-02-03', 2016, 1, 2, 5, 3, 4),
('2016-02-04', 2016, 1, 2, 5, 4, 5),
('2016-02-05', 2016, 1, 2, 5, 5, 6),
('2016-02-06', 2016, 1, 2, 5, 6, 7),
('2016-02-07', 2016, 1, 2, 5, 7, 1),
('2016-02-08', 2016, 1, 2, 6, 8, 2),
('2016-02-09', 2016, 1, 2, 6, 9, 3),
('2016-02-10', 2016, 1, 2, 6, 10, 4),
('2016-02-11', 2016, 1, 2, 6, 11, 5),
('2016-02-12', 2016, 1, 2, 6, 12, 6),
('2016-02-13', 2016, 1, 2, 6, 13, 7),
('2016-02-14', 2016, 1, 2, 6, 14, 1),
('2016-02-15', 2016, 1, 2, 7, 15, 2),
('2016-02-16', 2016, 1, 2, 7, 16, 3),
('2016-02-17', 2016, 1, 2, 7, 17, 4),
('2016-02-18', 2016, 1, 2, 7, 18, 5),
('2016-02-19', 2016, 1, 2, 7, 19, 6),
('2016-02-20', 2016, 1, 2, 7, 20, 7),
('2016-02-21', 2016, 1, 2, 7, 21, 1),
('2016-02-22', 2016, 1, 2, 8, 22, 2),
('2016-02-23', 2016, 1, 2, 8, 23, 3),
('2016-02-24', 2016, 1, 2, 8, 24, 4),
('2016-02-25', 2016, 1, 2, 8, 25, 5),
('2016-02-26', 2016, 1, 2, 8, 26, 6),
('2016-02-27', 2016, 1, 2, 8, 27, 7),
('2016-02-28', 2016, 1, 2, 8, 28, 1),
('2016-02-29', 2016, 1, 2, 9, 29, 2),
('2016-03-01', 2016, 1, 3, 9, 1, 3),
('2016-03-02', 2016, 1, 3, 9, 2, 4),
('2016-03-03', 2016, 1, 3, 9, 3, 5),
('2016-03-04', 2016, 1, 3, 9, 4, 6),
('2016-03-05', 2016, 1, 3, 9, 5, 7),
('2016-03-06', 2016, 1, 3, 9, 6, 1),
('2016-03-07', 2016, 1, 3, 10, 7, 2),
('2016-03-08', 2016, 1, 3, 10, 8, 3),
('2016-03-09', 2016, 1, 3, 10, 9, 4),
('2016-03-10', 2016, 1, 3, 10, 10, 5),
('2016-03-11', 2016, 1, 3, 10, 11, 6),
('2016-03-12', 2016, 1, 3, 10, 12, 7),
('2016-03-13', 2016, 1, 3, 10, 13, 1),
('2016-03-14', 2016, 1, 3, 11, 14, 2),
('2016-03-15', 2016, 1, 3, 11, 15, 3),
('2016-03-16', 2016, 1, 3, 11, 16, 4),
('2016-03-17', 2016, 1, 3, 11, 17, 5),
('2016-03-18', 2016, 1, 3, 11, 18, 6),
('2016-03-19', 2016, 1, 3, 11, 19, 7),
('2016-03-20', 2016, 1, 3, 11, 20, 1),
('2016-03-21', 2016, 1, 3, 12, 21, 2),
('2016-03-22', 2016, 1, 3, 12, 22, 3),
('2016-03-23', 2016, 1, 3, 12, 23, 4),
('2016-03-24', 2016, 1, 3, 12, 24, 5),
('2016-03-25', 2016, 1, 3, 12, 25, 6),
('2016-03-26', 2016, 1, 3, 12, 26, 7),
('2016-03-27', 2016, 1, 3, 12, 27, 1),
('2016-03-28', 2016, 1, 3, 13, 28, 2),
('2016-03-29', 2016, 1, 3, 13, 29, 3),
('2016-03-30', 2016, 1, 3, 13, 30, 4),
('2016-03-31', 2016, 1, 3, 13, 31, 5),
('2016-04-01', 2016, 2, 4, 13, 1, 6),
('2016-04-02', 2016, 2, 4, 13, 2, 7),
('2016-04-03', 2016, 2, 4, 13, 3, 1),
('2016-04-04', 2016, 2, 4, 14, 4, 2),
('2016-04-05', 2016, 2, 4, 14, 5, 3),
('2016-04-06', 2016, 2, 4, 14, 6, 4),
('2016-04-07', 2016, 2, 4, 14, 7, 5),
('2016-04-08', 2016, 2, 4, 14, 8, 6),
('2016-04-09', 2016, 2, 4, 14, 9, 7),
('2016-04-10', 2016, 2, 4, 14, 10, 1),
('2016-04-11', 2016, 2, 4, 15, 11, 2),
('2016-04-12', 2016, 2, 4, 15, 12, 3),
('2016-04-13', 2016, 2, 4, 15, 13, 4),
('2016-04-14', 2016, 2, 4, 15, 14, 5),
('2016-04-15', 2016, 2, 4, 15, 15, 6),
('2016-04-16', 2016, 2, 4, 15, 16, 7),
('2016-04-17', 2016, 2, 4, 15, 17, 1),
('2016-04-18', 2016, 2, 4, 16, 18, 2),
('2016-04-19', 2016, 2, 4, 16, 19, 3),
('2016-04-20', 2016, 2, 4, 16, 20, 4),
('2016-04-21', 2016, 2, 4, 16, 21, 5),
('2016-04-22', 2016, 2, 4, 16, 22, 6),
('2016-04-23', 2016, 2, 4, 16, 23, 7),
('2016-04-24', 2016, 2, 4, 16, 24, 1),
('2016-04-25', 2016, 2, 4, 17, 25, 2),
('2016-04-26', 2016, 2, 4, 17, 26, 3),
('2016-04-27', 2016, 2, 4, 17, 27, 4),
('2016-04-28', 2016, 2, 4, 17, 28, 5),
('2016-04-29', 2016, 2, 4, 17, 29, 6),
('2016-04-30', 2016, 2, 4, 17, 30, 7),
('2016-05-01', 2016, 2, 5, 17, 1, 1),
('2016-05-02', 2016, 2, 5, 18, 2, 2),
('2016-05-03', 2016, 2, 5, 18, 3, 3),
('2016-05-04', 2016, 2, 5, 18, 4, 4),
('2016-05-05', 2016, 2, 5, 18, 5, 5),
('2016-05-06', 2016, 2, 5, 18, 6, 6),
('2016-05-07', 2016, 2, 5, 18, 7, 7),
('2016-05-08', 2016, 2, 5, 18, 8, 1),
('2016-05-09', 2016, 2, 5, 19, 9, 2),
('2016-05-10', 2016, 2, 5, 19, 10, 3),
('2016-05-11', 2016, 2, 5, 19, 11, 4),
('2016-05-12', 2016, 2, 5, 19, 12, 5),
('2016-05-13', 2016, 2, 5, 19, 13, 6),
('2016-05-14', 2016, 2, 5, 19, 14, 7),
('2016-05-15', 2016, 2, 5, 19, 15, 1),
('2016-05-16', 2016, 2, 5, 20, 16, 2),
('2016-05-17', 2016, 2, 5, 20, 17, 3),
('2016-05-18', 2016, 2, 5, 20, 18, 4),
('2016-05-19', 2016, 2, 5, 20, 19, 5),
('2016-05-20', 2016, 2, 5, 20, 20, 6),
('2016-05-21', 2016, 2, 5, 20, 21, 7),
('2016-05-22', 2016, 2, 5, 20, 22, 1),
('2016-05-23', 2016, 2, 5, 21, 23, 2),
('2016-05-24', 2016, 2, 5, 21, 24, 3),
('2016-05-25', 2016, 2, 5, 21, 25, 4),
('2016-05-26', 2016, 2, 5, 21, 26, 5),
('2016-05-27', 2016, 2, 5, 21, 27, 6),
('2016-05-28', 2016, 2, 5, 21, 28, 7),
('2016-05-29', 2016, 2, 5, 21, 29, 1),
('2016-05-30', 2016, 2, 5, 22, 30, 2),
('2016-05-31', 2016, 2, 5, 22, 31, 3),
('2016-06-01', 2016, 2, 6, 22, 1, 4),
('2016-06-02', 2016, 2, 6, 22, 2, 5),
('2016-06-03', 2016, 2, 6, 22, 3, 6),
('2016-06-04', 2016, 2, 6, 22, 4, 7),
('2016-06-05', 2016, 2, 6, 22, 5, 1),
('2016-06-06', 2016, 2, 6, 23, 6, 2),
('2016-06-07', 2016, 2, 6, 23, 7, 3),
('2016-06-08', 2016, 2, 6, 23, 8, 4),
('2016-06-09', 2016, 2, 6, 23, 9, 5),
('2016-06-10', 2016, 2, 6, 23, 10, 6),
('2016-06-11', 2016, 2, 6, 23, 11, 7),
('2016-06-12', 2016, 2, 6, 23, 12, 1),
('2016-06-13', 2016, 2, 6, 24, 13, 2),
('2016-06-14', 2016, 2, 6, 24, 14, 3),
('2016-06-15', 2016, 2, 6, 24, 15, 4),
('2016-06-16', 2016, 2, 6, 24, 16, 5),
('2016-06-17', 2016, 2, 6, 24, 17, 6),
('2016-06-18', 2016, 2, 6, 24, 18, 7),
('2016-06-19', 2016, 2, 6, 24, 19, 1),
('2016-06-20', 2016, 2, 6, 25, 20, 2),
('2016-06-21', 2016, 2, 6, 25, 21, 3),
('2016-06-22', 2016, 2, 6, 25, 22, 4),
('2016-06-23', 2016, 2, 6, 25, 23, 5),
('2016-06-24', 2016, 2, 6, 25, 24, 6),
('2016-06-25', 2016, 2, 6, 25, 25, 7),
('2016-06-26', 2016, 2, 6, 25, 26, 1),
('2016-06-27', 2016, 2, 6, 26, 27, 2),
('2016-06-28', 2016, 2, 6, 26, 28, 3),
('2016-06-29', 2016, 2, 6, 26, 29, 4),
('2016-06-30', 2016, 2, 6, 26, 30, 5),
('2016-07-01', 2016, 3, 7, 26, 1, 6),
('2016-07-02', 2016, 3, 7, 26, 2, 7),
('2016-07-03', 2016, 3, 7, 26, 3, 1),
('2016-07-04', 2016, 3, 7, 27, 4, 2),
('2016-07-05', 2016, 3, 7, 27, 5, 3),
('2016-07-06', 2016, 3, 7, 27, 6, 4),
('2016-07-07', 2016, 3, 7, 27, 7, 5),
('2016-07-08', 2016, 3, 7, 27, 8, 6),
('2016-07-09', 2016, 3, 7, 27, 9, 7),
('2016-07-10', 2016, 3, 7, 27, 10, 1),
('2016-07-11', 2016, 3, 7, 28, 11, 2),
('2016-07-12', 2016, 3, 7, 28, 12, 3),
('2016-07-13', 2016, 3, 7, 28, 13, 4),
('2016-07-14', 2016, 3, 7, 28, 14, 5),
('2016-07-15', 2016, 3, 7, 28, 15, 6),
('2016-07-16', 2016, 3, 7, 28, 16, 7),
('2016-07-17', 2016, 3, 7, 28, 17, 1),
('2016-07-18', 2016, 3, 7, 29, 18, 2),
('2016-07-19', 2016, 3, 7, 29, 19, 3),
('2016-07-20', 2016, 3, 7, 29, 20, 4),
('2016-07-21', 2016, 3, 7, 29, 21, 5),
('2016-07-22', 2016, 3, 7, 29, 22, 6),
('2016-07-23', 2016, 3, 7, 29, 23, 7),
('2016-07-24', 2016, 3, 7, 29, 24, 1),
('2016-07-25', 2016, 3, 7, 30, 25, 2),
('2016-07-26', 2016, 3, 7, 30, 26, 3),
('2016-07-27', 2016, 3, 7, 30, 27, 4),
('2016-07-28', 2016, 3, 7, 30, 28, 5),
('2016-07-29', 2016, 3, 7, 30, 29, 6),
('2016-07-30', 2016, 3, 7, 30, 30, 7),
('2016-07-31', 2016, 3, 7, 30, 31, 1),
('2016-08-01', 2016, 3, 8, 31, 1, 2),
('2016-08-02', 2016, 3, 8, 31, 2, 3),
('2016-08-03', 2016, 3, 8, 31, 3, 4),
('2016-08-04', 2016, 3, 8, 31, 4, 5),
('2016-08-05', 2016, 3, 8, 31, 5, 6),
('2016-08-06', 2016, 3, 8, 31, 6, 7),
('2016-08-07', 2016, 3, 8, 31, 7, 1),
('2016-08-08', 2016, 3, 8, 32, 8, 2),
('2016-08-09', 2016, 3, 8, 32, 9, 3),
('2016-08-10', 2016, 3, 8, 32, 10, 4),
('2016-08-11', 2016, 3, 8, 32, 11, 5),
('2016-08-12', 2016, 3, 8, 32, 12, 6),
('2016-08-13', 2016, 3, 8, 32, 13, 7),
('2016-08-14', 2016, 3, 8, 32, 14, 1),
('2016-08-15', 2016, 3, 8, 33, 15, 2),
('2016-08-16', 2016, 3, 8, 33, 16, 3),
('2016-08-17', 2016, 3, 8, 33, 17, 4),
('2016-08-18', 2016, 3, 8, 33, 18, 5),
('2016-08-19', 2016, 3, 8, 33, 19, 6),
('2016-08-20', 2016, 3, 8, 33, 20, 7),
('2016-08-21', 2016, 3, 8, 33, 21, 1),
('2016-08-22', 2016, 3, 8, 34, 22, 2),
('2016-08-23', 2016, 3, 8, 34, 23, 3),
('2016-08-24', 2016, 3, 8, 34, 24, 4),
('2016-08-25', 2016, 3, 8, 34, 25, 5),
('2016-08-26', 2016, 3, 8, 34, 26, 6),
('2016-08-27', 2016, 3, 8, 34, 27, 7),
('2016-08-28', 2016, 3, 8, 34, 28, 1),
('2016-08-29', 2016, 3, 8, 35, 29, 2),
('2016-08-30', 2016, 3, 8, 35, 30, 3),
('2016-08-31', 2016, 3, 8, 35, 31, 4),
('2016-09-01', 2016, 3, 9, 35, 1, 5),
('2016-09-02', 2016, 3, 9, 35, 2, 6),
('2016-09-03', 2016, 3, 9, 35, 3, 7),
('2016-09-04', 2016, 3, 9, 35, 4, 1),
('2016-09-05', 2016, 3, 9, 36, 5, 2),
('2016-09-06', 2016, 3, 9, 36, 6, 3),
('2016-09-07', 2016, 3, 9, 36, 7, 4),
('2016-09-08', 2016, 3, 9, 36, 8, 5),
('2016-09-09', 2016, 3, 9, 36, 9, 6),
('2016-09-10', 2016, 3, 9, 36, 10, 7),
('2016-09-11', 2016, 3, 9, 36, 11, 1),
('2016-09-12', 2016, 3, 9, 37, 12, 2),
('2016-09-13', 2016, 3, 9, 37, 13, 3),
('2016-09-14', 2016, 3, 9, 37, 14, 4),
('2016-09-15', 2016, 3, 9, 37, 15, 5),
('2016-09-16', 2016, 3, 9, 37, 16, 6),
('2016-09-17', 2016, 3, 9, 37, 17, 7),
('2016-09-18', 2016, 3, 9, 37, 18, 1),
('2016-09-19', 2016, 3, 9, 38, 19, 2),
('2016-09-20', 2016, 3, 9, 38, 20, 3),
('2016-09-21', 2016, 3, 9, 38, 21, 4),
('2016-09-22', 2016, 3, 9, 38, 22, 5),
('2016-09-23', 2016, 3, 9, 38, 23, 6),
('2016-09-24', 2016, 3, 9, 38, 24, 7),
('2016-09-25', 2016, 3, 9, 38, 25, 1),
('2016-09-26', 2016, 3, 9, 39, 26, 2),
('2016-09-27', 2016, 3, 9, 39, 27, 3),
('2016-09-28', 2016, 3, 9, 39, 28, 4),
('2016-09-29', 2016, 3, 9, 39, 29, 5),
('2016-09-30', 2016, 3, 9, 39, 30, 6),
('2016-10-01', 2016, 4, 10, 39, 1, 7),
('2016-10-02', 2016, 4, 10, 39, 2, 1),
('2016-10-03', 2016, 4, 10, 40, 3, 2),
('2016-10-04', 2016, 4, 10, 40, 4, 3),
('2016-10-05', 2016, 4, 10, 40, 5, 4),
('2016-10-06', 2016, 4, 10, 40, 6, 5),
('2016-10-07', 2016, 4, 10, 40, 7, 6),
('2016-10-08', 2016, 4, 10, 40, 8, 7),
('2016-10-09', 2016, 4, 10, 40, 9, 1),
('2016-10-10', 2016, 4, 10, 41, 10, 2),
('2016-10-11', 2016, 4, 10, 41, 11, 3),
('2016-10-12', 2016, 4, 10, 41, 12, 4),
('2016-10-13', 2016, 4, 10, 41, 13, 5),
('2016-10-14', 2016, 4, 10, 41, 14, 6),
('2016-10-15', 2016, 4, 10, 41, 15, 7),
('2016-10-16', 2016, 4, 10, 41, 16, 1),
('2016-10-17', 2016, 4, 10, 42, 17, 2),
('2016-10-18', 2016, 4, 10, 42, 18, 3),
('2016-10-19', 2016, 4, 10, 42, 19, 4),
('2016-10-20', 2016, 4, 10, 42, 20, 5),
('2016-10-21', 2016, 4, 10, 42, 21, 6),
('2016-10-22', 2016, 4, 10, 42, 22, 7),
('2016-10-23', 2016, 4, 10, 42, 23, 1),
('2016-10-24', 2016, 4, 10, 43, 24, 2),
('2016-10-25', 2016, 4, 10, 43, 25, 3),
('2016-10-26', 2016, 4, 10, 43, 26, 4),
('2016-10-27', 2016, 4, 10, 43, 27, 5),
('2016-10-28', 2016, 4, 10, 43, 28, 6),
('2016-10-29', 2016, 4, 10, 43, 29, 7),
('2016-10-30', 2016, 4, 10, 43, 30, 1),
('2016-10-31', 2016, 4, 10, 44, 31, 2),
('2016-11-01', 2016, 4, 11, 44, 1, 3),
('2016-11-02', 2016, 4, 11, 44, 2, 4),
('2016-11-03', 2016, 4, 11, 44, 3, 5),
('2016-11-04', 2016, 4, 11, 44, 4, 6),
('2016-11-05', 2016, 4, 11, 44, 5, 7),
('2016-11-06', 2016, 4, 11, 44, 6, 1),
('2016-11-07', 2016, 4, 11, 45, 7, 2),
('2016-11-08', 2016, 4, 11, 45, 8, 3),
('2016-11-09', 2016, 4, 11, 45, 9, 4),
('2016-11-10', 2016, 4, 11, 45, 10, 5),
('2016-11-11', 2016, 4, 11, 45, 11, 6),
('2016-11-12', 2016, 4, 11, 45, 12, 7),
('2016-11-13', 2016, 4, 11, 45, 13, 1),
('2016-11-14', 2016, 4, 11, 46, 14, 2),
('2016-11-15', 2016, 4, 11, 46, 15, 3),
('2016-11-16', 2016, 4, 11, 46, 16, 4),
('2016-11-17', 2016, 4, 11, 46, 17, 5),
('2016-11-18', 2016, 4, 11, 46, 18, 6),
('2016-11-19', 2016, 4, 11, 46, 19, 7),
('2016-11-20', 2016, 4, 11, 46, 20, 1),
('2016-11-21', 2016, 4, 11, 47, 21, 2),
('2016-11-22', 2016, 4, 11, 47, 22, 3),
('2016-11-23', 2016, 4, 11, 47, 23, 4),
('2016-11-24', 2016, 4, 11, 47, 24, 5),
('2016-11-25', 2016, 4, 11, 47, 25, 6),
('2016-11-26', 2016, 4, 11, 47, 26, 7),
('2016-11-27', 2016, 4, 11, 47, 27, 1),
('2016-11-28', 2016, 4, 11, 48, 28, 2),
('2016-11-29', 2016, 4, 11, 48, 29, 3),
('2016-11-30', 2016, 4, 11, 48, 30, 4),
('2016-12-01', 2016, 4, 12, 48, 1, 5),
('2016-12-02', 2016, 4, 12, 48, 2, 6),
('2016-12-03', 2016, 4, 12, 48, 3, 7),
('2016-12-04', 2016, 4, 12, 48, 4, 1),
('2016-12-05', 2016, 4, 12, 49, 5, 2),
('2016-12-06', 2016, 4, 12, 49, 6, 3),
('2016-12-07', 2016, 4, 12, 49, 7, 4),
('2016-12-08', 2016, 4, 12, 49, 8, 5),
('2016-12-09', 2016, 4, 12, 49, 9, 6),
('2016-12-10', 2016, 4, 12, 49, 10, 7),
('2016-12-11', 2016, 4, 12, 49, 11, 1),
('2016-12-12', 2016, 4, 12, 50, 12, 2),
('2016-12-13', 2016, 4, 12, 50, 13, 3),
('2016-12-14', 2016, 4, 12, 50, 14, 4),
('2016-12-15', 2016, 4, 12, 50, 15, 5),
('2016-12-16', 2016, 4, 12, 50, 16, 6),
('2016-12-17', 2016, 4, 12, 50, 17, 7),
('2016-12-18', 2016, 4, 12, 50, 18, 1),
('2016-12-19', 2016, 4, 12, 51, 19, 2),
('2016-12-20', 2016, 4, 12, 51, 20, 3),
('2016-12-21', 2016, 4, 12, 51, 21, 4),
('2016-12-22', 2016, 4, 12, 51, 22, 5),
('2016-12-23', 2016, 4, 12, 51, 23, 6),
('2016-12-24', 2016, 4, 12, 51, 24, 7),
('2016-12-25', 2016, 4, 12, 51, 25, 1),
('2016-12-26', 2016, 4, 12, 52, 26, 2),
('2016-12-27', 2016, 4, 12, 52, 27, 3),
('2016-12-28', 2016, 4, 12, 52, 28, 4),
('2016-12-29', 2016, 4, 12, 52, 29, 5),
('2016-12-30', 2016, 4, 12, 52, 30, 6),
('2016-12-31', 2016, 4, 12, 52, 31, 7),
('2017-01-01', 2017, 1, 1, 0, 1, 1),
('2017-01-02', 2017, 1, 1, 1, 2, 2),
('2017-01-03', 2017, 1, 1, 1, 3, 3),
('2017-01-04', 2017, 1, 1, 1, 4, 4),
('2017-01-05', 2017, 1, 1, 1, 5, 5),
('2017-01-06', 2017, 1, 1, 1, 6, 6),
('2017-01-07', 2017, 1, 1, 1, 7, 7),
('2017-01-08', 2017, 1, 1, 1, 8, 1),
('2017-01-09', 2017, 1, 1, 2, 9, 2),
('2017-01-10', 2017, 1, 1, 2, 10, 3),
('2017-01-11', 2017, 1, 1, 2, 11, 4),
('2017-01-12', 2017, 1, 1, 2, 12, 5),
('2017-01-13', 2017, 1, 1, 2, 13, 6),
('2017-01-14', 2017, 1, 1, 2, 14, 7),
('2017-01-15', 2017, 1, 1, 2, 15, 1),
('2017-01-16', 2017, 1, 1, 3, 16, 2),
('2017-01-17', 2017, 1, 1, 3, 17, 3),
('2017-01-18', 2017, 1, 1, 3, 18, 4),
('2017-01-19', 2017, 1, 1, 3, 19, 5),
('2017-01-20', 2017, 1, 1, 3, 20, 6),
('2017-01-21', 2017, 1, 1, 3, 21, 7),
('2017-01-22', 2017, 1, 1, 3, 22, 1),
('2017-01-23', 2017, 1, 1, 4, 23, 2),
('2017-01-24', 2017, 1, 1, 4, 24, 3),
('2017-01-25', 2017, 1, 1, 4, 25, 4),
('2017-01-26', 2017, 1, 1, 4, 26, 5),
('2017-01-27', 2017, 1, 1, 4, 27, 6),
('2017-01-28', 2017, 1, 1, 4, 28, 7),
('2017-01-29', 2017, 1, 1, 4, 29, 1),
('2017-01-30', 2017, 1, 1, 5, 30, 2),
('2017-01-31', 2017, 1, 1, 5, 31, 3),
('2017-02-01', 2017, 1, 2, 5, 1, 4),
('2017-02-02', 2017, 1, 2, 5, 2, 5),
('2017-02-03', 2017, 1, 2, 5, 3, 6),
('2017-02-04', 2017, 1, 2, 5, 4, 7),
('2017-02-05', 2017, 1, 2, 5, 5, 1),
('2017-02-06', 2017, 1, 2, 6, 6, 2),
('2017-02-07', 2017, 1, 2, 6, 7, 3),
('2017-02-08', 2017, 1, 2, 6, 8, 4),
('2017-02-09', 2017, 1, 2, 6, 9, 5),
('2017-02-10', 2017, 1, 2, 6, 10, 6),
('2017-02-11', 2017, 1, 2, 6, 11, 7),
('2017-02-12', 2017, 1, 2, 6, 12, 1),
('2017-02-13', 2017, 1, 2, 7, 13, 2),
('2017-02-14', 2017, 1, 2, 7, 14, 3),
('2017-02-15', 2017, 1, 2, 7, 15, 4),
('2017-02-16', 2017, 1, 2, 7, 16, 5),
('2017-02-17', 2017, 1, 2, 7, 17, 6),
('2017-02-18', 2017, 1, 2, 7, 18, 7),
('2017-02-19', 2017, 1, 2, 7, 19, 1),
('2017-02-20', 2017, 1, 2, 8, 20, 2),
('2017-02-21', 2017, 1, 2, 8, 21, 3),
('2017-02-22', 2017, 1, 2, 8, 22, 4),
('2017-02-23', 2017, 1, 2, 8, 23, 5),
('2017-02-24', 2017, 1, 2, 8, 24, 6),
('2017-02-25', 2017, 1, 2, 8, 25, 7),
('2017-02-26', 2017, 1, 2, 8, 26, 1),
('2017-02-27', 2017, 1, 2, 9, 27, 2),
('2017-02-28', 2017, 1, 2, 9, 28, 3),
('2017-03-01', 2017, 1, 3, 9, 1, 4),
('2017-03-02', 2017, 1, 3, 9, 2, 5),
('2017-03-03', 2017, 1, 3, 9, 3, 6),
('2017-03-04', 2017, 1, 3, 9, 4, 7),
('2017-03-05', 2017, 1, 3, 9, 5, 1),
('2017-03-06', 2017, 1, 3, 10, 6, 2),
('2017-03-07', 2017, 1, 3, 10, 7, 3),
('2017-03-08', 2017, 1, 3, 10, 8, 4),
('2017-03-09', 2017, 1, 3, 10, 9, 5),
('2017-03-10', 2017, 1, 3, 10, 10, 6),
('2017-03-11', 2017, 1, 3, 10, 11, 7),
('2017-03-12', 2017, 1, 3, 10, 12, 1),
('2017-03-13', 2017, 1, 3, 11, 13, 2),
('2017-03-14', 2017, 1, 3, 11, 14, 3),
('2017-03-15', 2017, 1, 3, 11, 15, 4),
('2017-03-16', 2017, 1, 3, 11, 16, 5),
('2017-03-17', 2017, 1, 3, 11, 17, 6),
('2017-03-18', 2017, 1, 3, 11, 18, 7),
('2017-03-19', 2017, 1, 3, 11, 19, 1),
('2017-03-20', 2017, 1, 3, 12, 20, 2),
('2017-03-21', 2017, 1, 3, 12, 21, 3),
('2017-03-22', 2017, 1, 3, 12, 22, 4),
('2017-03-23', 2017, 1, 3, 12, 23, 5),
('2017-03-24', 2017, 1, 3, 12, 24, 6),
('2017-03-25', 2017, 1, 3, 12, 25, 7),
('2017-03-26', 2017, 1, 3, 12, 26, 1),
('2017-03-27', 2017, 1, 3, 13, 27, 2),
('2017-03-28', 2017, 1, 3, 13, 28, 3),
('2017-03-29', 2017, 1, 3, 13, 29, 4),
('2017-03-30', 2017, 1, 3, 13, 30, 5),
('2017-03-31', 2017, 1, 3, 13, 31, 6),
('2017-04-01', 2017, 2, 4, 13, 1, 7),
('2017-04-02', 2017, 2, 4, 13, 2, 1),
('2017-04-03', 2017, 2, 4, 14, 3, 2),
('2017-04-04', 2017, 2, 4, 14, 4, 3),
('2017-04-05', 2017, 2, 4, 14, 5, 4),
('2017-04-06', 2017, 2, 4, 14, 6, 5),
('2017-04-07', 2017, 2, 4, 14, 7, 6),
('2017-04-08', 2017, 2, 4, 14, 8, 7),
('2017-04-09', 2017, 2, 4, 14, 9, 1),
('2017-04-10', 2017, 2, 4, 15, 10, 2),
('2017-04-11', 2017, 2, 4, 15, 11, 3),
('2017-04-12', 2017, 2, 4, 15, 12, 4),
('2017-04-13', 2017, 2, 4, 15, 13, 5),
('2017-04-14', 2017, 2, 4, 15, 14, 6),
('2017-04-15', 2017, 2, 4, 15, 15, 7),
('2017-04-16', 2017, 2, 4, 15, 16, 1),
('2017-04-17', 2017, 2, 4, 16, 17, 2),
('2017-04-18', 2017, 2, 4, 16, 18, 3),
('2017-04-19', 2017, 2, 4, 16, 19, 4),
('2017-04-20', 2017, 2, 4, 16, 20, 5),
('2017-04-21', 2017, 2, 4, 16, 21, 6),
('2017-04-22', 2017, 2, 4, 16, 22, 7),
('2017-04-23', 2017, 2, 4, 16, 23, 1),
('2017-04-24', 2017, 2, 4, 17, 24, 2),
('2017-04-25', 2017, 2, 4, 17, 25, 3),
('2017-04-26', 2017, 2, 4, 17, 26, 4),
('2017-04-27', 2017, 2, 4, 17, 27, 5),
('2017-04-28', 2017, 2, 4, 17, 28, 6),
('2017-04-29', 2017, 2, 4, 17, 29, 7),
('2017-04-30', 2017, 2, 4, 17, 30, 1),
('2017-05-01', 2017, 2, 5, 18, 1, 2),
('2017-05-02', 2017, 2, 5, 18, 2, 3),
('2017-05-03', 2017, 2, 5, 18, 3, 4),
('2017-05-04', 2017, 2, 5, 18, 4, 5),
('2017-05-05', 2017, 2, 5, 18, 5, 6),
('2017-05-06', 2017, 2, 5, 18, 6, 7),
('2017-05-07', 2017, 2, 5, 18, 7, 1),
('2017-05-08', 2017, 2, 5, 19, 8, 2),
('2017-05-09', 2017, 2, 5, 19, 9, 3),
('2017-05-10', 2017, 2, 5, 19, 10, 4),
('2017-05-11', 2017, 2, 5, 19, 11, 5),
('2017-05-12', 2017, 2, 5, 19, 12, 6),
('2017-05-13', 2017, 2, 5, 19, 13, 7),
('2017-05-14', 2017, 2, 5, 19, 14, 1),
('2017-05-15', 2017, 2, 5, 20, 15, 2),
('2017-05-16', 2017, 2, 5, 20, 16, 3),
('2017-05-17', 2017, 2, 5, 20, 17, 4),
('2017-05-18', 2017, 2, 5, 20, 18, 5),
('2017-05-19', 2017, 2, 5, 20, 19, 6),
('2017-05-20', 2017, 2, 5, 20, 20, 7),
('2017-05-21', 2017, 2, 5, 20, 21, 1),
('2017-05-22', 2017, 2, 5, 21, 22, 2),
('2017-05-23', 2017, 2, 5, 21, 23, 3),
('2017-05-24', 2017, 2, 5, 21, 24, 4),
('2017-05-25', 2017, 2, 5, 21, 25, 5),
('2017-05-26', 2017, 2, 5, 21, 26, 6),
('2017-05-27', 2017, 2, 5, 21, 27, 7),
('2017-05-28', 2017, 2, 5, 21, 28, 1),
('2017-05-29', 2017, 2, 5, 22, 29, 2),
('2017-05-30', 2017, 2, 5, 22, 30, 3),
('2017-05-31', 2017, 2, 5, 22, 31, 4),
('2017-06-01', 2017, 2, 6, 22, 1, 5),
('2017-06-02', 2017, 2, 6, 22, 2, 6),
('2017-06-03', 2017, 2, 6, 22, 3, 7),
('2017-06-04', 2017, 2, 6, 22, 4, 1),
('2017-06-05', 2017, 2, 6, 23, 5, 2),
('2017-06-06', 2017, 2, 6, 23, 6, 3),
('2017-06-07', 2017, 2, 6, 23, 7, 4),
('2017-06-08', 2017, 2, 6, 23, 8, 5),
('2017-06-09', 2017, 2, 6, 23, 9, 6),
('2017-06-10', 2017, 2, 6, 23, 10, 7),
('2017-06-11', 2017, 2, 6, 23, 11, 1),
('2017-06-12', 2017, 2, 6, 24, 12, 2),
('2017-06-13', 2017, 2, 6, 24, 13, 3),
('2017-06-14', 2017, 2, 6, 24, 14, 4),
('2017-06-15', 2017, 2, 6, 24, 15, 5),
('2017-06-16', 2017, 2, 6, 24, 16, 6),
('2017-06-17', 2017, 2, 6, 24, 17, 7),
('2017-06-18', 2017, 2, 6, 24, 18, 1),
('2017-06-19', 2017, 2, 6, 25, 19, 2),
('2017-06-20', 2017, 2, 6, 25, 20, 3),
('2017-06-21', 2017, 2, 6, 25, 21, 4),
('2017-06-22', 2017, 2, 6, 25, 22, 5),
('2017-06-23', 2017, 2, 6, 25, 23, 6),
('2017-06-24', 2017, 2, 6, 25, 24, 7),
('2017-06-25', 2017, 2, 6, 25, 25, 1),
('2017-06-26', 2017, 2, 6, 26, 26, 2),
('2017-06-27', 2017, 2, 6, 26, 27, 3),
('2017-06-28', 2017, 2, 6, 26, 28, 4),
('2017-06-29', 2017, 2, 6, 26, 29, 5),
('2017-06-30', 2017, 2, 6, 26, 30, 6),
('2017-07-01', 2017, 3, 7, 26, 1, 7),
('2017-07-02', 2017, 3, 7, 26, 2, 1),
('2017-07-03', 2017, 3, 7, 27, 3, 2),
('2017-07-04', 2017, 3, 7, 27, 4, 3),
('2017-07-05', 2017, 3, 7, 27, 5, 4),
('2017-07-06', 2017, 3, 7, 27, 6, 5),
('2017-07-07', 2017, 3, 7, 27, 7, 6),
('2017-07-08', 2017, 3, 7, 27, 8, 7),
('2017-07-09', 2017, 3, 7, 27, 9, 1),
('2017-07-10', 2017, 3, 7, 28, 10, 2),
('2017-07-11', 2017, 3, 7, 28, 11, 3),
('2017-07-12', 2017, 3, 7, 28, 12, 4),
('2017-07-13', 2017, 3, 7, 28, 13, 5),
('2017-07-14', 2017, 3, 7, 28, 14, 6),
('2017-07-15', 2017, 3, 7, 28, 15, 7),
('2017-07-16', 2017, 3, 7, 28, 16, 1),
('2017-07-17', 2017, 3, 7, 29, 17, 2),
('2017-07-18', 2017, 3, 7, 29, 18, 3),
('2017-07-19', 2017, 3, 7, 29, 19, 4),
('2017-07-20', 2017, 3, 7, 29, 20, 5),
('2017-07-21', 2017, 3, 7, 29, 21, 6),
('2017-07-22', 2017, 3, 7, 29, 22, 7),
('2017-07-23', 2017, 3, 7, 29, 23, 1),
('2017-07-24', 2017, 3, 7, 30, 24, 2),
('2017-07-25', 2017, 3, 7, 30, 25, 3),
('2017-07-26', 2017, 3, 7, 30, 26, 4),
('2017-07-27', 2017, 3, 7, 30, 27, 5),
('2017-07-28', 2017, 3, 7, 30, 28, 6),
('2017-07-29', 2017, 3, 7, 30, 29, 7),
('2017-07-30', 2017, 3, 7, 30, 30, 1),
('2017-07-31', 2017, 3, 7, 31, 31, 2),
('2017-08-01', 2017, 3, 8, 31, 1, 3),
('2017-08-02', 2017, 3, 8, 31, 2, 4),
('2017-08-03', 2017, 3, 8, 31, 3, 5),
('2017-08-04', 2017, 3, 8, 31, 4, 6),
('2017-08-05', 2017, 3, 8, 31, 5, 7),
('2017-08-06', 2017, 3, 8, 31, 6, 1),
('2017-08-07', 2017, 3, 8, 32, 7, 2),
('2017-08-08', 2017, 3, 8, 32, 8, 3),
('2017-08-09', 2017, 3, 8, 32, 9, 4),
('2017-08-10', 2017, 3, 8, 32, 10, 5),
('2017-08-11', 2017, 3, 8, 32, 11, 6),
('2017-08-12', 2017, 3, 8, 32, 12, 7),
('2017-08-13', 2017, 3, 8, 32, 13, 1),
('2017-08-14', 2017, 3, 8, 33, 14, 2),
('2017-08-15', 2017, 3, 8, 33, 15, 3),
('2017-08-16', 2017, 3, 8, 33, 16, 4),
('2017-08-17', 2017, 3, 8, 33, 17, 5),
('2017-08-18', 2017, 3, 8, 33, 18, 6),
('2017-08-19', 2017, 3, 8, 33, 19, 7),
('2017-08-20', 2017, 3, 8, 33, 20, 1),
('2017-08-21', 2017, 3, 8, 34, 21, 2),
('2017-08-22', 2017, 3, 8, 34, 22, 3),
('2017-08-23', 2017, 3, 8, 34, 23, 4),
('2017-08-24', 2017, 3, 8, 34, 24, 5),
('2017-08-25', 2017, 3, 8, 34, 25, 6),
('2017-08-26', 2017, 3, 8, 34, 26, 7),
('2017-08-27', 2017, 3, 8, 34, 27, 1),
('2017-08-28', 2017, 3, 8, 35, 28, 2),
('2017-08-29', 2017, 3, 8, 35, 29, 3),
('2017-08-30', 2017, 3, 8, 35, 30, 4),
('2017-08-31', 2017, 3, 8, 35, 31, 5),
('2017-09-01', 2017, 3, 9, 35, 1, 6),
('2017-09-02', 2017, 3, 9, 35, 2, 7),
('2017-09-03', 2017, 3, 9, 35, 3, 1),
('2017-09-04', 2017, 3, 9, 36, 4, 2),
('2017-09-05', 2017, 3, 9, 36, 5, 3),
('2017-09-06', 2017, 3, 9, 36, 6, 4),
('2017-09-07', 2017, 3, 9, 36, 7, 5),
('2017-09-08', 2017, 3, 9, 36, 8, 6),
('2017-09-09', 2017, 3, 9, 36, 9, 7),
('2017-09-10', 2017, 3, 9, 36, 10, 1),
('2017-09-11', 2017, 3, 9, 37, 11, 2),
('2017-09-12', 2017, 3, 9, 37, 12, 3),
('2017-09-13', 2017, 3, 9, 37, 13, 4),
('2017-09-14', 2017, 3, 9, 37, 14, 5),
('2017-09-15', 2017, 3, 9, 37, 15, 6),
('2017-09-16', 2017, 3, 9, 37, 16, 7),
('2017-09-17', 2017, 3, 9, 37, 17, 1),
('2017-09-18', 2017, 3, 9, 38, 18, 2),
('2017-09-19', 2017, 3, 9, 38, 19, 3),
('2017-09-20', 2017, 3, 9, 38, 20, 4),
('2017-09-21', 2017, 3, 9, 38, 21, 5),
('2017-09-22', 2017, 3, 9, 38, 22, 6),
('2017-09-23', 2017, 3, 9, 38, 23, 7),
('2017-09-24', 2017, 3, 9, 38, 24, 1),
('2017-09-25', 2017, 3, 9, 39, 25, 2),
('2017-09-26', 2017, 3, 9, 39, 26, 3),
('2017-09-27', 2017, 3, 9, 39, 27, 4),
('2017-09-28', 2017, 3, 9, 39, 28, 5),
('2017-09-29', 2017, 3, 9, 39, 29, 6),
('2017-09-30', 2017, 3, 9, 39, 30, 7),
('2017-10-01', 2017, 4, 10, 39, 1, 1),
('2017-10-02', 2017, 4, 10, 40, 2, 2),
('2017-10-03', 2017, 4, 10, 40, 3, 3),
('2017-10-04', 2017, 4, 10, 40, 4, 4),
('2017-10-05', 2017, 4, 10, 40, 5, 5),
('2017-10-06', 2017, 4, 10, 40, 6, 6),
('2017-10-07', 2017, 4, 10, 40, 7, 7),
('2017-10-08', 2017, 4, 10, 40, 8, 1),
('2017-10-09', 2017, 4, 10, 41, 9, 2),
('2017-10-10', 2017, 4, 10, 41, 10, 3),
('2017-10-11', 2017, 4, 10, 41, 11, 4),
('2017-10-12', 2017, 4, 10, 41, 12, 5),
('2017-10-13', 2017, 4, 10, 41, 13, 6),
('2017-10-14', 2017, 4, 10, 41, 14, 7),
('2017-10-15', 2017, 4, 10, 41, 15, 1),
('2017-10-16', 2017, 4, 10, 42, 16, 2),
('2017-10-17', 2017, 4, 10, 42, 17, 3),
('2017-10-18', 2017, 4, 10, 42, 18, 4),
('2017-10-19', 2017, 4, 10, 42, 19, 5),
('2017-10-20', 2017, 4, 10, 42, 20, 6),
('2017-10-21', 2017, 4, 10, 42, 21, 7),
('2017-10-22', 2017, 4, 10, 42, 22, 1),
('2017-10-23', 2017, 4, 10, 43, 23, 2),
('2017-10-24', 2017, 4, 10, 43, 24, 3),
('2017-10-25', 2017, 4, 10, 43, 25, 4),
('2017-10-26', 2017, 4, 10, 43, 26, 5),
('2017-10-27', 2017, 4, 10, 43, 27, 6),
('2017-10-28', 2017, 4, 10, 43, 28, 7),
('2017-10-29', 2017, 4, 10, 43, 29, 1),
('2017-10-30', 2017, 4, 10, 44, 30, 2),
('2017-10-31', 2017, 4, 10, 44, 31, 3),
('2017-11-01', 2017, 4, 11, 44, 1, 4),
('2017-11-02', 2017, 4, 11, 44, 2, 5),
('2017-11-03', 2017, 4, 11, 44, 3, 6),
('2017-11-04', 2017, 4, 11, 44, 4, 7),
('2017-11-05', 2017, 4, 11, 44, 5, 1),
('2017-11-06', 2017, 4, 11, 45, 6, 2),
('2017-11-07', 2017, 4, 11, 45, 7, 3),
('2017-11-08', 2017, 4, 11, 45, 8, 4),
('2017-11-09', 2017, 4, 11, 45, 9, 5),
('2017-11-10', 2017, 4, 11, 45, 10, 6),
('2017-11-11', 2017, 4, 11, 45, 11, 7),
('2017-11-12', 2017, 4, 11, 45, 12, 1),
('2017-11-13', 2017, 4, 11, 46, 13, 2),
('2017-11-14', 2017, 4, 11, 46, 14, 3),
('2017-11-15', 2017, 4, 11, 46, 15, 4),
('2017-11-16', 2017, 4, 11, 46, 16, 5),
('2017-11-17', 2017, 4, 11, 46, 17, 6),
('2017-11-18', 2017, 4, 11, 46, 18, 7),
('2017-11-19', 2017, 4, 11, 46, 19, 1),
('2017-11-20', 2017, 4, 11, 47, 20, 2),
('2017-11-21', 2017, 4, 11, 47, 21, 3),
('2017-11-22', 2017, 4, 11, 47, 22, 4),
('2017-11-23', 2017, 4, 11, 47, 23, 5),
('2017-11-24', 2017, 4, 11, 47, 24, 6),
('2017-11-25', 2017, 4, 11, 47, 25, 7),
('2017-11-26', 2017, 4, 11, 47, 26, 1),
('2017-11-27', 2017, 4, 11, 48, 27, 2),
('2017-11-28', 2017, 4, 11, 48, 28, 3),
('2017-11-29', 2017, 4, 11, 48, 29, 4),
('2017-11-30', 2017, 4, 11, 48, 30, 5),
('2017-12-01', 2017, 4, 12, 48, 1, 6),
('2017-12-02', 2017, 4, 12, 48, 2, 7),
('2017-12-03', 2017, 4, 12, 48, 3, 1),
('2017-12-04', 2017, 4, 12, 49, 4, 2),
('2017-12-05', 2017, 4, 12, 49, 5, 3),
('2017-12-06', 2017, 4, 12, 49, 6, 4),
('2017-12-07', 2017, 4, 12, 49, 7, 5),
('2017-12-08', 2017, 4, 12, 49, 8, 6),
('2017-12-09', 2017, 4, 12, 49, 9, 7),
('2017-12-10', 2017, 4, 12, 49, 10, 1),
('2017-12-11', 2017, 4, 12, 50, 11, 2),
('2017-12-12', 2017, 4, 12, 50, 12, 3),
('2017-12-13', 2017, 4, 12, 50, 13, 4),
('2017-12-14', 2017, 4, 12, 50, 14, 5),
('2017-12-15', 2017, 4, 12, 50, 15, 6),
('2017-12-16', 2017, 4, 12, 50, 16, 7),
('2017-12-17', 2017, 4, 12, 50, 17, 1),
('2017-12-18', 2017, 4, 12, 51, 18, 2),
('2017-12-19', 2017, 4, 12, 51, 19, 3),
('2017-12-20', 2017, 4, 12, 51, 20, 4),
('2017-12-21', 2017, 4, 12, 51, 21, 5),
('2017-12-22', 2017, 4, 12, 51, 22, 6),
('2017-12-23', 2017, 4, 12, 51, 23, 7),
('2017-12-24', 2017, 4, 12, 51, 24, 1),
('2017-12-25', 2017, 4, 12, 52, 25, 2),
('2017-12-26', 2017, 4, 12, 52, 26, 3),
('2017-12-27', 2017, 4, 12, 52, 27, 4),
('2017-12-28', 2017, 4, 12, 52, 28, 5),
('2017-12-29', 2017, 4, 12, 52, 29, 6),
('2017-12-30', 2017, 4, 12, 52, 30, 7),
('2017-12-31', 2017, 4, 12, 52, 31, 1),
('2018-01-01', 2018, 1, 1, 1, 1, 2),
('2018-01-02', 2018, 1, 1, 1, 2, 3),
('2018-01-03', 2018, 1, 1, 1, 3, 4),
('2018-01-04', 2018, 1, 1, 1, 4, 5),
('2018-01-05', 2018, 1, 1, 1, 5, 6),
('2018-01-06', 2018, 1, 1, 1, 6, 7),
('2018-01-07', 2018, 1, 1, 1, 7, 1),
('2018-01-08', 2018, 1, 1, 2, 8, 2),
('2018-01-09', 2018, 1, 1, 2, 9, 3),
('2018-01-10', 2018, 1, 1, 2, 10, 4),
('2018-01-11', 2018, 1, 1, 2, 11, 5),
('2018-01-12', 2018, 1, 1, 2, 12, 6),
('2018-01-13', 2018, 1, 1, 2, 13, 7),
('2018-01-14', 2018, 1, 1, 2, 14, 1),
('2018-01-15', 2018, 1, 1, 3, 15, 2),
('2018-01-16', 2018, 1, 1, 3, 16, 3),
('2018-01-17', 2018, 1, 1, 3, 17, 4),
('2018-01-18', 2018, 1, 1, 3, 18, 5),
('2018-01-19', 2018, 1, 1, 3, 19, 6),
('2018-01-20', 2018, 1, 1, 3, 20, 7),
('2018-01-21', 2018, 1, 1, 3, 21, 1),
('2018-01-22', 2018, 1, 1, 4, 22, 2),
('2018-01-23', 2018, 1, 1, 4, 23, 3),
('2018-01-24', 2018, 1, 1, 4, 24, 4),
('2018-01-25', 2018, 1, 1, 4, 25, 5),
('2018-01-26', 2018, 1, 1, 4, 26, 6),
('2018-01-27', 2018, 1, 1, 4, 27, 7),
('2018-01-28', 2018, 1, 1, 4, 28, 1),
('2018-01-29', 2018, 1, 1, 5, 29, 2),
('2018-01-30', 2018, 1, 1, 5, 30, 3),
('2018-01-31', 2018, 1, 1, 5, 31, 4),
('2018-02-01', 2018, 1, 2, 5, 1, 5),
('2018-02-02', 2018, 1, 2, 5, 2, 6),
('2018-02-03', 2018, 1, 2, 5, 3, 7),
('2018-02-04', 2018, 1, 2, 5, 4, 1),
('2018-02-05', 2018, 1, 2, 6, 5, 2),
('2018-02-06', 2018, 1, 2, 6, 6, 3),
('2018-02-07', 2018, 1, 2, 6, 7, 4),
('2018-02-08', 2018, 1, 2, 6, 8, 5),
('2018-02-09', 2018, 1, 2, 6, 9, 6),
('2018-02-10', 2018, 1, 2, 6, 10, 7),
('2018-02-11', 2018, 1, 2, 6, 11, 1),
('2018-02-12', 2018, 1, 2, 7, 12, 2),
('2018-02-13', 2018, 1, 2, 7, 13, 3),
('2018-02-14', 2018, 1, 2, 7, 14, 4),
('2018-02-15', 2018, 1, 2, 7, 15, 5),
('2018-02-16', 2018, 1, 2, 7, 16, 6),
('2018-02-17', 2018, 1, 2, 7, 17, 7),
('2018-02-18', 2018, 1, 2, 7, 18, 1),
('2018-02-19', 2018, 1, 2, 8, 19, 2),
('2018-02-20', 2018, 1, 2, 8, 20, 3),
('2018-02-21', 2018, 1, 2, 8, 21, 4),
('2018-02-22', 2018, 1, 2, 8, 22, 5),
('2018-02-23', 2018, 1, 2, 8, 23, 6),
('2018-02-24', 2018, 1, 2, 8, 24, 7),
('2018-02-25', 2018, 1, 2, 8, 25, 1),
('2018-02-26', 2018, 1, 2, 9, 26, 2),
('2018-02-27', 2018, 1, 2, 9, 27, 3),
('2018-02-28', 2018, 1, 2, 9, 28, 4),
('2018-03-01', 2018, 1, 3, 9, 1, 5),
('2018-03-02', 2018, 1, 3, 9, 2, 6),
('2018-03-03', 2018, 1, 3, 9, 3, 7),
('2018-03-04', 2018, 1, 3, 9, 4, 1),
('2018-03-05', 2018, 1, 3, 10, 5, 2),
('2018-03-06', 2018, 1, 3, 10, 6, 3),
('2018-03-07', 2018, 1, 3, 10, 7, 4),
('2018-03-08', 2018, 1, 3, 10, 8, 5),
('2018-03-09', 2018, 1, 3, 10, 9, 6),
('2018-03-10', 2018, 1, 3, 10, 10, 7),
('2018-03-11', 2018, 1, 3, 10, 11, 1),
('2018-03-12', 2018, 1, 3, 11, 12, 2),
('2018-03-13', 2018, 1, 3, 11, 13, 3),
('2018-03-14', 2018, 1, 3, 11, 14, 4),
('2018-03-15', 2018, 1, 3, 11, 15, 5),
('2018-03-16', 2018, 1, 3, 11, 16, 6),
('2018-03-17', 2018, 1, 3, 11, 17, 7),
('2018-03-18', 2018, 1, 3, 11, 18, 1),
('2018-03-19', 2018, 1, 3, 12, 19, 2),
('2018-03-20', 2018, 1, 3, 12, 20, 3),
('2018-03-21', 2018, 1, 3, 12, 21, 4),
('2018-03-22', 2018, 1, 3, 12, 22, 5),
('2018-03-23', 2018, 1, 3, 12, 23, 6),
('2018-03-24', 2018, 1, 3, 12, 24, 7),
('2018-03-25', 2018, 1, 3, 12, 25, 1),
('2018-03-26', 2018, 1, 3, 13, 26, 2),
('2018-03-27', 2018, 1, 3, 13, 27, 3),
('2018-03-28', 2018, 1, 3, 13, 28, 4),
('2018-03-29', 2018, 1, 3, 13, 29, 5),
('2018-03-30', 2018, 1, 3, 13, 30, 6),
('2018-03-31', 2018, 1, 3, 13, 31, 7),
('2018-04-01', 2018, 2, 4, 13, 1, 1),
('2018-04-02', 2018, 2, 4, 14, 2, 2),
('2018-04-03', 2018, 2, 4, 14, 3, 3),
('2018-04-04', 2018, 2, 4, 14, 4, 4),
('2018-04-05', 2018, 2, 4, 14, 5, 5),
('2018-04-06', 2018, 2, 4, 14, 6, 6),
('2018-04-07', 2018, 2, 4, 14, 7, 7),
('2018-04-08', 2018, 2, 4, 14, 8, 1),
('2018-04-09', 2018, 2, 4, 15, 9, 2),
('2018-04-10', 2018, 2, 4, 15, 10, 3),
('2018-04-11', 2018, 2, 4, 15, 11, 4),
('2018-04-12', 2018, 2, 4, 15, 12, 5),
('2018-04-13', 2018, 2, 4, 15, 13, 6),
('2018-04-14', 2018, 2, 4, 15, 14, 7),
('2018-04-15', 2018, 2, 4, 15, 15, 1),
('2018-04-16', 2018, 2, 4, 16, 16, 2),
('2018-04-17', 2018, 2, 4, 16, 17, 3),
('2018-04-18', 2018, 2, 4, 16, 18, 4),
('2018-04-19', 2018, 2, 4, 16, 19, 5),
('2018-04-20', 2018, 2, 4, 16, 20, 6),
('2018-04-21', 2018, 2, 4, 16, 21, 7),
('2018-04-22', 2018, 2, 4, 16, 22, 1),
('2018-04-23', 2018, 2, 4, 17, 23, 2),
('2018-04-24', 2018, 2, 4, 17, 24, 3),
('2018-04-25', 2018, 2, 4, 17, 25, 4),
('2018-04-26', 2018, 2, 4, 17, 26, 5),
('2018-04-27', 2018, 2, 4, 17, 27, 6),
('2018-04-28', 2018, 2, 4, 17, 28, 7),
('2018-04-29', 2018, 2, 4, 17, 29, 1),
('2018-04-30', 2018, 2, 4, 18, 30, 2),
('2018-05-01', 2018, 2, 5, 18, 1, 3),
('2018-05-02', 2018, 2, 5, 18, 2, 4),
('2018-05-03', 2018, 2, 5, 18, 3, 5),
('2018-05-04', 2018, 2, 5, 18, 4, 6),
('2018-05-05', 2018, 2, 5, 18, 5, 7),
('2018-05-06', 2018, 2, 5, 18, 6, 1),
('2018-05-07', 2018, 2, 5, 19, 7, 2),
('2018-05-08', 2018, 2, 5, 19, 8, 3),
('2018-05-09', 2018, 2, 5, 19, 9, 4),
('2018-05-10', 2018, 2, 5, 19, 10, 5),
('2018-05-11', 2018, 2, 5, 19, 11, 6),
('2018-05-12', 2018, 2, 5, 19, 12, 7),
('2018-05-13', 2018, 2, 5, 19, 13, 1),
('2018-05-14', 2018, 2, 5, 20, 14, 2),
('2018-05-15', 2018, 2, 5, 20, 15, 3),
('2018-05-16', 2018, 2, 5, 20, 16, 4),
('2018-05-17', 2018, 2, 5, 20, 17, 5),
('2018-05-18', 2018, 2, 5, 20, 18, 6),
('2018-05-19', 2018, 2, 5, 20, 19, 7),
('2018-05-20', 2018, 2, 5, 20, 20, 1),
('2018-05-21', 2018, 2, 5, 21, 21, 2),
('2018-05-22', 2018, 2, 5, 21, 22, 3),
('2018-05-23', 2018, 2, 5, 21, 23, 4),
('2018-05-24', 2018, 2, 5, 21, 24, 5),
('2018-05-25', 2018, 2, 5, 21, 25, 6),
('2018-05-26', 2018, 2, 5, 21, 26, 7),
('2018-05-27', 2018, 2, 5, 21, 27, 1),
('2018-05-28', 2018, 2, 5, 22, 28, 2),
('2018-05-29', 2018, 2, 5, 22, 29, 3),
('2018-05-30', 2018, 2, 5, 22, 30, 4),
('2018-05-31', 2018, 2, 5, 22, 31, 5),
('2018-06-01', 2018, 2, 6, 22, 1, 6),
('2018-06-02', 2018, 2, 6, 22, 2, 7),
('2018-06-03', 2018, 2, 6, 22, 3, 1),
('2018-06-04', 2018, 2, 6, 23, 4, 2),
('2018-06-05', 2018, 2, 6, 23, 5, 3),
('2018-06-06', 2018, 2, 6, 23, 6, 4),
('2018-06-07', 2018, 2, 6, 23, 7, 5),
('2018-06-08', 2018, 2, 6, 23, 8, 6),
('2018-06-09', 2018, 2, 6, 23, 9, 7),
('2018-06-10', 2018, 2, 6, 23, 10, 1),
('2018-06-11', 2018, 2, 6, 24, 11, 2),
('2018-06-12', 2018, 2, 6, 24, 12, 3),
('2018-06-13', 2018, 2, 6, 24, 13, 4),
('2018-06-14', 2018, 2, 6, 24, 14, 5),
('2018-06-15', 2018, 2, 6, 24, 15, 6),
('2018-06-16', 2018, 2, 6, 24, 16, 7),
('2018-06-17', 2018, 2, 6, 24, 17, 1),
('2018-06-18', 2018, 2, 6, 25, 18, 2),
('2018-06-19', 2018, 2, 6, 25, 19, 3),
('2018-06-20', 2018, 2, 6, 25, 20, 4),
('2018-06-21', 2018, 2, 6, 25, 21, 5),
('2018-06-22', 2018, 2, 6, 25, 22, 6),
('2018-06-23', 2018, 2, 6, 25, 23, 7),
('2018-06-24', 2018, 2, 6, 25, 24, 1),
('2018-06-25', 2018, 2, 6, 26, 25, 2),
('2018-06-26', 2018, 2, 6, 26, 26, 3),
('2018-06-27', 2018, 2, 6, 26, 27, 4),
('2018-06-28', 2018, 2, 6, 26, 28, 5),
('2018-06-29', 2018, 2, 6, 26, 29, 6),
('2018-06-30', 2018, 2, 6, 26, 30, 7),
('2018-07-01', 2018, 3, 7, 26, 1, 1),
('2018-07-02', 2018, 3, 7, 27, 2, 2),
('2018-07-03', 2018, 3, 7, 27, 3, 3),
('2018-07-04', 2018, 3, 7, 27, 4, 4),
('2018-07-05', 2018, 3, 7, 27, 5, 5),
('2018-07-06', 2018, 3, 7, 27, 6, 6),
('2018-07-07', 2018, 3, 7, 27, 7, 7),
('2018-07-08', 2018, 3, 7, 27, 8, 1),
('2018-07-09', 2018, 3, 7, 28, 9, 2),
('2018-07-10', 2018, 3, 7, 28, 10, 3),
('2018-07-11', 2018, 3, 7, 28, 11, 4),
('2018-07-12', 2018, 3, 7, 28, 12, 5),
('2018-07-13', 2018, 3, 7, 28, 13, 6),
('2018-07-14', 2018, 3, 7, 28, 14, 7),
('2018-07-15', 2018, 3, 7, 28, 15, 1),
('2018-07-16', 2018, 3, 7, 29, 16, 2),
('2018-07-17', 2018, 3, 7, 29, 17, 3),
('2018-07-18', 2018, 3, 7, 29, 18, 4),
('2018-07-19', 2018, 3, 7, 29, 19, 5),
('2018-07-20', 2018, 3, 7, 29, 20, 6),
('2018-07-21', 2018, 3, 7, 29, 21, 7),
('2018-07-22', 2018, 3, 7, 29, 22, 1),
('2018-07-23', 2018, 3, 7, 30, 23, 2),
('2018-07-24', 2018, 3, 7, 30, 24, 3),
('2018-07-25', 2018, 3, 7, 30, 25, 4),
('2018-07-26', 2018, 3, 7, 30, 26, 5),
('2018-07-27', 2018, 3, 7, 30, 27, 6),
('2018-07-28', 2018, 3, 7, 30, 28, 7),
('2018-07-29', 2018, 3, 7, 30, 29, 1),
('2018-07-30', 2018, 3, 7, 31, 30, 2),
('2018-07-31', 2018, 3, 7, 31, 31, 3),
('2018-08-01', 2018, 3, 8, 31, 1, 4),
('2018-08-02', 2018, 3, 8, 31, 2, 5),
('2018-08-03', 2018, 3, 8, 31, 3, 6),
('2018-08-04', 2018, 3, 8, 31, 4, 7),
('2018-08-05', 2018, 3, 8, 31, 5, 1),
('2018-08-06', 2018, 3, 8, 32, 6, 2),
('2018-08-07', 2018, 3, 8, 32, 7, 3),
('2018-08-08', 2018, 3, 8, 32, 8, 4),
('2018-08-09', 2018, 3, 8, 32, 9, 5),
('2018-08-10', 2018, 3, 8, 32, 10, 6),
('2018-08-11', 2018, 3, 8, 32, 11, 7),
('2018-08-12', 2018, 3, 8, 32, 12, 1),
('2018-08-13', 2018, 3, 8, 33, 13, 2),
('2018-08-14', 2018, 3, 8, 33, 14, 3),
('2018-08-15', 2018, 3, 8, 33, 15, 4),
('2018-08-16', 2018, 3, 8, 33, 16, 5),
('2018-08-17', 2018, 3, 8, 33, 17, 6),
('2018-08-18', 2018, 3, 8, 33, 18, 7),
('2018-08-19', 2018, 3, 8, 33, 19, 1),
('2018-08-20', 2018, 3, 8, 34, 20, 2),
('2018-08-21', 2018, 3, 8, 34, 21, 3),
('2018-08-22', 2018, 3, 8, 34, 22, 4),
('2018-08-23', 2018, 3, 8, 34, 23, 5),
('2018-08-24', 2018, 3, 8, 34, 24, 6),
('2018-08-25', 2018, 3, 8, 34, 25, 7),
('2018-08-26', 2018, 3, 8, 34, 26, 1),
('2018-08-27', 2018, 3, 8, 35, 27, 2),
('2018-08-28', 2018, 3, 8, 35, 28, 3),
('2018-08-29', 2018, 3, 8, 35, 29, 4),
('2018-08-30', 2018, 3, 8, 35, 30, 5),
('2018-08-31', 2018, 3, 8, 35, 31, 6),
('2018-09-01', 2018, 3, 9, 35, 1, 7),
('2018-09-02', 2018, 3, 9, 35, 2, 1),
('2018-09-03', 2018, 3, 9, 36, 3, 2),
('2018-09-04', 2018, 3, 9, 36, 4, 3),
('2018-09-05', 2018, 3, 9, 36, 5, 4),
('2018-09-06', 2018, 3, 9, 36, 6, 5),
('2018-09-07', 2018, 3, 9, 36, 7, 6),
('2018-09-08', 2018, 3, 9, 36, 8, 7),
('2018-09-09', 2018, 3, 9, 36, 9, 1),
('2018-09-10', 2018, 3, 9, 37, 10, 2),
('2018-09-11', 2018, 3, 9, 37, 11, 3),
('2018-09-12', 2018, 3, 9, 37, 12, 4),
('2018-09-13', 2018, 3, 9, 37, 13, 5),
('2018-09-14', 2018, 3, 9, 37, 14, 6),
('2018-09-15', 2018, 3, 9, 37, 15, 7),
('2018-09-16', 2018, 3, 9, 37, 16, 1),
('2018-09-17', 2018, 3, 9, 38, 17, 2),
('2018-09-18', 2018, 3, 9, 38, 18, 3),
('2018-09-19', 2018, 3, 9, 38, 19, 4),
('2018-09-20', 2018, 3, 9, 38, 20, 5),
('2018-09-21', 2018, 3, 9, 38, 21, 6),
('2018-09-22', 2018, 3, 9, 38, 22, 7),
('2018-09-23', 2018, 3, 9, 38, 23, 1),
('2018-09-24', 2018, 3, 9, 39, 24, 2),
('2018-09-25', 2018, 3, 9, 39, 25, 3),
('2018-09-26', 2018, 3, 9, 39, 26, 4),
('2018-09-27', 2018, 3, 9, 39, 27, 5),
('2018-09-28', 2018, 3, 9, 39, 28, 6),
('2018-09-29', 2018, 3, 9, 39, 29, 7),
('2018-09-30', 2018, 3, 9, 39, 30, 1),
('2018-10-01', 2018, 4, 10, 40, 1, 2),
('2018-10-02', 2018, 4, 10, 40, 2, 3),
('2018-10-03', 2018, 4, 10, 40, 3, 4),
('2018-10-04', 2018, 4, 10, 40, 4, 5),
('2018-10-05', 2018, 4, 10, 40, 5, 6),
('2018-10-06', 2018, 4, 10, 40, 6, 7),
('2018-10-07', 2018, 4, 10, 40, 7, 1),
('2018-10-08', 2018, 4, 10, 41, 8, 2),
('2018-10-09', 2018, 4, 10, 41, 9, 3),
('2018-10-10', 2018, 4, 10, 41, 10, 4),
('2018-10-11', 2018, 4, 10, 41, 11, 5),
('2018-10-12', 2018, 4, 10, 41, 12, 6),
('2018-10-13', 2018, 4, 10, 41, 13, 7),
('2018-10-14', 2018, 4, 10, 41, 14, 1),
('2018-10-15', 2018, 4, 10, 42, 15, 2),
('2018-10-16', 2018, 4, 10, 42, 16, 3),
('2018-10-17', 2018, 4, 10, 42, 17, 4),
('2018-10-18', 2018, 4, 10, 42, 18, 5),
('2018-10-19', 2018, 4, 10, 42, 19, 6),
('2018-10-20', 2018, 4, 10, 42, 20, 7),
('2018-10-21', 2018, 4, 10, 42, 21, 1),
('2018-10-22', 2018, 4, 10, 43, 22, 2),
('2018-10-23', 2018, 4, 10, 43, 23, 3),
('2018-10-24', 2018, 4, 10, 43, 24, 4),
('2018-10-25', 2018, 4, 10, 43, 25, 5),
('2018-10-26', 2018, 4, 10, 43, 26, 6),
('2018-10-27', 2018, 4, 10, 43, 27, 7),
('2018-10-28', 2018, 4, 10, 43, 28, 1),
('2018-10-29', 2018, 4, 10, 44, 29, 2),
('2018-10-30', 2018, 4, 10, 44, 30, 3),
('2018-10-31', 2018, 4, 10, 44, 31, 4),
('2018-11-01', 2018, 4, 11, 44, 1, 5),
('2018-11-02', 2018, 4, 11, 44, 2, 6),
('2018-11-03', 2018, 4, 11, 44, 3, 7),
('2018-11-04', 2018, 4, 11, 44, 4, 1),
('2018-11-05', 2018, 4, 11, 45, 5, 2),
('2018-11-06', 2018, 4, 11, 45, 6, 3),
('2018-11-07', 2018, 4, 11, 45, 7, 4),
('2018-11-08', 2018, 4, 11, 45, 8, 5),
('2018-11-09', 2018, 4, 11, 45, 9, 6),
('2018-11-10', 2018, 4, 11, 45, 10, 7),
('2018-11-11', 2018, 4, 11, 45, 11, 1),
('2018-11-12', 2018, 4, 11, 46, 12, 2),
('2018-11-13', 2018, 4, 11, 46, 13, 3),
('2018-11-14', 2018, 4, 11, 46, 14, 4),
('2018-11-15', 2018, 4, 11, 46, 15, 5),
('2018-11-16', 2018, 4, 11, 46, 16, 6),
('2018-11-17', 2018, 4, 11, 46, 17, 7),
('2018-11-18', 2018, 4, 11, 46, 18, 1),
('2018-11-19', 2018, 4, 11, 47, 19, 2),
('2018-11-20', 2018, 4, 11, 47, 20, 3),
('2018-11-21', 2018, 4, 11, 47, 21, 4),
('2018-11-22', 2018, 4, 11, 47, 22, 5),
('2018-11-23', 2018, 4, 11, 47, 23, 6),
('2018-11-24', 2018, 4, 11, 47, 24, 7),
('2018-11-25', 2018, 4, 11, 47, 25, 1),
('2018-11-26', 2018, 4, 11, 48, 26, 2),
('2018-11-27', 2018, 4, 11, 48, 27, 3),
('2018-11-28', 2018, 4, 11, 48, 28, 4),
('2018-11-29', 2018, 4, 11, 48, 29, 5),
('2018-11-30', 2018, 4, 11, 48, 30, 6),
('2018-12-01', 2018, 4, 12, 48, 1, 7),
('2018-12-02', 2018, 4, 12, 48, 2, 1),
('2018-12-03', 2018, 4, 12, 49, 3, 2),
('2018-12-04', 2018, 4, 12, 49, 4, 3),
('2018-12-05', 2018, 4, 12, 49, 5, 4),
('2018-12-06', 2018, 4, 12, 49, 6, 5),
('2018-12-07', 2018, 4, 12, 49, 7, 6),
('2018-12-08', 2018, 4, 12, 49, 8, 7),
('2018-12-09', 2018, 4, 12, 49, 9, 1),
('2018-12-10', 2018, 4, 12, 50, 10, 2),
('2018-12-11', 2018, 4, 12, 50, 11, 3),
('2018-12-12', 2018, 4, 12, 50, 12, 4),
('2018-12-13', 2018, 4, 12, 50, 13, 5),
('2018-12-14', 2018, 4, 12, 50, 14, 6),
('2018-12-15', 2018, 4, 12, 50, 15, 7),
('2018-12-16', 2018, 4, 12, 50, 16, 1),
('2018-12-17', 2018, 4, 12, 51, 17, 2),
('2018-12-18', 2018, 4, 12, 51, 18, 3),
('2018-12-19', 2018, 4, 12, 51, 19, 4),
('2018-12-20', 2018, 4, 12, 51, 20, 5),
('2018-12-21', 2018, 4, 12, 51, 21, 6),
('2018-12-22', 2018, 4, 12, 51, 22, 7),
('2018-12-23', 2018, 4, 12, 51, 23, 1),
('2018-12-24', 2018, 4, 12, 52, 24, 2),
('2018-12-25', 2018, 4, 12, 52, 25, 3),
('2018-12-26', 2018, 4, 12, 52, 26, 4),
('2018-12-27', 2018, 4, 12, 52, 27, 5),
('2018-12-28', 2018, 4, 12, 52, 28, 6),
('2018-12-29', 2018, 4, 12, 52, 29, 7),
('2018-12-30', 2018, 4, 12, 52, 30, 1),
('2018-12-31', 2018, 4, 12, 53, 31, 2),
('2019-01-01', 2019, 1, 1, 1, 1, 3),
('2019-01-02', 2019, 1, 1, 1, 2, 4),
('2019-01-03', 2019, 1, 1, 1, 3, 5),
('2019-01-04', 2019, 1, 1, 1, 4, 6),
('2019-01-05', 2019, 1, 1, 1, 5, 7),
('2019-01-06', 2019, 1, 1, 1, 6, 1),
('2019-01-07', 2019, 1, 1, 2, 7, 2),
('2019-01-08', 2019, 1, 1, 2, 8, 3),
('2019-01-09', 2019, 1, 1, 2, 9, 4),
('2019-01-10', 2019, 1, 1, 2, 10, 5),
('2019-01-11', 2019, 1, 1, 2, 11, 6),
('2019-01-12', 2019, 1, 1, 2, 12, 7),
('2019-01-13', 2019, 1, 1, 2, 13, 1),
('2019-01-14', 2019, 1, 1, 3, 14, 2),
('2019-01-15', 2019, 1, 1, 3, 15, 3),
('2019-01-16', 2019, 1, 1, 3, 16, 4),
('2019-01-17', 2019, 1, 1, 3, 17, 5),
('2019-01-18', 2019, 1, 1, 3, 18, 6),
('2019-01-19', 2019, 1, 1, 3, 19, 7),
('2019-01-20', 2019, 1, 1, 3, 20, 1),
('2019-01-21', 2019, 1, 1, 4, 21, 2),
('2019-01-22', 2019, 1, 1, 4, 22, 3),
('2019-01-23', 2019, 1, 1, 4, 23, 4),
('2019-01-24', 2019, 1, 1, 4, 24, 5),
('2019-01-25', 2019, 1, 1, 4, 25, 6),
('2019-01-26', 2019, 1, 1, 4, 26, 7),
('2019-01-27', 2019, 1, 1, 4, 27, 1),
('2019-01-28', 2019, 1, 1, 5, 28, 2),
('2019-01-29', 2019, 1, 1, 5, 29, 3),
('2019-01-30', 2019, 1, 1, 5, 30, 4),
('2019-01-31', 2019, 1, 1, 5, 31, 5),
('2019-02-01', 2019, 1, 2, 5, 1, 6),
('2019-02-02', 2019, 1, 2, 5, 2, 7),
('2019-02-03', 2019, 1, 2, 5, 3, 1),
('2019-02-04', 2019, 1, 2, 6, 4, 2),
('2019-02-05', 2019, 1, 2, 6, 5, 3),
('2019-02-06', 2019, 1, 2, 6, 6, 4),
('2019-02-07', 2019, 1, 2, 6, 7, 5),
('2019-02-08', 2019, 1, 2, 6, 8, 6),
('2019-02-09', 2019, 1, 2, 6, 9, 7),
('2019-02-10', 2019, 1, 2, 6, 10, 1),
('2019-02-11', 2019, 1, 2, 7, 11, 2),
('2019-02-12', 2019, 1, 2, 7, 12, 3),
('2019-02-13', 2019, 1, 2, 7, 13, 4),
('2019-02-14', 2019, 1, 2, 7, 14, 5),
('2019-02-15', 2019, 1, 2, 7, 15, 6),
('2019-02-16', 2019, 1, 2, 7, 16, 7),
('2019-02-17', 2019, 1, 2, 7, 17, 1),
('2019-02-18', 2019, 1, 2, 8, 18, 2),
('2019-02-19', 2019, 1, 2, 8, 19, 3),
('2019-02-20', 2019, 1, 2, 8, 20, 4),
('2019-02-21', 2019, 1, 2, 8, 21, 5),
('2019-02-22', 2019, 1, 2, 8, 22, 6),
('2019-02-23', 2019, 1, 2, 8, 23, 7),
('2019-02-24', 2019, 1, 2, 8, 24, 1),
('2019-02-25', 2019, 1, 2, 9, 25, 2),
('2019-02-26', 2019, 1, 2, 9, 26, 3),
('2019-02-27', 2019, 1, 2, 9, 27, 4),
('2019-02-28', 2019, 1, 2, 9, 28, 5),
('2019-03-01', 2019, 1, 3, 9, 1, 6),
('2019-03-02', 2019, 1, 3, 9, 2, 7),
('2019-03-03', 2019, 1, 3, 9, 3, 1),
('2019-03-04', 2019, 1, 3, 10, 4, 2),
('2019-03-05', 2019, 1, 3, 10, 5, 3),
('2019-03-06', 2019, 1, 3, 10, 6, 4),
('2019-03-07', 2019, 1, 3, 10, 7, 5),
('2019-03-08', 2019, 1, 3, 10, 8, 6),
('2019-03-09', 2019, 1, 3, 10, 9, 7),
('2019-03-10', 2019, 1, 3, 10, 10, 1),
('2019-03-11', 2019, 1, 3, 11, 11, 2),
('2019-03-12', 2019, 1, 3, 11, 12, 3),
('2019-03-13', 2019, 1, 3, 11, 13, 4),
('2019-03-14', 2019, 1, 3, 11, 14, 5),
('2019-03-15', 2019, 1, 3, 11, 15, 6),
('2019-03-16', 2019, 1, 3, 11, 16, 7),
('2019-03-17', 2019, 1, 3, 11, 17, 1),
('2019-03-18', 2019, 1, 3, 12, 18, 2),
('2019-03-19', 2019, 1, 3, 12, 19, 3),
('2019-03-20', 2019, 1, 3, 12, 20, 4),
('2019-03-21', 2019, 1, 3, 12, 21, 5),
('2019-03-22', 2019, 1, 3, 12, 22, 6),
('2019-03-23', 2019, 1, 3, 12, 23, 7),
('2019-03-24', 2019, 1, 3, 12, 24, 1),
('2019-03-25', 2019, 1, 3, 13, 25, 2),
('2019-03-26', 2019, 1, 3, 13, 26, 3),
('2019-03-27', 2019, 1, 3, 13, 27, 4),
('2019-03-28', 2019, 1, 3, 13, 28, 5),
('2019-03-29', 2019, 1, 3, 13, 29, 6),
('2019-03-30', 2019, 1, 3, 13, 30, 7),
('2019-03-31', 2019, 1, 3, 13, 31, 1),
('2019-04-01', 2019, 2, 4, 14, 1, 2),
('2019-04-02', 2019, 2, 4, 14, 2, 3),
('2019-04-03', 2019, 2, 4, 14, 3, 4),
('2019-04-04', 2019, 2, 4, 14, 4, 5),
('2019-04-05', 2019, 2, 4, 14, 5, 6),
('2019-04-06', 2019, 2, 4, 14, 6, 7),
('2019-04-07', 2019, 2, 4, 14, 7, 1),
('2019-04-08', 2019, 2, 4, 15, 8, 2),
('2019-04-09', 2019, 2, 4, 15, 9, 3),
('2019-04-10', 2019, 2, 4, 15, 10, 4),
('2019-04-11', 2019, 2, 4, 15, 11, 5),
('2019-04-12', 2019, 2, 4, 15, 12, 6),
('2019-04-13', 2019, 2, 4, 15, 13, 7),
('2019-04-14', 2019, 2, 4, 15, 14, 1),
('2019-04-15', 2019, 2, 4, 16, 15, 2),
('2019-04-16', 2019, 2, 4, 16, 16, 3),
('2019-04-17', 2019, 2, 4, 16, 17, 4),
('2019-04-18', 2019, 2, 4, 16, 18, 5),
('2019-04-19', 2019, 2, 4, 16, 19, 6),
('2019-04-20', 2019, 2, 4, 16, 20, 7),
('2019-04-21', 2019, 2, 4, 16, 21, 1),
('2019-04-22', 2019, 2, 4, 17, 22, 2),
('2019-04-23', 2019, 2, 4, 17, 23, 3),
('2019-04-24', 2019, 2, 4, 17, 24, 4),
('2019-04-25', 2019, 2, 4, 17, 25, 5),
('2019-04-26', 2019, 2, 4, 17, 26, 6),
('2019-04-27', 2019, 2, 4, 17, 27, 7),
('2019-04-28', 2019, 2, 4, 17, 28, 1),
('2019-04-29', 2019, 2, 4, 18, 29, 2),
('2019-04-30', 2019, 2, 4, 18, 30, 3),
('2019-05-01', 2019, 2, 5, 18, 1, 4),
('2019-05-02', 2019, 2, 5, 18, 2, 5),
('2019-05-03', 2019, 2, 5, 18, 3, 6),
('2019-05-04', 2019, 2, 5, 18, 4, 7),
('2019-05-05', 2019, 2, 5, 18, 5, 1),
('2019-05-06', 2019, 2, 5, 19, 6, 2),
('2019-05-07', 2019, 2, 5, 19, 7, 3),
('2019-05-08', 2019, 2, 5, 19, 8, 4),
('2019-05-09', 2019, 2, 5, 19, 9, 5),
('2019-05-10', 2019, 2, 5, 19, 10, 6),
('2019-05-11', 2019, 2, 5, 19, 11, 7),
('2019-05-12', 2019, 2, 5, 19, 12, 1),
('2019-05-13', 2019, 2, 5, 20, 13, 2),
('2019-05-14', 2019, 2, 5, 20, 14, 3),
('2019-05-15', 2019, 2, 5, 20, 15, 4),
('2019-05-16', 2019, 2, 5, 20, 16, 5),
('2019-05-17', 2019, 2, 5, 20, 17, 6),
('2019-05-18', 2019, 2, 5, 20, 18, 7),
('2019-05-19', 2019, 2, 5, 20, 19, 1),
('2019-05-20', 2019, 2, 5, 21, 20, 2),
('2019-05-21', 2019, 2, 5, 21, 21, 3),
('2019-05-22', 2019, 2, 5, 21, 22, 4),
('2019-05-23', 2019, 2, 5, 21, 23, 5),
('2019-05-24', 2019, 2, 5, 21, 24, 6),
('2019-05-25', 2019, 2, 5, 21, 25, 7),
('2019-05-26', 2019, 2, 5, 21, 26, 1),
('2019-05-27', 2019, 2, 5, 22, 27, 2),
('2019-05-28', 2019, 2, 5, 22, 28, 3),
('2019-05-29', 2019, 2, 5, 22, 29, 4),
('2019-05-30', 2019, 2, 5, 22, 30, 5),
('2019-05-31', 2019, 2, 5, 22, 31, 6),
('2019-06-01', 2019, 2, 6, 22, 1, 7),
('2019-06-02', 2019, 2, 6, 22, 2, 1),
('2019-06-03', 2019, 2, 6, 23, 3, 2),
('2019-06-04', 2019, 2, 6, 23, 4, 3);
INSERT INTO `dates` (`date_key`, `calendarYear`, `calendarQuarter`, `calendarMonthNo`, `calendarWeekNo`, `dayNumberOfMonth`, `dayNumberOfWeek`) VALUES
('2019-06-05', 2019, 2, 6, 23, 5, 4),
('2019-06-06', 2019, 2, 6, 23, 6, 5),
('2019-06-07', 2019, 2, 6, 23, 7, 6),
('2019-06-08', 2019, 2, 6, 23, 8, 7),
('2019-06-09', 2019, 2, 6, 23, 9, 1),
('2019-06-10', 2019, 2, 6, 24, 10, 2),
('2019-06-11', 2019, 2, 6, 24, 11, 3),
('2019-06-12', 2019, 2, 6, 24, 12, 4),
('2019-06-13', 2019, 2, 6, 24, 13, 5),
('2019-06-14', 2019, 2, 6, 24, 14, 6),
('2019-06-15', 2019, 2, 6, 24, 15, 7),
('2019-06-16', 2019, 2, 6, 24, 16, 1),
('2019-06-17', 2019, 2, 6, 25, 17, 2),
('2019-06-18', 2019, 2, 6, 25, 18, 3),
('2019-06-19', 2019, 2, 6, 25, 19, 4),
('2019-06-20', 2019, 2, 6, 25, 20, 5),
('2019-06-21', 2019, 2, 6, 25, 21, 6),
('2019-06-22', 2019, 2, 6, 25, 22, 7),
('2019-06-23', 2019, 2, 6, 25, 23, 1),
('2019-06-24', 2019, 2, 6, 26, 24, 2),
('2019-06-25', 2019, 2, 6, 26, 25, 3),
('2019-06-26', 2019, 2, 6, 26, 26, 4),
('2019-06-27', 2019, 2, 6, 26, 27, 5),
('2019-06-28', 2019, 2, 6, 26, 28, 6),
('2019-06-29', 2019, 2, 6, 26, 29, 7),
('2019-06-30', 2019, 2, 6, 26, 30, 1),
('2019-07-01', 2019, 3, 7, 27, 1, 2),
('2019-07-02', 2019, 3, 7, 27, 2, 3),
('2019-07-03', 2019, 3, 7, 27, 3, 4),
('2019-07-04', 2019, 3, 7, 27, 4, 5),
('2019-07-05', 2019, 3, 7, 27, 5, 6),
('2019-07-06', 2019, 3, 7, 27, 6, 7),
('2019-07-07', 2019, 3, 7, 27, 7, 1),
('2019-07-08', 2019, 3, 7, 28, 8, 2),
('2019-07-09', 2019, 3, 7, 28, 9, 3),
('2019-07-10', 2019, 3, 7, 28, 10, 4),
('2019-07-11', 2019, 3, 7, 28, 11, 5),
('2019-07-12', 2019, 3, 7, 28, 12, 6),
('2019-07-13', 2019, 3, 7, 28, 13, 7),
('2019-07-14', 2019, 3, 7, 28, 14, 1),
('2019-07-15', 2019, 3, 7, 29, 15, 2),
('2019-07-16', 2019, 3, 7, 29, 16, 3),
('2019-07-17', 2019, 3, 7, 29, 17, 4),
('2019-07-18', 2019, 3, 7, 29, 18, 5),
('2019-07-19', 2019, 3, 7, 29, 19, 6),
('2019-07-20', 2019, 3, 7, 29, 20, 7),
('2019-07-21', 2019, 3, 7, 29, 21, 1),
('2019-07-22', 2019, 3, 7, 30, 22, 2),
('2019-07-23', 2019, 3, 7, 30, 23, 3),
('2019-07-24', 2019, 3, 7, 30, 24, 4),
('2019-07-25', 2019, 3, 7, 30, 25, 5),
('2019-07-26', 2019, 3, 7, 30, 26, 6),
('2019-07-27', 2019, 3, 7, 30, 27, 7),
('2019-07-28', 2019, 3, 7, 30, 28, 1),
('2019-07-29', 2019, 3, 7, 31, 29, 2),
('2019-07-30', 2019, 3, 7, 31, 30, 3),
('2019-07-31', 2019, 3, 7, 31, 31, 4),
('2019-08-01', 2019, 3, 8, 31, 1, 5),
('2019-08-02', 2019, 3, 8, 31, 2, 6),
('2019-08-03', 2019, 3, 8, 31, 3, 7),
('2019-08-04', 2019, 3, 8, 31, 4, 1),
('2019-08-05', 2019, 3, 8, 32, 5, 2),
('2019-08-06', 2019, 3, 8, 32, 6, 3),
('2019-08-07', 2019, 3, 8, 32, 7, 4),
('2019-08-08', 2019, 3, 8, 32, 8, 5),
('2019-08-09', 2019, 3, 8, 32, 9, 6),
('2019-08-10', 2019, 3, 8, 32, 10, 7),
('2019-08-11', 2019, 3, 8, 32, 11, 1),
('2019-08-12', 2019, 3, 8, 33, 12, 2),
('2019-08-13', 2019, 3, 8, 33, 13, 3),
('2019-08-14', 2019, 3, 8, 33, 14, 4),
('2019-08-15', 2019, 3, 8, 33, 15, 5),
('2019-08-16', 2019, 3, 8, 33, 16, 6),
('2019-08-17', 2019, 3, 8, 33, 17, 7),
('2019-08-18', 2019, 3, 8, 33, 18, 1),
('2019-08-19', 2019, 3, 8, 34, 19, 2),
('2019-08-20', 2019, 3, 8, 34, 20, 3),
('2019-08-21', 2019, 3, 8, 34, 21, 4),
('2019-08-22', 2019, 3, 8, 34, 22, 5),
('2019-08-23', 2019, 3, 8, 34, 23, 6),
('2019-08-24', 2019, 3, 8, 34, 24, 7),
('2019-08-25', 2019, 3, 8, 34, 25, 1),
('2019-08-26', 2019, 3, 8, 35, 26, 2),
('2019-08-27', 2019, 3, 8, 35, 27, 3),
('2019-08-28', 2019, 3, 8, 35, 28, 4),
('2019-08-29', 2019, 3, 8, 35, 29, 5),
('2019-08-30', 2019, 3, 8, 35, 30, 6),
('2019-08-31', 2019, 3, 8, 35, 31, 7),
('2019-09-01', 2019, 3, 9, 35, 1, 1),
('2019-09-02', 2019, 3, 9, 36, 2, 2),
('2019-09-03', 2019, 3, 9, 36, 3, 3),
('2019-09-04', 2019, 3, 9, 36, 4, 4),
('2019-09-05', 2019, 3, 9, 36, 5, 5),
('2019-09-06', 2019, 3, 9, 36, 6, 6),
('2019-09-07', 2019, 3, 9, 36, 7, 7),
('2019-09-08', 2019, 3, 9, 36, 8, 1),
('2019-09-09', 2019, 3, 9, 37, 9, 2),
('2019-09-10', 2019, 3, 9, 37, 10, 3),
('2019-09-11', 2019, 3, 9, 37, 11, 4),
('2019-09-12', 2019, 3, 9, 37, 12, 5),
('2019-09-13', 2019, 3, 9, 37, 13, 6),
('2019-09-14', 2019, 3, 9, 37, 14, 7),
('2019-09-15', 2019, 3, 9, 37, 15, 1),
('2019-09-16', 2019, 3, 9, 38, 16, 2),
('2019-09-17', 2019, 3, 9, 38, 17, 3),
('2019-09-18', 2019, 3, 9, 38, 18, 4),
('2019-09-19', 2019, 3, 9, 38, 19, 5),
('2019-09-20', 2019, 3, 9, 38, 20, 6),
('2019-09-21', 2019, 3, 9, 38, 21, 7),
('2019-09-22', 2019, 3, 9, 38, 22, 1),
('2019-09-23', 2019, 3, 9, 39, 23, 2),
('2019-09-24', 2019, 3, 9, 39, 24, 3),
('2019-09-25', 2019, 3, 9, 39, 25, 4),
('2019-09-26', 2019, 3, 9, 39, 26, 5),
('2019-09-27', 2019, 3, 9, 39, 27, 6),
('2019-09-28', 2019, 3, 9, 39, 28, 7),
('2019-09-29', 2019, 3, 9, 39, 29, 1),
('2019-09-30', 2019, 3, 9, 40, 30, 2),
('2019-10-01', 2019, 4, 10, 40, 1, 3),
('2019-10-02', 2019, 4, 10, 40, 2, 4),
('2019-10-03', 2019, 4, 10, 40, 3, 5),
('2019-10-04', 2019, 4, 10, 40, 4, 6),
('2019-10-05', 2019, 4, 10, 40, 5, 7),
('2019-10-06', 2019, 4, 10, 40, 6, 1),
('2019-10-07', 2019, 4, 10, 41, 7, 2),
('2019-10-08', 2019, 4, 10, 41, 8, 3),
('2019-10-09', 2019, 4, 10, 41, 9, 4),
('2019-10-10', 2019, 4, 10, 41, 10, 5),
('2019-10-11', 2019, 4, 10, 41, 11, 6),
('2019-10-12', 2019, 4, 10, 41, 12, 7),
('2019-10-13', 2019, 4, 10, 41, 13, 1),
('2019-10-14', 2019, 4, 10, 42, 14, 2),
('2019-10-15', 2019, 4, 10, 42, 15, 3),
('2019-10-16', 2019, 4, 10, 42, 16, 4),
('2019-10-17', 2019, 4, 10, 42, 17, 5),
('2019-10-18', 2019, 4, 10, 42, 18, 6),
('2019-10-19', 2019, 4, 10, 42, 19, 7),
('2019-10-20', 2019, 4, 10, 42, 20, 1),
('2019-10-21', 2019, 4, 10, 43, 21, 2),
('2019-10-22', 2019, 4, 10, 43, 22, 3),
('2019-10-23', 2019, 4, 10, 43, 23, 4),
('2019-10-24', 2019, 4, 10, 43, 24, 5),
('2019-10-25', 2019, 4, 10, 43, 25, 6),
('2019-10-26', 2019, 4, 10, 43, 26, 7),
('2019-10-27', 2019, 4, 10, 43, 27, 1),
('2019-10-28', 2019, 4, 10, 44, 28, 2),
('2019-10-29', 2019, 4, 10, 44, 29, 3),
('2019-10-30', 2019, 4, 10, 44, 30, 4),
('2019-10-31', 2019, 4, 10, 44, 31, 5),
('2019-11-01', 2019, 4, 11, 44, 1, 6),
('2019-11-02', 2019, 4, 11, 44, 2, 7),
('2019-11-03', 2019, 4, 11, 44, 3, 1),
('2019-11-04', 2019, 4, 11, 45, 4, 2),
('2019-11-05', 2019, 4, 11, 45, 5, 3),
('2019-11-06', 2019, 4, 11, 45, 6, 4),
('2019-11-07', 2019, 4, 11, 45, 7, 5),
('2019-11-08', 2019, 4, 11, 45, 8, 6),
('2019-11-09', 2019, 4, 11, 45, 9, 7),
('2019-11-10', 2019, 4, 11, 45, 10, 1),
('2019-11-11', 2019, 4, 11, 46, 11, 2),
('2019-11-12', 2019, 4, 11, 46, 12, 3),
('2019-11-13', 2019, 4, 11, 46, 13, 4),
('2019-11-14', 2019, 4, 11, 46, 14, 5),
('2019-11-15', 2019, 4, 11, 46, 15, 6),
('2019-11-16', 2019, 4, 11, 46, 16, 7),
('2019-11-17', 2019, 4, 11, 46, 17, 1),
('2019-11-18', 2019, 4, 11, 47, 18, 2),
('2019-11-19', 2019, 4, 11, 47, 19, 3),
('2019-11-20', 2019, 4, 11, 47, 20, 4),
('2019-11-21', 2019, 4, 11, 47, 21, 5),
('2019-11-22', 2019, 4, 11, 47, 22, 6),
('2019-11-23', 2019, 4, 11, 47, 23, 7),
('2019-11-24', 2019, 4, 11, 47, 24, 1),
('2019-11-25', 2019, 4, 11, 48, 25, 2),
('2019-11-26', 2019, 4, 11, 48, 26, 3),
('2019-11-27', 2019, 4, 11, 48, 27, 4),
('2019-11-28', 2019, 4, 11, 48, 28, 5),
('2019-11-29', 2019, 4, 11, 48, 29, 6),
('2019-11-30', 2019, 4, 11, 48, 30, 7),
('2019-12-01', 2019, 4, 12, 48, 1, 1),
('2019-12-02', 2019, 4, 12, 49, 2, 2),
('2019-12-03', 2019, 4, 12, 49, 3, 3),
('2019-12-04', 2019, 4, 12, 49, 4, 4),
('2019-12-05', 2019, 4, 12, 49, 5, 5),
('2019-12-06', 2019, 4, 12, 49, 6, 6),
('2019-12-07', 2019, 4, 12, 49, 7, 7),
('2019-12-08', 2019, 4, 12, 49, 8, 1),
('2019-12-09', 2019, 4, 12, 50, 9, 2),
('2019-12-10', 2019, 4, 12, 50, 10, 3),
('2019-12-11', 2019, 4, 12, 50, 11, 4),
('2019-12-12', 2019, 4, 12, 50, 12, 5),
('2019-12-13', 2019, 4, 12, 50, 13, 6),
('2019-12-14', 2019, 4, 12, 50, 14, 7),
('2019-12-15', 2019, 4, 12, 50, 15, 1),
('2019-12-16', 2019, 4, 12, 51, 16, 2),
('2019-12-17', 2019, 4, 12, 51, 17, 3),
('2019-12-18', 2019, 4, 12, 51, 18, 4),
('2019-12-19', 2019, 4, 12, 51, 19, 5),
('2019-12-20', 2019, 4, 12, 51, 20, 6),
('2019-12-21', 2019, 4, 12, 51, 21, 7),
('2019-12-22', 2019, 4, 12, 51, 22, 1),
('2019-12-23', 2019, 4, 12, 52, 23, 2),
('2019-12-24', 2019, 4, 12, 52, 24, 3),
('2019-12-25', 2019, 4, 12, 52, 25, 4),
('2019-12-26', 2019, 4, 12, 52, 26, 5),
('2019-12-27', 2019, 4, 12, 52, 27, 6),
('2019-12-28', 2019, 4, 12, 52, 28, 7),
('2019-12-29', 2019, 4, 12, 52, 29, 1),
('2019-12-30', 2019, 4, 12, 53, 30, 2),
('2019-12-31', 2019, 4, 12, 53, 31, 3),
('2020-01-01', 2020, 1, 1, 1, 1, 4),
('2020-01-02', 2020, 1, 1, 1, 2, 5),
('2020-01-03', 2020, 1, 1, 1, 3, 6),
('2020-01-04', 2020, 1, 1, 1, 4, 7),
('2020-01-05', 2020, 1, 1, 1, 5, 1),
('2020-01-06', 2020, 1, 1, 2, 6, 2),
('2020-01-07', 2020, 1, 1, 2, 7, 3),
('2020-01-08', 2020, 1, 1, 2, 8, 4),
('2020-01-09', 2020, 1, 1, 2, 9, 5),
('2020-01-10', 2020, 1, 1, 2, 10, 6),
('2020-01-11', 2020, 1, 1, 2, 11, 7),
('2020-01-12', 2020, 1, 1, 2, 12, 1),
('2020-01-13', 2020, 1, 1, 3, 13, 2),
('2020-01-14', 2020, 1, 1, 3, 14, 3),
('2020-01-15', 2020, 1, 1, 3, 15, 4),
('2020-01-16', 2020, 1, 1, 3, 16, 5),
('2020-01-17', 2020, 1, 1, 3, 17, 6),
('2020-01-18', 2020, 1, 1, 3, 18, 7),
('2020-01-19', 2020, 1, 1, 3, 19, 1),
('2020-01-20', 2020, 1, 1, 4, 20, 2),
('2020-01-21', 2020, 1, 1, 4, 21, 3),
('2020-01-22', 2020, 1, 1, 4, 22, 4),
('2020-01-23', 2020, 1, 1, 4, 23, 5),
('2020-01-24', 2020, 1, 1, 4, 24, 6),
('2020-01-25', 2020, 1, 1, 4, 25, 7),
('2020-01-26', 2020, 1, 1, 4, 26, 1),
('2020-01-27', 2020, 1, 1, 5, 27, 2),
('2020-01-28', 2020, 1, 1, 5, 28, 3),
('2020-01-29', 2020, 1, 1, 5, 29, 4),
('2020-01-30', 2020, 1, 1, 5, 30, 5),
('2020-01-31', 2020, 1, 1, 5, 31, 6),
('2020-02-01', 2020, 1, 2, 5, 1, 7),
('2020-02-02', 2020, 1, 2, 5, 2, 1),
('2020-02-03', 2020, 1, 2, 6, 3, 2),
('2020-02-04', 2020, 1, 2, 6, 4, 3),
('2020-02-05', 2020, 1, 2, 6, 5, 4),
('2020-02-06', 2020, 1, 2, 6, 6, 5),
('2020-02-07', 2020, 1, 2, 6, 7, 6),
('2020-02-08', 2020, 1, 2, 6, 8, 7),
('2020-02-09', 2020, 1, 2, 6, 9, 1),
('2020-02-10', 2020, 1, 2, 7, 10, 2),
('2020-02-11', 2020, 1, 2, 7, 11, 3),
('2020-02-12', 2020, 1, 2, 7, 12, 4),
('2020-02-13', 2020, 1, 2, 7, 13, 5),
('2020-02-14', 2020, 1, 2, 7, 14, 6),
('2020-02-15', 2020, 1, 2, 7, 15, 7),
('2020-02-16', 2020, 1, 2, 7, 16, 1),
('2020-02-17', 2020, 1, 2, 8, 17, 2),
('2020-02-18', 2020, 1, 2, 8, 18, 3),
('2020-02-19', 2020, 1, 2, 8, 19, 4),
('2020-02-20', 2020, 1, 2, 8, 20, 5),
('2020-02-21', 2020, 1, 2, 8, 21, 6),
('2020-02-22', 2020, 1, 2, 8, 22, 7),
('2020-02-23', 2020, 1, 2, 8, 23, 1),
('2020-02-24', 2020, 1, 2, 9, 24, 2),
('2020-02-25', 2020, 1, 2, 9, 25, 3),
('2020-02-26', 2020, 1, 2, 9, 26, 4),
('2020-02-27', 2020, 1, 2, 9, 27, 5),
('2020-02-28', 2020, 1, 2, 9, 28, 6),
('2020-02-29', 2020, 1, 2, 9, 29, 7),
('2020-03-01', 2020, 1, 3, 9, 1, 1),
('2020-03-02', 2020, 1, 3, 10, 2, 2),
('2020-03-03', 2020, 1, 3, 10, 3, 3),
('2020-03-04', 2020, 1, 3, 10, 4, 4),
('2020-03-05', 2020, 1, 3, 10, 5, 5),
('2020-03-06', 2020, 1, 3, 10, 6, 6),
('2020-03-07', 2020, 1, 3, 10, 7, 7),
('2020-03-08', 2020, 1, 3, 10, 8, 1),
('2020-03-09', 2020, 1, 3, 11, 9, 2),
('2020-03-10', 2020, 1, 3, 11, 10, 3),
('2020-03-11', 2020, 1, 3, 11, 11, 4),
('2020-03-12', 2020, 1, 3, 11, 12, 5),
('2020-03-13', 2020, 1, 3, 11, 13, 6),
('2020-03-14', 2020, 1, 3, 11, 14, 7),
('2020-03-15', 2020, 1, 3, 11, 15, 1),
('2020-03-16', 2020, 1, 3, 12, 16, 2),
('2020-03-17', 2020, 1, 3, 12, 17, 3),
('2020-03-18', 2020, 1, 3, 12, 18, 4),
('2020-03-19', 2020, 1, 3, 12, 19, 5),
('2020-03-20', 2020, 1, 3, 12, 20, 6),
('2020-03-21', 2020, 1, 3, 12, 21, 7),
('2020-03-22', 2020, 1, 3, 12, 22, 1),
('2020-03-23', 2020, 1, 3, 13, 23, 2),
('2020-03-24', 2020, 1, 3, 13, 24, 3),
('2020-03-25', 2020, 1, 3, 13, 25, 4),
('2020-03-26', 2020, 1, 3, 13, 26, 5),
('2020-03-27', 2020, 1, 3, 13, 27, 6),
('2020-03-28', 2020, 1, 3, 13, 28, 7),
('2020-03-29', 2020, 1, 3, 13, 29, 1),
('2020-03-30', 2020, 1, 3, 14, 30, 2),
('2020-03-31', 2020, 1, 3, 14, 31, 3),
('2020-04-01', 2020, 2, 4, 14, 1, 4),
('2020-04-02', 2020, 2, 4, 14, 2, 5),
('2020-04-03', 2020, 2, 4, 14, 3, 6),
('2020-04-04', 2020, 2, 4, 14, 4, 7),
('2020-04-05', 2020, 2, 4, 14, 5, 1),
('2020-04-06', 2020, 2, 4, 15, 6, 2),
('2020-04-07', 2020, 2, 4, 15, 7, 3),
('2020-04-08', 2020, 2, 4, 15, 8, 4),
('2020-04-09', 2020, 2, 4, 15, 9, 5),
('2020-04-10', 2020, 2, 4, 15, 10, 6),
('2020-04-11', 2020, 2, 4, 15, 11, 7),
('2020-04-12', 2020, 2, 4, 15, 12, 1),
('2020-04-13', 2020, 2, 4, 16, 13, 2),
('2020-04-14', 2020, 2, 4, 16, 14, 3),
('2020-04-15', 2020, 2, 4, 16, 15, 4),
('2020-04-16', 2020, 2, 4, 16, 16, 5),
('2020-04-17', 2020, 2, 4, 16, 17, 6),
('2020-04-18', 2020, 2, 4, 16, 18, 7),
('2020-04-19', 2020, 2, 4, 16, 19, 1),
('2020-04-20', 2020, 2, 4, 17, 20, 2),
('2020-04-21', 2020, 2, 4, 17, 21, 3),
('2020-04-22', 2020, 2, 4, 17, 22, 4),
('2020-04-23', 2020, 2, 4, 17, 23, 5),
('2020-04-24', 2020, 2, 4, 17, 24, 6),
('2020-04-25', 2020, 2, 4, 17, 25, 7),
('2020-04-26', 2020, 2, 4, 17, 26, 1),
('2020-04-27', 2020, 2, 4, 18, 27, 2),
('2020-04-28', 2020, 2, 4, 18, 28, 3),
('2020-04-29', 2020, 2, 4, 18, 29, 4),
('2020-04-30', 2020, 2, 4, 18, 30, 5),
('2020-05-01', 2020, 2, 5, 18, 1, 6),
('2020-05-02', 2020, 2, 5, 18, 2, 7),
('2020-05-03', 2020, 2, 5, 18, 3, 1),
('2020-05-04', 2020, 2, 5, 19, 4, 2),
('2020-05-05', 2020, 2, 5, 19, 5, 3),
('2020-05-06', 2020, 2, 5, 19, 6, 4),
('2020-05-07', 2020, 2, 5, 19, 7, 5),
('2020-05-08', 2020, 2, 5, 19, 8, 6),
('2020-05-09', 2020, 2, 5, 19, 9, 7),
('2020-05-10', 2020, 2, 5, 19, 10, 1),
('2020-05-11', 2020, 2, 5, 20, 11, 2),
('2020-05-12', 2020, 2, 5, 20, 12, 3),
('2020-05-13', 2020, 2, 5, 20, 13, 4),
('2020-05-14', 2020, 2, 5, 20, 14, 5),
('2020-05-15', 2020, 2, 5, 20, 15, 6),
('2020-05-16', 2020, 2, 5, 20, 16, 7),
('2020-05-17', 2020, 2, 5, 20, 17, 1),
('2020-05-18', 2020, 2, 5, 21, 18, 2),
('2020-05-19', 2020, 2, 5, 21, 19, 3),
('2020-05-20', 2020, 2, 5, 21, 20, 4),
('2020-05-21', 2020, 2, 5, 21, 21, 5),
('2020-05-22', 2020, 2, 5, 21, 22, 6),
('2020-05-23', 2020, 2, 5, 21, 23, 7),
('2020-05-24', 2020, 2, 5, 21, 24, 1),
('2020-05-25', 2020, 2, 5, 22, 25, 2),
('2020-05-26', 2020, 2, 5, 22, 26, 3),
('2020-05-27', 2020, 2, 5, 22, 27, 4),
('2020-05-28', 2020, 2, 5, 22, 28, 5),
('2020-05-29', 2020, 2, 5, 22, 29, 6),
('2020-05-30', 2020, 2, 5, 22, 30, 7),
('2020-05-31', 2020, 2, 5, 22, 31, 1),
('2020-06-01', 2020, 2, 6, 23, 1, 2),
('2020-06-02', 2020, 2, 6, 23, 2, 3),
('2020-06-03', 2020, 2, 6, 23, 3, 4),
('2020-06-04', 2020, 2, 6, 23, 4, 5),
('2020-06-05', 2020, 2, 6, 23, 5, 6),
('2020-06-06', 2020, 2, 6, 23, 6, 7),
('2020-06-07', 2020, 2, 6, 23, 7, 1),
('2020-06-08', 2020, 2, 6, 24, 8, 2),
('2020-06-09', 2020, 2, 6, 24, 9, 3),
('2020-06-10', 2020, 2, 6, 24, 10, 4),
('2020-06-11', 2020, 2, 6, 24, 11, 5),
('2020-06-12', 2020, 2, 6, 24, 12, 6),
('2020-06-13', 2020, 2, 6, 24, 13, 7),
('2020-06-14', 2020, 2, 6, 24, 14, 1),
('2020-06-15', 2020, 2, 6, 25, 15, 2),
('2020-06-16', 2020, 2, 6, 25, 16, 3),
('2020-06-17', 2020, 2, 6, 25, 17, 4),
('2020-06-18', 2020, 2, 6, 25, 18, 5),
('2020-06-19', 2020, 2, 6, 25, 19, 6),
('2020-06-20', 2020, 2, 6, 25, 20, 7),
('2020-06-21', 2020, 2, 6, 25, 21, 1),
('2020-06-22', 2020, 2, 6, 26, 22, 2),
('2020-06-23', 2020, 2, 6, 26, 23, 3),
('2020-06-24', 2020, 2, 6, 26, 24, 4),
('2020-06-25', 2020, 2, 6, 26, 25, 5),
('2020-06-26', 2020, 2, 6, 26, 26, 6),
('2020-06-27', 2020, 2, 6, 26, 27, 7),
('2020-06-28', 2020, 2, 6, 26, 28, 1),
('2020-06-29', 2020, 2, 6, 27, 29, 2),
('2020-06-30', 2020, 2, 6, 27, 30, 3),
('2020-07-01', 2020, 3, 7, 27, 1, 4),
('2020-07-02', 2020, 3, 7, 27, 2, 5),
('2020-07-03', 2020, 3, 7, 27, 3, 6),
('2020-07-04', 2020, 3, 7, 27, 4, 7),
('2020-07-05', 2020, 3, 7, 27, 5, 1),
('2020-07-06', 2020, 3, 7, 28, 6, 2),
('2020-07-07', 2020, 3, 7, 28, 7, 3),
('2020-07-08', 2020, 3, 7, 28, 8, 4),
('2020-07-09', 2020, 3, 7, 28, 9, 5),
('2020-07-10', 2020, 3, 7, 28, 10, 6),
('2020-07-11', 2020, 3, 7, 28, 11, 7),
('2020-07-12', 2020, 3, 7, 28, 12, 1),
('2020-07-13', 2020, 3, 7, 29, 13, 2),
('2020-07-14', 2020, 3, 7, 29, 14, 3),
('2020-07-15', 2020, 3, 7, 29, 15, 4),
('2020-07-16', 2020, 3, 7, 29, 16, 5),
('2020-07-17', 2020, 3, 7, 29, 17, 6),
('2020-07-18', 2020, 3, 7, 29, 18, 7),
('2020-07-19', 2020, 3, 7, 29, 19, 1),
('2020-07-20', 2020, 3, 7, 30, 20, 2),
('2020-07-21', 2020, 3, 7, 30, 21, 3),
('2020-07-22', 2020, 3, 7, 30, 22, 4),
('2020-07-23', 2020, 3, 7, 30, 23, 5),
('2020-07-24', 2020, 3, 7, 30, 24, 6),
('2020-07-25', 2020, 3, 7, 30, 25, 7),
('2020-07-26', 2020, 3, 7, 30, 26, 1),
('2020-07-27', 2020, 3, 7, 31, 27, 2),
('2020-07-28', 2020, 3, 7, 31, 28, 3),
('2020-07-29', 2020, 3, 7, 31, 29, 4),
('2020-07-30', 2020, 3, 7, 31, 30, 5),
('2020-07-31', 2020, 3, 7, 31, 31, 6),
('2020-08-01', 2020, 3, 8, 31, 1, 7),
('2020-08-02', 2020, 3, 8, 31, 2, 1),
('2020-08-03', 2020, 3, 8, 32, 3, 2),
('2020-08-04', 2020, 3, 8, 32, 4, 3),
('2020-08-05', 2020, 3, 8, 32, 5, 4),
('2020-08-06', 2020, 3, 8, 32, 6, 5),
('2020-08-07', 2020, 3, 8, 32, 7, 6),
('2020-08-08', 2020, 3, 8, 32, 8, 7),
('2020-08-09', 2020, 3, 8, 32, 9, 1),
('2020-08-10', 2020, 3, 8, 33, 10, 2),
('2020-08-11', 2020, 3, 8, 33, 11, 3),
('2020-08-12', 2020, 3, 8, 33, 12, 4),
('2020-08-13', 2020, 3, 8, 33, 13, 5),
('2020-08-14', 2020, 3, 8, 33, 14, 6),
('2020-08-15', 2020, 3, 8, 33, 15, 7),
('2020-08-16', 2020, 3, 8, 33, 16, 1),
('2020-08-17', 2020, 3, 8, 34, 17, 2),
('2020-08-18', 2020, 3, 8, 34, 18, 3),
('2020-08-19', 2020, 3, 8, 34, 19, 4),
('2020-08-20', 2020, 3, 8, 34, 20, 5),
('2020-08-21', 2020, 3, 8, 34, 21, 6),
('2020-08-22', 2020, 3, 8, 34, 22, 7),
('2020-08-23', 2020, 3, 8, 34, 23, 1),
('2020-08-24', 2020, 3, 8, 35, 24, 2),
('2020-08-25', 2020, 3, 8, 35, 25, 3),
('2020-08-26', 2020, 3, 8, 35, 26, 4),
('2020-08-27', 2020, 3, 8, 35, 27, 5),
('2020-08-28', 2020, 3, 8, 35, 28, 6),
('2020-08-29', 2020, 3, 8, 35, 29, 7),
('2020-08-30', 2020, 3, 8, 35, 30, 1),
('2020-08-31', 2020, 3, 8, 36, 31, 2),
('2020-09-01', 2020, 3, 9, 36, 1, 3),
('2020-09-02', 2020, 3, 9, 36, 2, 4),
('2020-09-03', 2020, 3, 9, 36, 3, 5),
('2020-09-04', 2020, 3, 9, 36, 4, 6),
('2020-09-05', 2020, 3, 9, 36, 5, 7),
('2020-09-06', 2020, 3, 9, 36, 6, 1),
('2020-09-07', 2020, 3, 9, 37, 7, 2),
('2020-09-08', 2020, 3, 9, 37, 8, 3),
('2020-09-09', 2020, 3, 9, 37, 9, 4),
('2020-09-10', 2020, 3, 9, 37, 10, 5),
('2020-09-11', 2020, 3, 9, 37, 11, 6),
('2020-09-12', 2020, 3, 9, 37, 12, 7),
('2020-09-13', 2020, 3, 9, 37, 13, 1),
('2020-09-14', 2020, 3, 9, 38, 14, 2),
('2020-09-15', 2020, 3, 9, 38, 15, 3),
('2020-09-16', 2020, 3, 9, 38, 16, 4),
('2020-09-17', 2020, 3, 9, 38, 17, 5),
('2020-09-18', 2020, 3, 9, 38, 18, 6),
('2020-09-19', 2020, 3, 9, 38, 19, 7),
('2020-09-20', 2020, 3, 9, 38, 20, 1),
('2020-09-21', 2020, 3, 9, 39, 21, 2),
('2020-09-22', 2020, 3, 9, 39, 22, 3),
('2020-09-23', 2020, 3, 9, 39, 23, 4),
('2020-09-24', 2020, 3, 9, 39, 24, 5),
('2020-09-25', 2020, 3, 9, 39, 25, 6),
('2020-09-26', 2020, 3, 9, 39, 26, 7),
('2020-09-27', 2020, 3, 9, 39, 27, 1),
('2020-09-28', 2020, 3, 9, 40, 28, 2),
('2020-09-29', 2020, 3, 9, 40, 29, 3),
('2020-09-30', 2020, 3, 9, 40, 30, 4),
('2020-10-01', 2020, 4, 10, 40, 1, 5),
('2020-10-02', 2020, 4, 10, 40, 2, 6),
('2020-10-03', 2020, 4, 10, 40, 3, 7),
('2020-10-04', 2020, 4, 10, 40, 4, 1),
('2020-10-05', 2020, 4, 10, 41, 5, 2),
('2020-10-06', 2020, 4, 10, 41, 6, 3),
('2020-10-07', 2020, 4, 10, 41, 7, 4),
('2020-10-08', 2020, 4, 10, 41, 8, 5),
('2020-10-09', 2020, 4, 10, 41, 9, 6),
('2020-10-10', 2020, 4, 10, 41, 10, 7),
('2020-10-11', 2020, 4, 10, 41, 11, 1),
('2020-10-12', 2020, 4, 10, 42, 12, 2),
('2020-10-13', 2020, 4, 10, 42, 13, 3),
('2020-10-14', 2020, 4, 10, 42, 14, 4),
('2020-10-15', 2020, 4, 10, 42, 15, 5),
('2020-10-16', 2020, 4, 10, 42, 16, 6),
('2020-10-17', 2020, 4, 10, 42, 17, 7),
('2020-10-18', 2020, 4, 10, 42, 18, 1),
('2020-10-19', 2020, 4, 10, 43, 19, 2),
('2020-10-20', 2020, 4, 10, 43, 20, 3),
('2020-10-21', 2020, 4, 10, 43, 21, 4),
('2020-10-22', 2020, 4, 10, 43, 22, 5),
('2020-10-23', 2020, 4, 10, 43, 23, 6),
('2020-10-24', 2020, 4, 10, 43, 24, 7),
('2020-10-25', 2020, 4, 10, 43, 25, 1),
('2020-10-26', 2020, 4, 10, 44, 26, 2),
('2020-10-27', 2020, 4, 10, 44, 27, 3),
('2020-10-28', 2020, 4, 10, 44, 28, 4),
('2020-10-29', 2020, 4, 10, 44, 29, 5),
('2020-10-30', 2020, 4, 10, 44, 30, 6),
('2020-10-31', 2020, 4, 10, 44, 31, 7),
('2020-11-01', 2020, 4, 11, 44, 1, 1),
('2020-11-02', 2020, 4, 11, 45, 2, 2),
('2020-11-03', 2020, 4, 11, 45, 3, 3),
('2020-11-04', 2020, 4, 11, 45, 4, 4),
('2020-11-05', 2020, 4, 11, 45, 5, 5),
('2020-11-06', 2020, 4, 11, 45, 6, 6),
('2020-11-07', 2020, 4, 11, 45, 7, 7),
('2020-11-08', 2020, 4, 11, 45, 8, 1),
('2020-11-09', 2020, 4, 11, 46, 9, 2),
('2020-11-10', 2020, 4, 11, 46, 10, 3),
('2020-11-11', 2020, 4, 11, 46, 11, 4),
('2020-11-12', 2020, 4, 11, 46, 12, 5),
('2020-11-13', 2020, 4, 11, 46, 13, 6),
('2020-11-14', 2020, 4, 11, 46, 14, 7),
('2020-11-15', 2020, 4, 11, 46, 15, 1),
('2020-11-16', 2020, 4, 11, 47, 16, 2),
('2020-11-17', 2020, 4, 11, 47, 17, 3),
('2020-11-18', 2020, 4, 11, 47, 18, 4),
('2020-11-19', 2020, 4, 11, 47, 19, 5),
('2020-11-20', 2020, 4, 11, 47, 20, 6),
('2020-11-21', 2020, 4, 11, 47, 21, 7),
('2020-11-22', 2020, 4, 11, 47, 22, 1),
('2020-11-23', 2020, 4, 11, 48, 23, 2),
('2020-11-24', 2020, 4, 11, 48, 24, 3),
('2020-11-25', 2020, 4, 11, 48, 25, 4),
('2020-11-26', 2020, 4, 11, 48, 26, 5),
('2020-11-27', 2020, 4, 11, 48, 27, 6),
('2020-11-28', 2020, 4, 11, 48, 28, 7),
('2020-11-29', 2020, 4, 11, 48, 29, 1),
('2020-11-30', 2020, 4, 11, 49, 30, 2),
('2020-12-01', 2020, 4, 12, 49, 1, 3),
('2020-12-02', 2020, 4, 12, 49, 2, 4),
('2020-12-03', 2020, 4, 12, 49, 3, 5),
('2020-12-04', 2020, 4, 12, 49, 4, 6),
('2020-12-05', 2020, 4, 12, 49, 5, 7),
('2020-12-06', 2020, 4, 12, 49, 6, 1),
('2020-12-07', 2020, 4, 12, 50, 7, 2),
('2020-12-08', 2020, 4, 12, 50, 8, 3),
('2020-12-09', 2020, 4, 12, 50, 9, 4),
('2020-12-10', 2020, 4, 12, 50, 10, 5),
('2020-12-11', 2020, 4, 12, 50, 11, 6),
('2020-12-12', 2020, 4, 12, 50, 12, 7),
('2020-12-13', 2020, 4, 12, 50, 13, 1),
('2020-12-14', 2020, 4, 12, 51, 14, 2),
('2020-12-15', 2020, 4, 12, 51, 15, 3),
('2020-12-16', 2020, 4, 12, 51, 16, 4),
('2020-12-17', 2020, 4, 12, 51, 17, 5),
('2020-12-18', 2020, 4, 12, 51, 18, 6),
('2020-12-19', 2020, 4, 12, 51, 19, 7),
('2020-12-20', 2020, 4, 12, 51, 20, 1),
('2020-12-21', 2020, 4, 12, 52, 21, 2),
('2020-12-22', 2020, 4, 12, 52, 22, 3),
('2020-12-23', 2020, 4, 12, 52, 23, 4),
('2020-12-24', 2020, 4, 12, 52, 24, 5),
('2020-12-25', 2020, 4, 12, 52, 25, 6),
('2020-12-26', 2020, 4, 12, 52, 26, 7),
('2020-12-27', 2020, 4, 12, 52, 27, 1),
('2020-12-28', 2020, 4, 12, 53, 28, 2),
('2020-12-29', 2020, 4, 12, 53, 29, 3),
('2020-12-30', 2020, 4, 12, 53, 30, 4),
('2020-12-31', 2020, 4, 12, 53, 31, 5);

-- --------------------------------------------------------

--
-- Stand-in structure for view `engineer`
--
CREATE TABLE IF NOT EXISTS `engineer` (
`case_id` varchar(15)
,`user_name` varchar(45)
);
-- --------------------------------------------------------

--
-- Table structure for table `events`
--

CREATE TABLE IF NOT EXISTS `events` (
  `id` int(11) NOT NULL AUTO_INCREMENT,
  `owner` varchar(50) COLLATE latin1_general_ci DEFAULT NULL,
  `title` varchar(255) COLLATE latin1_general_ci DEFAULT NULL,
  `begin` datetime DEFAULT NULL,
  `end` datetime DEFAULT NULL,
  `description` text COLLATE latin1_general_ci,
  `allday` varchar(10) COLLATE latin1_general_ci DEFAULT NULL,
  PRIMARY KEY (`id`)
) ENGINE=InnoDB  DEFAULT CHARSET=latin1 COLLATE=latin1_general_ci AUTO_INCREMENT=6 ;

--
-- Dumping data for table `events`
--

INSERT INTO `events` (`id`, `owner`, `title`, `begin`, `end`, `description`, `allday`) VALUES
(5, 'UPSI01', 'Preventive Maintenance Q1', '2014-04-30 00:00:00', '0000-00-00 00:00:00', NULL, 'true');

-- --------------------------------------------------------

--
-- Table structure for table `evidence`
--

CREATE TABLE IF NOT EXISTS `evidence` (
  `id` int(11) NOT NULL AUTO_INCREMENT,
  `case_id` varchar(50) COLLATE latin1_general_ci DEFAULT NULL,
  `name` varchar(100) COLLATE latin1_general_ci DEFAULT NULL,
  `size` varchar(100) COLLATE latin1_general_ci DEFAULT NULL,
  PRIMARY KEY (`id`)
) ENGINE=InnoDB  DEFAULT CHARSET=latin1 COLLATE=latin1_general_ci AUTO_INCREMENT=6 ;

--
-- Dumping data for table `evidence`
--

INSERT INTO `evidence` (`id`, `case_id`, `name`, `size`) VALUES
(1, 'UTM010070314', 'Jellyfish.jpg', '775702'),
(2, 'UTM010070314', 'hhh.txt', '0'),
(3, 'UTM010010414', 'exadata025.jpg', '165697'),
(4, 'UPSI020010614', 'Untitled3.png', '232910'),
(5, 'UPSI020010614', 'solved1.png', '214402');

-- --------------------------------------------------------

--
-- Table structure for table `inbox`
--

CREATE TABLE IF NOT EXISTS `inbox` (
  `id` int(11) NOT NULL AUTO_INCREMENT,
  `user_id` varchar(50) COLLATE latin1_general_ci DEFAULT NULL,
  `msg` text COLLATE latin1_general_ci,
  `date` datetime DEFAULT NULL,
  `seen` char(1) COLLATE latin1_general_ci DEFAULT 'N',
  PRIMARY KEY (`id`)
) ENGINE=InnoDB DEFAULT CHARSET=latin1 COLLATE=latin1_general_ci AUTO_INCREMENT=1 ;

-- --------------------------------------------------------

--
-- Table structure for table `inventory`
--

CREATE TABLE IF NOT EXISTS `inventory` (
  `id` int(11) NOT NULL AUTO_INCREMENT,
  `sn` varchar(45) COLLATE latin1_general_ci NOT NULL,
  `client_code` varchar(20) COLLATE latin1_general_ci DEFAULT NULL,
  `project_code` varchar(20) COLLATE latin1_general_ci DEFAULT NULL,
  `product_id` int(11) DEFAULT NULL,
  `asset_no` varchar(45) COLLATE latin1_general_ci DEFAULT NULL,
  `spec` text COLLATE latin1_general_ci NOT NULL,
  `batchid` varchar(45) COLLATE latin1_general_ci DEFAULT NULL,
  `principal_id` varchar(45) COLLATE latin1_general_ci DEFAULT NULL,
  `startdate` date DEFAULT NULL,
  `enddate` date DEFAULT NULL,
  `SLA` varchar(50) COLLATE latin1_general_ci DEFAULT NULL,
  PRIMARY KEY (`sn`),
  UNIQUE KEY `id` (`id`),
  KEY `fk_inventory_project1` (`project_code`),
  KEY `fk_inventory_product1` (`product_id`)
) ENGINE=InnoDB  DEFAULT CHARSET=latin1 COLLATE=latin1_general_ci AUTO_INCREMENT=163 ;

--
-- Dumping data for table `inventory`
--

INSERT INTO `inventory` (`id`, `sn`, `client_code`, `project_code`, `product_id`, `asset_no`, `spec`, `batchid`, `principal_id`, `startdate`, `enddate`, `SLA`) VALUES
(67, '0409AD21AC', 'JHEV', 'JHEV02', 109, NULL, '', NULL, NULL, NULL, NULL, NULL),
(89, '0413AM022C', 'UPSI', 'UPSI02', 127, NULL, '', NULL, NULL, NULL, NULL, NULL),
(91, '0425KA0106', 'UPSI', 'UPSI02', 129, NULL, '', NULL, NULL, NULL, NULL, NULL),
(66, '0437AM0037', 'JHEV', 'JHEV02', 108, NULL, '', NULL, NULL, NULL, NULL, NULL),
(92, '0607FU204E', 'UPSI', 'UPSI02', 130, NULL, '', NULL, NULL, NULL, NULL, NULL),
(118, '0617A00291', 'UPSI', 'UPSI02', 150, NULL, '', NULL, NULL, NULL, NULL, NULL),
(117, '0617A00335', 'UPSI', 'UPSI02', 150, NULL, '', NULL, NULL, NULL, NULL, NULL),
(93, '061909CD0C', 'UPSI', 'UPSI02', 131, NULL, '', NULL, NULL, NULL, NULL, NULL),
(19, '061F0CP', 'MOE', 'MOE01', 57, NULL, '', NULL, NULL, NULL, NULL, NULL),
(18, '061F0DP', 'MOE', 'MOE01', 57, NULL, '', NULL, NULL, NULL, NULL, NULL),
(112, '0717AM0226', 'UPSI', 'UPSI02', 135, NULL, '', NULL, NULL, NULL, NULL, NULL),
(94, '0746AMT029', 'UPSI', 'UPSI02', 132, NULL, '', NULL, NULL, NULL, NULL, NULL),
(107, '0816QAW0E0', 'UPSI', 'UPSI02', 143, NULL, '', NULL, NULL, NULL, NULL, NULL),
(97, '0817BD21A7', 'UPSI', 'UPSI02', 135, NULL, '', NULL, NULL, NULL, NULL, NULL),
(98, '08250BB6FD', 'UPSI', 'UPSI02', 136, NULL, '', NULL, NULL, NULL, NULL, NULL),
(96, '0826AM0211', 'UPSI', 'UPSI02', 134, NULL, '', NULL, NULL, NULL, NULL, NULL),
(145, '08388P00AC', 'UPSI', 'UPSI02', 153, NULL, '', NULL, NULL, NULL, NULL, NULL),
(162, '0851AMR126', 'UTM', 'UTM01', 162, NULL, '', NULL, NULL, NULL, NULL, NULL),
(109, '0904QAW089', 'UPSI', 'UPSI02', 143, NULL, '', NULL, NULL, NULL, NULL, NULL),
(108, '0904QAW08C', 'UPSI', 'UPSI02', 143, NULL, '', NULL, NULL, NULL, NULL, NULL),
(104, '0919BD1593', 'UPSI', 'UPSI02', 142, NULL, '', NULL, NULL, NULL, NULL, NULL),
(154, '0919YC10AE', 'UPSI', 'UPSI02', 156, NULL, '', NULL, NULL, NULL, NULL, NULL),
(111, '0932QAF011', 'UPSI', 'UPSI02', 144, NULL, '', NULL, NULL, NULL, NULL, NULL),
(113, '0934QAKB83', 'UPSI', 'UPSI02', 145, NULL, '', NULL, NULL, NULL, NULL, NULL),
(105, '0937QAW00E', 'UPSI', 'UPSI02', 143, NULL, '', NULL, NULL, NULL, NULL, NULL),
(110, '0937QAW00F', 'UPSI', 'UPSI02', 143, NULL, '', NULL, NULL, NULL, NULL, NULL),
(106, '0937QAW011', 'UPSI', 'UPSI02', 143, NULL, '', NULL, NULL, NULL, NULL, NULL),
(159, '0939QAS041', 'UTM', 'UTM01', 159, NULL, 'Central maintenance contract', NULL, NULL, NULL, NULL, NULL),
(161, '0942BE66E0', 'SPA', 'SPA01', 161, NULL, '', NULL, NULL, NULL, NULL, NULL),
(138, '1002TFR09D', 'UPSI', 'UPSI02', 152, NULL, '', NULL, NULL, NULL, NULL, NULL),
(151, '1006BD1B73', 'UPSI', 'UPSI02', 142, NULL, '', NULL, NULL, NULL, NULL, NULL),
(150, '1006BD1B74', 'UPSI', 'UPSI02', 142, NULL, '', NULL, NULL, NULL, NULL, NULL),
(153, '1006YC17EB', 'UPSI', 'UPSI02', 156, NULL, '', NULL, NULL, NULL, NULL, NULL),
(152, '1006YC17F6', 'UPSI', 'UPSI02', 156, NULL, '', NULL, NULL, NULL, NULL, NULL),
(139, '1010FM103J', 'UPSI', 'UPSI02', 152, NULL, '', NULL, NULL, NULL, NULL, NULL),
(137, '1010FM103K', 'UPSI', 'UPSI02', 152, NULL, '', NULL, NULL, NULL, NULL, NULL),
(136, '1010FM103L', 'UPSI', 'UPSI02', 152, NULL, '', NULL, NULL, NULL, NULL, NULL),
(142, '1010FM103M', 'UPSI', 'UPSI02', 152, NULL, '', NULL, NULL, NULL, NULL, NULL),
(143, '1010FM103N', 'UPSI', 'UPSI02', 152, NULL, '', NULL, NULL, NULL, NULL, NULL),
(140, '1010FM103P', 'UPSI', 'UPSI02', 152, NULL, '', NULL, NULL, NULL, NULL, NULL),
(141, '1010FM103R', 'UPSI', 'UPSI02', 152, NULL, '', NULL, NULL, NULL, NULL, NULL),
(125, '1010FM103V', 'UPSI', 'UPSI02', 152, NULL, '', NULL, NULL, NULL, NULL, NULL),
(134, '1010FM103X', 'UPSI', 'UPSI02', 152, NULL, '', NULL, NULL, NULL, NULL, NULL),
(130, '1010FM103Y', 'UPSI', 'UPSI02', 152, NULL, '', NULL, NULL, NULL, NULL, NULL),
(127, '1010FM1040', 'UPSI', 'UPSI02', 152, NULL, '', NULL, NULL, NULL, NULL, NULL),
(126, '1010FM1041', 'UPSI', 'UPSI02', 152, NULL, '', NULL, NULL, NULL, NULL, NULL),
(132, '1010FM1042', 'UPSI', 'UPSI02', 152, NULL, '', NULL, NULL, NULL, NULL, NULL),
(131, '1010FM1043', 'UPSI', 'UPSI02', 152, NULL, '', NULL, NULL, NULL, NULL, NULL),
(133, '1010FM1044', 'UPSI', 'UPSI02', 152, NULL, '', NULL, NULL, NULL, NULL, NULL),
(129, '1010FM1045', 'UPSI', 'UPSI02', 152, NULL, '', NULL, NULL, NULL, NULL, NULL),
(103, '1023XF50E8', 'UPSI', 'UPSI02', 141, NULL, '', NULL, NULL, NULL, NULL, NULL),
(102, '1023XFF050', 'UPSI', 'UPSI02', 140, NULL, '', NULL, NULL, NULL, NULL, NULL),
(128, '1042FM1031', 'UPSI', 'UPSI02', 152, NULL, '', NULL, NULL, NULL, NULL, NULL),
(47, '108571K', 'MOE', 'MOE01', 87, NULL, '', NULL, NULL, NULL, NULL, NULL),
(48, '108593X', 'MOE', 'MOE01', 88, NULL, '', NULL, NULL, NULL, NULL, NULL),
(46, '108657N', 'MOE', 'MOE01', 86, NULL, '', NULL, NULL, NULL, NULL, NULL),
(45, '1086769', 'MOE', 'MOE01', 85, NULL, '', NULL, NULL, NULL, NULL, NULL),
(135, '1133FMN006', 'UPSI', 'UPSI02', 152, NULL, '', NULL, NULL, NULL, NULL, NULL),
(144, '1133FMN007', 'UPSI', 'UPSI02', 152, NULL, '', NULL, NULL, NULL, NULL, NULL),
(57, '13D03WK', 'PPUM', 'PPUM01', 99, NULL, '', NULL, NULL, NULL, NULL, NULL),
(64, '13D03WN', 'PPUM', 'PPUM01', 106, NULL, '', NULL, NULL, NULL, NULL, NULL),
(58, '13D03WT', 'PPUM', 'PPUM01', 100, NULL, '', NULL, NULL, NULL, NULL, NULL),
(55, '13D04NK', 'PPUM', 'PPUM01', 97, NULL, '', NULL, NULL, NULL, NULL, NULL),
(5, '1RK922S', 'UMP', 'UMP01', 28, NULL, '', NULL, NULL, NULL, NULL, NULL),
(14, '230V0167', 'UMP', 'UMP01', 37, NULL, '', NULL, NULL, NULL, NULL, NULL),
(15, '2F1V0004', 'UMP', 'UMP01', 38, NULL, '', NULL, NULL, NULL, NULL, NULL),
(6, '2RK922S', 'UMP', 'UMP01', 29, NULL, '', NULL, NULL, NULL, NULL, NULL),
(12, '3CL951R608', 'UMP', 'UMP01', 35, NULL, '', NULL, NULL, NULL, NULL, NULL),
(160, '75GYDTA', 'Maxis', 'Maxis01', 160, NULL, '', NULL, NULL, NULL, NULL, NULL),
(49, '75NC370', 'SSCS', 'SSCS01', 91, NULL, '', NULL, NULL, NULL, NULL, NULL),
(157, '75NC371', 'Maxis', 'Maxis01', 157, NULL, '', NULL, NULL, NULL, NULL, NULL),
(25, '7802593', 'MOE', 'MOE01', 64, NULL, '', NULL, NULL, NULL, NULL, NULL),
(26, '7802651', 'MOE', 'MOE01', 65, NULL, '', NULL, NULL, NULL, NULL, NULL),
(158, '7803218', 'Maxis', 'Maxis01', 158, NULL, '', NULL, NULL, NULL, NULL, NULL),
(84, '7803245', 'Maxis', 'Maxis01', 122, NULL, '2 TB XIV (SG. BESI)', NULL, NULL, NULL, NULL, NULL),
(27, '7814150', 'MOE', 'MOE01', 66, NULL, '', NULL, NULL, NULL, NULL, NULL),
(85, '78K0FHB', 'Maxis', 'Maxis01', 123, NULL, 'DS5300 (SG.BESI)', NULL, NULL, NULL, NULL, NULL),
(51, '78K0RXK', 'PPUM', 'PPUM01', 93, NULL, '', NULL, NULL, NULL, NULL, NULL),
(52, '78K0RXP', 'PPUM', 'PPUM01', 94, NULL, '', NULL, NULL, NULL, NULL, NULL),
(53, '78K0RXW', 'PPUM', 'PPUM01', 95, NULL, '', NULL, NULL, NULL, NULL, NULL),
(50, '78K0RY8', 'PPUM', 'PPUM01', 92, NULL, '', NULL, NULL, NULL, NULL, NULL),
(54, '78K0RZC', 'PPUM', 'PPUM01', 96, NULL, '', NULL, NULL, NULL, NULL, NULL),
(78, '78K0WD0', 'JHEV', 'JHEV01', 120, NULL, '', NULL, NULL, NULL, NULL, NULL),
(56, '78K13K5', 'PPUM', 'PPUM01', 98, NULL, '', NULL, NULL, NULL, NULL, NULL),
(60, '78K13K6', 'PPUM', 'PPUM01', 102, NULL, '', NULL, NULL, NULL, NULL, NULL),
(62, '78K13KB', 'PPUM', 'PPUM01', 104, NULL, '', NULL, NULL, NULL, NULL, NULL),
(63, '78K13KC', 'PPUM', 'PPUM01', 105, NULL, '', NULL, NULL, NULL, NULL, NULL),
(61, '78K13KR', 'PPUM', 'PPUM01', 103, NULL, '', NULL, NULL, NULL, NULL, NULL),
(59, '78K13KT', 'PPUM', 'PPUM01', 101, NULL, '', NULL, NULL, NULL, NULL, NULL),
(24, '99B0277', 'MOE', 'MOE01', 63, NULL, '', NULL, NULL, NULL, NULL, NULL),
(22, '99B0326', 'MOE', 'MOE01', 62, NULL, '', NULL, NULL, NULL, NULL, NULL),
(23, '99B0357', 'MOE', 'MOE01', 62, NULL, '', NULL, NULL, NULL, NULL, NULL),
(75, '99B0405', 'JHEV', 'JHEV01', 117, NULL, '', NULL, NULL, NULL, NULL, NULL),
(68, '99B0406', 'JHEV', 'JHEV01', 110, NULL, '', NULL, NULL, NULL, NULL, NULL),
(76, '99B0407', 'JHEV', 'JHEV01', 118, NULL, '', NULL, NULL, NULL, NULL, NULL),
(77, '99B0408', 'JHEV', 'JHEV01', 119, NULL, '', NULL, NULL, NULL, NULL, NULL),
(21, '99B0418', 'MOE', 'MOE01', 60, NULL, '', NULL, NULL, NULL, NULL, NULL),
(20, '99B0420', 'MOE', 'MOE01', 59, NULL, '', NULL, NULL, NULL, NULL, NULL),
(73, '99B9839', 'JHEV', 'JHEV01', 115, NULL, '', NULL, NULL, NULL, NULL, NULL),
(72, '99C0879', 'JHEV', 'JHEV01', 114, NULL, '', NULL, NULL, NULL, NULL, NULL),
(74, '99C0883', 'JHEV', 'JHEV01', 116, NULL, '', NULL, NULL, NULL, NULL, NULL),
(70, '99C7031', 'JHEV', 'JHEV01', 112, NULL, '', NULL, NULL, NULL, NULL, NULL),
(71, '99H2351', 'JHEV', 'JHEV01', 113, NULL, '', NULL, NULL, NULL, NULL, NULL),
(69, '99H2352', 'JHEV', 'JHEV01', 111, NULL, '', NULL, NULL, NULL, NULL, NULL),
(33, '99P1825', 'MOE', 'MOE01', 73, NULL, '', NULL, NULL, NULL, NULL, NULL),
(35, '99P4373', 'MOE', 'MOE01', 75, NULL, '', NULL, NULL, NULL, NULL, NULL),
(36, '99P4375', 'MOE', 'MOE01', 76, NULL, '', NULL, NULL, NULL, NULL, NULL),
(38, '99P4699', 'MOE', 'MOE01', 78, NULL, '', NULL, NULL, NULL, NULL, NULL),
(32, '99P4700', 'MOE', 'MOE01', 72, NULL, '', NULL, NULL, NULL, NULL, NULL),
(30, '99P4710', 'MOE', 'MOE01', 70, NULL, '', NULL, NULL, NULL, NULL, NULL),
(34, '99P4712', 'MOE', 'MOE01', 74, NULL, '', NULL, NULL, NULL, NULL, NULL),
(29, '99P4714', 'MOE', 'MOE01', 69, NULL, '', NULL, NULL, NULL, NULL, NULL),
(37, '99P4715', 'MOE', 'MOE01', 77, NULL, '', NULL, NULL, NULL, NULL, NULL),
(31, '99P5187', 'MOE', 'MOE01', 71, NULL, '', NULL, NULL, NULL, NULL, NULL),
(43, '99P5898', 'MOE', 'MOE01', 83, NULL, '', NULL, NULL, NULL, NULL, NULL),
(42, '99P5899', 'MOE', 'MOE01', 82, NULL, '', NULL, NULL, NULL, NULL, NULL),
(44, '99P5900', 'MOE', 'MOE01', 84, NULL, '', NULL, NULL, NULL, NULL, NULL),
(40, '99P5901', 'MOE', 'MOE01', 80, NULL, '', NULL, NULL, NULL, NULL, NULL),
(39, '99P5903', 'MOE', 'MOE01', 79, NULL, '', NULL, NULL, NULL, NULL, NULL),
(41, '99P5958', 'MOE', 'MOE01', 81, NULL, '', NULL, NULL, NULL, NULL, NULL),
(147, 'AJL0640E02X', 'UPSI', 'UPSI02', 155, NULL, '', NULL, NULL, NULL, NULL, NULL),
(148, 'ALJ0640E02W', 'UPSI', 'UPSI02', 155, NULL, '', NULL, NULL, NULL, NULL, NULL),
(115, 'AZSW4030807', 'UPSI', 'UPSI02', 147, NULL, '', NULL, NULL, NULL, NULL, NULL),
(149, 'BDL10165AD', 'UPSI', 'UPSI02', 139, NULL, '', NULL, NULL, NULL, NULL, NULL),
(146, 'BEF1011A53', 'UPSI', 'UPSI02', 154, NULL, '', NULL, NULL, NULL, NULL, NULL),
(100, 'BEL0845FV1', 'UPSI', 'UPSI02', 137, NULL, '', NULL, NULL, NULL, NULL, NULL),
(99, 'BEL0845FVV', 'UPSI', 'UPSI02', 137, NULL, '', NULL, NULL, NULL, NULL, NULL),
(101, 'BEL0846GVJ', 'UPSI', 'UPSI02', 139, NULL, '', NULL, NULL, NULL, NULL, NULL),
(11, 'BEL0926DN8', 'UMP', 'UMP01', 34, NULL, '', NULL, NULL, NULL, NULL, NULL),
(7, 'CN7904A1MX', 'UMP', 'UMP01', 30, NULL, '', NULL, NULL, NULL, NULL, NULL),
(10, 'CN7904A1N7', 'UMP', 'UMP01', 33, NULL, '', NULL, NULL, NULL, NULL, NULL),
(9, 'CN7904A258', 'UMP', 'UMP01', 32, NULL, '', NULL, NULL, NULL, NULL, NULL),
(8, 'CN7904A25G', 'UMP', 'UMP01', 31, NULL, '', NULL, NULL, NULL, NULL, NULL),
(119, 'F5-PZQK-JDKM', 'UPSI', 'UPSI02', 151, NULL, '', NULL, NULL, NULL, NULL, NULL),
(124, 'F5-WAFO-TQDW', 'UPSI', 'UPSI02', 151, NULL, '', NULL, NULL, NULL, NULL, NULL),
(90, 'FN43020091', 'UPSI', 'UPSI02', 128, NULL, '', NULL, NULL, NULL, NULL, NULL),
(95, 'FQ44030013', 'UPSI', 'UPSI02', 133, NULL, '', NULL, NULL, NULL, NULL, NULL),
(114, 'G4T6T1S', 'UPSI', 'UPSI02', 146, NULL, '', NULL, NULL, NULL, NULL, NULL),
(13, 'HUW18141RYW', 'UMP', 'UMP01', 36, NULL, '', NULL, NULL, NULL, NULL, NULL),
(16, 'ISO947002041', 'UMP', 'UMP01', 39, NULL, '', NULL, NULL, NULL, NULL, NULL),
(4, 'JLK922S', 'UMP', 'UMP01', 27, NULL, '', NULL, NULL, NULL, NULL, NULL),
(17, 'NS0937000643', 'UMP', 'UMP01', 40, NULL, '', NULL, NULL, NULL, NULL, NULL),
(116, 'SGH947XH69', 'UPSI', 'UPSI02', 149, NULL, '', NULL, NULL, NULL, NULL, NULL),
(28, 'SP2508', 'MOE', 'MOE01', 67, NULL, '', NULL, NULL, NULL, NULL, NULL);

-- --------------------------------------------------------

--
-- Table structure for table `notification`
--

CREATE TABLE IF NOT EXISTS `notification` (
  `id` int(11) NOT NULL AUTO_INCREMENT,
  `user` varchar(50) COLLATE latin1_general_ci DEFAULT NULL,
  `case_id` varchar(15) COLLATE latin1_general_ci DEFAULT NULL,
  `case_status` int(1) DEFAULT '0',
  `msg` text COLLATE latin1_general_ci,
  `seen` enum('N','Y') COLLATE latin1_general_ci DEFAULT 'N',
  `date` timestamp NULL DEFAULT CURRENT_TIMESTAMP,
  PRIMARY KEY (`id`)
) ENGINE=InnoDB  DEFAULT CHARSET=latin1 COLLATE=latin1_general_ci AUTO_INCREMENT=392 ;

--
-- Dumping data for table `notification`
--

INSERT INTO `notification` (`id`, `user`, `case_id`, `case_status`, `msg`, `seen`, `date`) VALUES
(35, 'Admin', 'UTM010070314', 0, 'got msg for you', 'Y', '2014-03-30 00:40:04'),
(36, 'sarbini', 'UTM010070314', 0, 'got msg for you', 'Y', '2014-03-30 00:40:04'),
(37, 'Ahmad', 'UTM010070314', 0, 'got msg for you', 'Y', '2014-03-30 01:00:36'),
(38, 'Admin', 'UTM010070314', 0, 'got msg for you', 'Y', '2014-03-30 01:00:36'),
(39, 'sarbini', 'UTM010070314', 0, 'got msg for you', 'Y', '2014-03-30 01:00:36'),
(40, 'ahmad', 'UTM010070314', 1, NULL, 'Y', '2014-03-30 07:56:11'),
(41, 'ahmad', 'UTM010070314', 1, NULL, 'Y', '2014-03-30 07:56:23'),
(42, 'admin', 'UTM010070314', 5, NULL, 'Y', '2014-03-30 07:57:48'),
(43, 'Admin', 'UTM010010414', 0, 'got msg for you', 'Y', '2014-04-29 10:44:45'),
(44, 'sarbini', 'UTM010010414', 0, 'got msg for you', 'Y', '2014-04-29 10:44:45'),
(45, 'Ahmad', 'UTM010010414', 0, 'got msg for you', 'Y', '2014-04-29 10:47:21'),
(46, 'Admin', 'UTM010010414', 0, 'got msg for you', 'Y', '2014-04-29 10:47:21'),
(47, 'sarbini', 'UTM010010414', 0, 'got msg for you', 'Y', '2014-04-29 10:47:21'),
(48, 'ahmad', 'UTM010010414', 5, NULL, 'Y', '2014-04-29 11:18:28'),
(49, 'Admin', 'UNIKL010010514', 0, 'got msg for you', 'Y', '2014-05-13 06:20:21'),
(50, 'Admin', 'SPA020030514', 0, 'got msg for you', 'Y', '2014-05-14 12:52:20'),
(51, 'Fazdlan', 'SPA020030514', 0, 'got msg for you', 'Y', '2014-05-14 12:52:52'),
(52, 'Admin', 'SPA020030514', 0, 'got msg for you', 'Y', '2014-05-14 12:52:52'),
(53, 'admin', 'SPA020030514', 0, NULL, 'Y', '2014-05-19 09:13:28'),
(54, 'Admin', 'SSCS010010514', 0, 'got msg for you', 'Y', '2014-05-19 09:16:58'),
(55, 'Admin', 'UMP010010514', 0, 'got msg for you', 'Y', '2014-05-24 00:21:29'),
(56, 'Fazdlan', 'SPA020040514', 0, 'got msg for you', 'Y', '2014-05-26 04:16:04'),
(57, 'Amin', 'SSCS010020514', 0, 'got msg for you', 'Y', '2014-05-26 04:37:32'),
(58, 'Admin', 'SSCS010020514', 0, 'got msg for you', 'Y', '2014-05-26 04:37:32'),
(59, 'Admin', 'SSCS010030514', 0, 'got msg for you', 'Y', '2014-05-26 04:42:02'),
(60, 'Fazdlan', 'SSCS010030514', 0, 'got msg for you', 'Y', '2014-05-26 04:42:59'),
(61, 'Admin', 'SSCS010030514', 0, 'got msg for you', 'Y', '2014-05-26 04:42:59'),
(62, 'admin', 'SSCS010030514', 1, NULL, 'Y', '2014-05-26 04:55:28'),
(63, 'Admin', 'SSCS010040514', 0, 'got msg for you', 'Y', '2014-05-27 04:23:50'),
(64, 'Fazdlan', 'SSCS010040514', 0, 'got msg for you', 'Y', '2014-05-27 04:25:07'),
(65, 'Admin', 'SSCS010040514', 0, 'got msg for you', 'Y', '2014-05-27 04:25:07'),
(66, 'admin', 'SSCS010040514', 1, NULL, 'Y', '2014-05-27 06:05:16'),
(67, 'Admin', 'JHEV010010614', 0, 'got msg for you', 'Y', '2014-06-09 04:30:27'),
(68, 'zizie', 'JHEV010010614', 0, 'got msg for you', 'Y', '2014-06-09 04:30:27'),
(69, 'hasrul', 'JHEV010010614', 0, 'got msg for you', 'Y', '2014-06-09 04:51:12'),
(70, 'Admin', 'JHEV010010614', 0, 'got msg for you', 'Y', '2014-06-09 04:51:12'),
(71, 'zizie', 'JHEV010010614', 0, 'got msg for you', 'Y', '2014-06-09 04:51:12'),
(72, 'zaihan', 'JHEV010010614', 0, NULL, 'Y', '2014-06-09 04:51:21'),
(73, 'Admin', 'JHEV010020614', 0, 'got msg for you', 'Y', '2014-06-09 04:54:15'),
(74, 'zizie', 'JHEV010020614', 0, 'got msg for you', 'Y', '2014-06-09 04:54:15'),
(75, 'hasrul', 'JHEV010020614', 0, 'got msg for you', 'Y', '2014-06-09 04:55:23'),
(76, 'Admin', 'JHEV010020614', 0, 'got msg for you', 'Y', '2014-06-09 04:55:23'),
(77, 'zizie', 'JHEV010020614', 0, 'got msg for you', 'Y', '2014-06-09 04:55:23'),
(78, 'zaihan', 'JHEV010020614', 1, NULL, 'Y', '2014-06-09 06:33:41'),
(79, 'zaihan', 'JHEV010020614', 4, NULL, 'Y', '2014-06-09 07:54:18'),
(80, 'zaihan', 'JHEV010020614', 5, NULL, 'Y', '2014-06-09 07:55:06'),
(81, 'syamimi', 'Maxis010010614', 0, 'got msg for you', 'Y', '2014-06-13 08:50:31'),
(82, 'fazdlan', 'Maxis010010614', 0, 'got msg for you', 'Y', '2014-06-13 08:50:55'),
(83, 'syamimi', 'Maxis010010614', 0, 'got msg for you', 'Y', '2014-06-13 08:50:55'),
(84, 'admin', 'Maxis010010614', 4, NULL, 'Y', '2014-06-19 07:24:57'),
(85, 'syamimi', 'SPA020010614', 0, 'got msg for you', 'Y', '2014-06-20 11:25:20'),
(86, 'fazdlan', 'SPA020010614', 0, 'got msg for you', 'Y', '2014-06-20 11:25:39'),
(87, 'syamimi', 'SPA020010614', 0, 'got msg for you', 'Y', '2014-06-20 11:25:39'),
(88, 'syamimi', 'SPA010010614', 0, 'got msg for you', 'Y', '2014-06-20 12:39:16'),
(89, 'syamimi', 'SPA010020614', 0, 'got msg for you', 'Y', '2014-06-20 12:39:18'),
(90, 'hasrul', 'SPA010020614', 0, 'got msg for you', 'Y', '2014-06-20 12:39:53'),
(91, 'syamimi', 'SPA010020614', 0, 'got msg for you', 'Y', '2014-06-20 12:39:53'),
(92, 'hasrul', 'SPA010020614', 1, NULL, 'Y', '2014-06-20 13:38:47'),
(93, 'admin', 'SPA010020614', 0, 'got msg for you', 'Y', '2014-06-20 13:40:40'),
(94, 'fazdlan', 'SPA010020614', 0, 'got msg for you', 'Y', '2014-06-20 13:40:40'),
(95, 'syamimi', 'SPA010020614', 0, 'got msg for you', 'Y', '2014-06-20 13:40:40'),
(96, 'admin', 'SPA010020614', 0, 'got msg for you', 'Y', '2014-06-20 13:56:05'),
(97, 'fazdlan', 'SPA010020614', 0, 'got msg for you', 'Y', '2014-06-20 13:56:05'),
(98, 'syamimi', 'SPA010020614', 0, 'got msg for you', 'Y', '2014-06-20 13:56:05'),
(99, 'syamimi', 'SPA010030614', 0, 'got msg for you', 'Y', '2014-06-20 14:21:47'),
(100, 'hasrul', 'SPA010030614', 0, 'got msg for you', 'Y', '2014-06-20 14:22:03'),
(101, 'syamimi', 'SPA010030614', 0, 'got msg for you', 'Y', '2014-06-20 14:22:03'),
(102, 'admin', 'SPA010030614', 0, 'got msg for you', 'Y', '2014-06-20 14:24:54'),
(103, 'fazdlan', 'SPA010030614', 0, 'got msg for you', 'Y', '2014-06-20 14:24:54'),
(104, 'syamimi', 'SPA010030614', 0, 'got msg for you', 'Y', '2014-06-20 14:24:54'),
(105, 'syamimi', 'SPA010040614', 0, 'got msg for you', 'Y', '2014-06-23 07:54:25'),
(106, 'fazdlan', 'SPA010040614', 0, 'got msg for you', 'Y', '2014-06-23 07:54:39'),
(107, 'syamimi', 'SPA010040614', 0, 'got msg for you', 'Y', '2014-06-23 07:54:39'),
(108, 'admin', 'SPA020010614', 4, NULL, 'Y', '2014-06-23 08:26:40'),
(109, 'admin', 'SPA020010614', 4, NULL, 'Y', '2014-06-23 08:26:48'),
(110, 'syamimi', 'Maxis010020614', 0, 'got msg for you', 'Y', '2014-06-25 05:38:55'),
(111, 'Admin', 'Maxis010020614', 0, 'got msg for you', 'Y', '2014-06-25 05:38:55'),
(112, 'fazdlan', 'Maxis010020614', 0, 'got msg for you', 'Y', '2014-06-25 05:42:34'),
(113, 'syamimi', 'Maxis010020614', 0, 'got msg for you', 'Y', '2014-06-25 05:42:34'),
(114, 'Admin', 'Maxis010020614', 0, 'got msg for you', 'Y', '2014-06-25 05:42:34'),
(115, 'fazdlan', 'Maxis010020614', 4, NULL, 'Y', '2014-06-26 12:51:46'),
(116, 'fazdlan', 'Maxis010020614', 5, NULL, 'Y', '2014-06-26 12:52:10'),
(117, 'fazdlan', 'SPA010040614', 3, NULL, 'Y', '2014-06-26 12:55:06'),
(118, 'admin', 'Maxis010010614', 5, NULL, 'Y', '2014-06-26 12:56:08'),
(119, 'syamimi', 'Maxis010030614', 0, 'got msg for you', 'Y', '2014-06-28 03:53:30'),
(120, 'Admin', 'Maxis010030614', 0, 'got msg for you', 'Y', '2014-06-28 03:53:30'),
(121, 'fazdlan', 'Maxis010030614', 0, 'got msg for you', 'Y', '2014-06-28 03:55:45'),
(122, 'syamimi', 'Maxis010030614', 0, 'got msg for you', 'Y', '2014-06-28 03:55:45'),
(123, 'Admin', 'Maxis010030614', 0, 'got msg for you', 'Y', '2014-06-28 03:55:45'),
(124, 'admin', 'Maxis010030614', 1, NULL, 'Y', '2014-06-28 05:40:32'),
(125, 'admin', 'Maxis010030614', 4, NULL, 'Y', '2014-06-29 21:43:46'),
(126, 'admin', 'Maxis010030614', 5, NULL, 'Y', '2014-06-29 21:43:58'),
(127, 'Admin', 'UPSI020010614', 0, 'got msg for you', 'Y', '2014-06-30 03:24:55'),
(128, 'syamimi', 'UPSI020010614', 0, 'got msg for you', 'Y', '2014-06-30 03:24:55'),
(129, 'amin', 'UPSI020010614', 1, NULL, 'Y', '2014-06-30 03:26:17'),
(130, 'amin', 'UPSI020010614', 3, NULL, 'Y', '2014-06-30 03:27:02'),
(131, 'amin', 'UPSI020010614', 1, NULL, 'Y', '2014-06-30 03:28:19'),
(132, 'amin', 'UPSI020010614', 3, NULL, 'Y', '2014-06-30 03:30:09'),
(133, 'Admin', 'JPAM010010714', 0, 'got msg for you', 'Y', '2014-07-01 23:27:34'),
(134, 'syamimi', 'JPAM010010714', 0, 'got msg for you', 'Y', '2014-07-01 23:27:34'),
(135, 'admin', 'JPAM010010714', 1, NULL, 'Y', '2014-07-01 23:28:04'),
(136, 'fazdlan', 'JPAM010010714', 0, 'got msg for you', 'Y', '2014-07-01 23:28:32'),
(137, 'Admin', 'JPAM010010714', 0, 'got msg for you', 'Y', '2014-07-01 23:28:32'),
(138, 'syamimi', 'JPAM010010714', 0, 'got msg for you', 'Y', '2014-07-01 23:28:32'),
(139, 'admin', 'JPAM010010714', 3, NULL, 'Y', '2014-07-07 01:38:45'),
(140, 'Admin', 'UPSI020010714', 0, 'got msg for you', 'Y', '2014-07-09 07:53:02'),
(141, 'syamimi', 'UPSI020010714', 0, 'got msg for you', 'Y', '2014-07-09 07:53:02'),
(142, 'hasrul', 'UPSI020010714', 0, 'got msg for you', 'Y', '2014-07-09 07:55:08'),
(143, 'Admin', 'UPSI020010714', 0, 'got msg for you', 'Y', '2014-07-09 07:55:08'),
(144, 'syamimi', 'UPSI020010714', 0, 'got msg for you', 'Y', '2014-07-09 07:55:08'),
(145, 'syamimi', 'Maxis010010714', 0, 'got msg for you', 'Y', '2014-07-09 15:52:32'),
(146, 'Admin', 'Maxis010010714', 0, 'got msg for you', 'Y', '2014-07-09 15:52:32'),
(147, 'fazdlan', 'Maxis010010714', 0, 'got msg for you', 'Y', '2014-07-09 15:52:58'),
(148, 'syamimi', 'Maxis010010714', 0, 'got msg for you', 'Y', '2014-07-09 15:52:58'),
(149, 'Admin', 'Maxis010010714', 0, 'got msg for you', 'Y', '2014-07-09 15:52:58'),
(150, 'admin', 'Maxis010010714', 3, NULL, 'Y', '2014-07-09 15:53:05'),
(151, 'amin', 'UPSI020010614', 4, NULL, 'Y', '2014-07-10 06:12:21'),
(152, 'syamimi', 'Maxis010020714', 0, 'got msg for you', 'Y', '2014-07-21 14:32:19'),
(153, 'Admin', 'Maxis010020714', 0, 'got msg for you', 'Y', '2014-07-21 14:32:19'),
(154, 'fazdlan', 'Maxis010020714', 0, 'got msg for you', 'Y', '2014-07-21 14:32:47'),
(155, 'syamimi', 'Maxis010020714', 0, 'got msg for you', 'Y', '2014-07-21 14:32:47'),
(156, 'Admin', 'Maxis010020714', 0, 'got msg for you', 'Y', '2014-07-21 14:32:47'),
(157, 'admin', 'Maxis010020714', 4, NULL, 'Y', '2014-07-21 14:33:47'),
(158, 'admin', 'Maxis010020714', 5, NULL, 'Y', '2014-07-21 14:33:59'),
(159, 'syamimi', 'Maxis010030714', 0, 'got msg for you', 'Y', '2014-07-21 14:41:03'),
(160, 'Admin', 'Maxis010030714', 0, 'got msg for you', 'Y', '2014-07-21 14:41:03'),
(161, 'fazdlan', 'Maxis010030714', 0, 'got msg for you', 'Y', '2014-07-21 14:41:25'),
(162, 'syamimi', 'Maxis010030714', 0, 'got msg for you', 'Y', '2014-07-21 14:41:25'),
(163, 'Admin', 'Maxis010030714', 0, 'got msg for you', 'Y', '2014-07-21 14:41:25'),
(164, 'admin', 'Maxis010030714', 1, NULL, 'Y', '2014-07-21 14:41:41'),
(165, 'admin', 'Maxis010030714', 3, NULL, 'Y', '2014-07-21 14:42:05'),
(166, 'admin', 'Maxis010030714', 3, NULL, 'Y', '2014-07-21 14:42:05'),
(167, 'admin', 'Maxis010030714', 5, NULL, 'Y', '2014-07-24 15:55:05'),
(168, 'syamimi', 'Maxis010040714', 0, 'got msg for you', 'Y', '2014-07-24 15:57:30'),
(169, 'Admin', 'Maxis010040714', 0, 'got msg for you', 'Y', '2014-07-24 15:57:30'),
(170, 'admin', 'Maxis010040714', 1, NULL, 'Y', '2014-07-24 15:58:10'),
(171, 'admin', 'Maxis010040714', 1, NULL, 'Y', '2014-07-24 15:58:10'),
(172, 'fazdlan', 'Maxis010040714', 0, 'got msg for you', 'Y', '2014-07-24 15:58:30'),
(173, 'syamimi', 'Maxis010040714', 0, 'got msg for you', 'Y', '2014-07-24 15:58:30'),
(174, 'Admin', 'Maxis010040714', 0, 'got msg for you', 'Y', '2014-07-24 15:58:30'),
(175, 'admin', 'Maxis010040714', 4, NULL, 'Y', '2014-07-24 15:59:26'),
(176, 'admin', 'Maxis010040714', 5, NULL, 'Y', '2014-07-24 15:59:34'),
(177, 'admin', 'Maxis010010714', 4, NULL, 'Y', '2014-08-11 12:47:27'),
(178, 'admin', 'Maxis010010714', 5, NULL, 'Y', '2014-08-11 12:47:38'),
(179, 'Admin', 'JHEV010010814', 0, 'got msg for you', 'Y', '2014-08-11 12:54:33'),
(180, 'syamimi', 'JHEV010010814', 0, 'got msg for you', 'Y', '2014-08-11 12:54:33'),
(181, 'admin', 'JHEV010010814', 6, NULL, 'Y', '2014-08-11 12:55:04'),
(182, 'fazdlan', 'JHEV010010814', 0, 'got msg for you', 'Y', '2014-08-11 12:55:15'),
(183, 'Admin', 'JHEV010010814', 0, 'got msg for you', 'Y', '2014-08-11 12:55:15'),
(184, 'syamimi', 'JHEV010010814', 0, 'got msg for you', 'Y', '2014-08-11 12:55:15'),
(185, 'admin', 'JHEV010010814', 1, NULL, 'Y', '2014-08-11 12:56:35'),
(186, 'syamimi', 'SPA010010814', 0, 'got msg for you', 'Y', '2014-08-18 15:14:39'),
(187, 'syamimi', 'SPA010020814', 0, 'got msg for you', 'Y', '2014-08-18 15:14:46'),
(188, 'fazdlan', 'SPA010020814', 0, 'got msg for you', 'Y', '2014-08-18 15:15:05'),
(189, 'syamimi', 'SPA010020814', 0, 'got msg for you', 'Y', '2014-08-18 15:15:05'),
(190, 'admin', 'SPA010020814', 6, NULL, 'Y', '2014-08-18 15:15:19'),
(191, 'admin', 'SPA010020814', 4, NULL, 'Y', '2014-08-18 15:18:03'),
(192, 'admin', 'SPA010020814', 4, NULL, 'Y', '2014-08-18 15:18:10'),
(193, 'admin', 'SPA010020814', 5, NULL, 'Y', '2014-08-18 15:18:20'),
(194, 'fazdlan', 'SPA010010814', 0, 'got msg for you', 'N', '2014-09-02 16:08:30'),
(195, 'syamimi', 'SPA010010814', 0, 'got msg for you', 'N', '2014-09-02 16:08:30'),
(196, 'admin', 'SPA010010814', 4, NULL, 'N', '2014-09-02 16:10:31'),
(197, 'admin', 'SPA010010814', 5, NULL, 'N', '2014-09-02 16:10:43'),
(198, 'syamimi', 'Maxis010010914', 0, 'got msg for you', 'N', '2014-09-02 16:17:28'),
(199, 'Admin', 'Maxis010010914', 0, 'got msg for you', 'N', '2014-09-02 16:17:28'),
(200, 'admin', 'Maxis010010914', 1, NULL, 'N', '2014-09-02 16:18:05'),
(201, 'hasrul', 'Maxis010010914', 0, 'got msg for you', 'N', '2014-09-02 16:18:15'),
(202, 'syamimi', 'Maxis010010914', 0, 'got msg for you', 'N', '2014-09-02 16:18:15'),
(203, 'Admin', 'Maxis010010914', 0, 'got msg for you', 'N', '2014-09-02 16:18:15'),
(204, 'admin', 'Maxis010010914', 4, NULL, 'N', '2014-09-02 16:19:20'),
(205, 'admin', 'Maxis010010914', 5, NULL, 'N', '2014-09-02 16:19:28'),
(206, 'syamimi', 'Maxis010020914', 0, 'got msg for you', 'N', '2014-09-02 16:21:37'),
(207, 'Admin', 'Maxis010020914', 0, 'got msg for you', 'N', '2014-09-02 16:21:37'),
(208, 'fazdlan', 'Maxis010020914', 0, 'got msg for you', 'N', '2014-09-02 16:21:59'),
(209, 'syamimi', 'Maxis010020914', 0, 'got msg for you', 'N', '2014-09-02 16:21:59'),
(210, 'Admin', 'Maxis010020914', 0, 'got msg for you', 'N', '2014-09-02 16:21:59'),
(211, 'admin', 'Maxis010020914', 1, NULL, 'N', '2014-09-02 16:22:18'),
(212, 'admin', 'Maxis010020914', 4, NULL, 'N', '2014-09-02 16:23:31'),
(213, 'admin', 'Maxis010020914', 5, NULL, 'N', '2014-09-02 16:23:39'),
(214, 'admin', 'Maxis010020914', 4, NULL, 'N', '2014-09-02 16:23:51'),
(215, 'syamimi', 'Maxis010030914', 0, 'got msg for you', 'N', '2014-09-03 09:55:18'),
(216, 'Admin', 'Maxis010030914', 0, 'got msg for you', 'N', '2014-09-03 09:55:18'),
(217, 'fazdlan', 'Maxis010030914', 0, 'got msg for you', 'N', '2014-09-03 10:00:06'),
(218, 'syamimi', 'Maxis010030914', 0, 'got msg for you', 'N', '2014-09-03 10:00:06'),
(219, 'Admin', 'Maxis010030914', 0, 'got msg for you', 'N', '2014-09-03 10:00:06'),
(220, 'admin', 'Maxis010030914', 1, NULL, 'N', '2014-09-03 10:00:50'),
(221, 'admin', 'Maxis010030914', 1, NULL, 'N', '2014-09-03 10:00:52'),
(222, 'admin', 'Maxis010030914', 1, NULL, 'N', '2014-09-03 10:01:09'),
(223, 'admin', 'Maxis010030914', 1, NULL, 'N', '2014-09-03 10:01:11'),
(224, 'admin', 'Maxis010030914', 4, NULL, 'N', '2014-09-05 05:49:29'),
(225, 'admin', 'Maxis010030914', 4, NULL, 'N', '2014-09-05 05:49:38'),
(226, 'admin', 'Maxis010030914', 5, NULL, 'N', '2014-09-05 05:49:46'),
(227, 'admin', 'JHEV010010814', 4, NULL, 'N', '2014-09-08 02:46:56'),
(228, 'admin', 'JHEV010010814', 5, NULL, 'N', '2014-09-08 02:47:04'),
(229, 'syamimi', 'Maxis010040914', 0, 'got msg for you', 'N', '2014-09-09 12:54:12'),
(230, 'Admin', 'Maxis010040914', 0, 'got msg for you', 'N', '2014-09-09 12:54:12'),
(231, 'admin', 'Maxis010040914', 6, NULL, 'N', '2014-09-09 12:54:32'),
(232, 'fazdlan', 'Maxis010040914', 0, 'got msg for you', 'N', '2014-09-09 12:54:40'),
(233, 'syamimi', 'Maxis010040914', 0, 'got msg for you', 'N', '2014-09-09 12:54:40'),
(234, 'Admin', 'Maxis010040914', 0, 'got msg for you', 'N', '2014-09-09 12:54:40'),
(235, 'admin', 'Maxis010040914', 4, NULL, 'N', '2014-09-09 12:55:16'),
(236, 'admin', 'Maxis010040914', 5, NULL, 'N', '2014-09-09 12:55:24'),
(237, 'syamimi', 'Maxis010050914', 0, 'got msg for you', 'N', '2014-09-09 12:57:44'),
(238, 'Admin', 'Maxis010050914', 0, 'got msg for you', 'N', '2014-09-09 12:57:44'),
(239, 'admin', 'Maxis010050914', 6, NULL, 'N', '2014-09-09 12:58:00'),
(240, 'fazdlan', 'Maxis010050914', 0, 'got msg for you', 'N', '2014-09-09 12:58:40'),
(241, 'syamimi', 'Maxis010050914', 0, 'got msg for you', 'N', '2014-09-09 12:58:40'),
(242, 'Admin', 'Maxis010050914', 0, 'got msg for you', 'N', '2014-09-09 12:58:40'),
(243, 'admin', 'Maxis010050914', 4, NULL, 'N', '2014-09-09 13:00:05'),
(244, 'admin', 'Maxis010050914', 5, NULL, 'N', '2014-09-09 13:00:22'),
(245, 'admin', 'UPSI020010614', 5, NULL, 'N', '2014-09-12 03:02:29'),
(246, 'syamimi', 'SPA010010914', 0, 'got msg for you', 'N', '2014-09-16 13:54:50'),
(247, 'hasrul', 'SPA010010914', 0, 'got msg for you', 'N', '2014-09-16 13:55:13'),
(248, 'syamimi', 'SPA010010914', 0, 'got msg for you', 'Y', '2014-09-16 13:55:13'),
(249, 'admin', 'SPA010010914', 4, NULL, 'N', '2014-09-16 13:56:21'),
(250, 'admin', 'SPA010010914', 5, NULL, 'N', '2014-09-16 13:56:33'),
(251, 'syamimi', 'SPA010020914', 0, 'got msg for you', 'N', '2014-09-24 14:43:01'),
(252, 'admin', 'SPA010020914', 1, NULL, 'N', '2014-09-24 14:43:36'),
(253, 'fazdlan', 'SPA010020914', 0, 'got msg for you', 'N', '2014-09-24 14:43:46'),
(254, 'syamimi', 'SPA010020914', 0, 'got msg for you', 'N', '2014-09-24 14:43:46'),
(255, 'fazdlan', 'SPA010020914', 0, 'got msg for you', 'N', '2014-09-24 14:43:46'),
(256, 'syamimi', 'SPA010020914', 0, 'got msg for you', 'N', '2014-09-24 14:43:46'),
(257, 'fazdlan', 'SPA010020914', 0, 'got msg for you', 'N', '2014-09-24 14:43:47'),
(258, 'syamimi', 'SPA010020914', 0, 'got msg for you', 'N', '2014-09-24 14:43:47'),
(259, 'admin', 'SPA010020914', 3, NULL, 'N', '2014-09-24 14:43:58'),
(260, 'Admin', 'JHEV010010914', 0, 'got msg for you', 'N', '2014-09-24 14:54:20'),
(261, 'syamimi', 'JHEV010010914', 0, 'got msg for you', 'N', '2014-09-24 14:54:20'),
(262, 'fazdlan', 'JHEV010010914', 0, 'got msg for you', 'N', '2014-09-24 14:54:38'),
(263, 'Admin', 'JHEV010010914', 0, 'got msg for you', 'N', '2014-09-24 14:54:38'),
(264, 'syamimi', 'JHEV010010914', 0, 'got msg for you', 'N', '2014-09-24 14:54:38'),
(265, 'admin', 'JHEV010010914', 1, NULL, 'Y', '2014-09-24 14:55:22'),
(266, 'syamimi', 'Maxis010060914', 0, 'got msg for you', 'N', '2014-09-26 13:30:01'),
(267, 'Admin', 'Maxis010060914', 0, 'got msg for you', 'N', '2014-09-26 13:30:01'),
(268, 'syamimi', 'Maxis010070914', 0, 'got msg for you', 'N', '2014-09-26 13:31:11'),
(269, 'Admin', 'Maxis010070914', 0, 'got msg for you', 'N', '2014-09-26 13:31:11'),
(270, 'fazdlan', 'Maxis010060914', 0, 'got msg for you', 'N', '2014-09-26 13:59:59'),
(271, 'syamimi', 'Maxis010060914', 0, 'got msg for you', 'N', '2014-09-26 13:59:59'),
(272, 'Admin', 'Maxis010060914', 0, 'got msg for you', 'N', '2014-09-26 13:59:59'),
(273, 'admin', 'Maxis010060914', 3, NULL, 'N', '2014-09-26 14:00:19'),
(274, 'fazdlan', 'Maxis010070914', 0, 'got msg for you', 'N', '2014-09-26 14:00:49'),
(275, 'syamimi', 'Maxis010070914', 0, 'got msg for you', 'N', '2014-09-26 14:00:49'),
(276, 'Admin', 'Maxis010070914', 0, 'got msg for you', 'N', '2014-09-26 14:00:49'),
(277, 'admin', 'Maxis010070914', 3, NULL, 'N', '2014-09-26 14:01:08'),
(278, 'admin', 'Maxis010070914', 4, NULL, 'N', '2014-10-01 02:40:56'),
(279, 'admin', 'Maxis010070914', 5, NULL, 'N', '2014-10-01 02:41:06'),
(280, 'admin', 'Maxis010060914', 4, NULL, 'N', '2014-10-01 02:42:09'),
(281, 'admin', 'Maxis010060914', 5, NULL, 'N', '2014-10-01 02:42:22'),
(282, 'syamimi', 'SPA020011014', 0, 'got msg for you', 'N', '2014-10-01 02:43:58'),
(283, 'fazdlan', 'SPA020011014', 0, 'got msg for you', 'N', '2014-10-01 02:44:14'),
(284, 'syamimi', 'SPA020011014', 0, 'got msg for you', 'N', '2014-10-01 02:44:14'),
(285, 'admin', 'SPA020011014', 1, NULL, 'N', '2014-10-01 02:44:34'),
(286, 'admin', 'SPA020011014', 4, NULL, 'N', '2014-10-01 02:45:04'),
(287, 'admin', 'SPA020011014', 5, NULL, 'N', '2014-10-01 02:45:18'),
(288, 'Admin', 'UPSI020011014', 0, 'got msg for you', 'N', '2014-10-01 07:56:09'),
(289, 'syamimi', 'UPSI020011014', 0, 'got msg for you', 'N', '2014-10-01 07:56:09'),
(290, 'amin', 'UPSI020011014', 0, 'got msg for you', 'Y', '2014-10-01 07:59:18'),
(291, 'Admin', 'UPSI020011014', 0, 'got msg for you', 'N', '2014-10-01 07:59:18'),
(292, 'syamimi', 'UPSI020011014', 0, 'got msg for you', 'N', '2014-10-01 07:59:18'),
(293, 'amin', 'UPSI020011014', 4, NULL, 'Y', '2014-10-02 03:56:08'),
(294, 'Admin', 'JHEV020011014', 0, 'got msg for you', 'N', '2014-10-03 12:48:18'),
(295, 'syamimi', 'JHEV020011014', 0, 'got msg for you', 'N', '2014-10-03 12:48:18'),
(296, 'admin', 'JHEV020011014', 1, NULL, 'N', '2014-10-03 12:48:50'),
(297, 'fazdlan', 'JHEV020011014', 0, 'got msg for you', 'N', '2014-10-03 12:49:00'),
(298, 'Admin', 'JHEV020011014', 0, 'got msg for you', 'N', '2014-10-03 12:49:00'),
(299, 'syamimi', 'JHEV020011014', 0, 'got msg for you', 'N', '2014-10-03 12:49:00'),
(300, 'admin', 'JHEV020011014', 4, NULL, 'N', '2014-10-03 12:50:00'),
(301, 'admin', 'JHEV020011014', 5, NULL, 'N', '2014-10-03 12:50:11'),
(302, 'syamimi', 'Maxis010011014', 0, 'got msg for you', 'N', '2014-10-08 00:44:02'),
(303, 'Admin', 'Maxis010011014', 0, 'got msg for you', 'N', '2014-10-08 00:44:02'),
(304, 'fazdlan', 'Maxis010011014', 0, 'got msg for you', 'N', '2014-10-08 00:44:25'),
(305, 'syamimi', 'Maxis010011014', 0, 'got msg for you', 'N', '2014-10-08 00:44:25'),
(306, 'Admin', 'Maxis010011014', 0, 'got msg for you', 'N', '2014-10-08 00:44:25'),
(307, 'admin', 'Maxis010011014', 1, NULL, 'N', '2014-10-08 00:44:47'),
(308, 'syamimi', 'Maxis010021014', 0, 'got msg for you', 'N', '2014-10-20 07:06:40'),
(309, 'Admin', 'Maxis010021014', 0, 'got msg for you', 'N', '2014-10-20 07:06:40'),
(310, 'fazdlan', 'Maxis010021014', 0, 'got msg for you', 'N', '2014-10-20 07:06:58'),
(311, 'syamimi', 'Maxis010021014', 0, 'got msg for you', 'N', '2014-10-20 07:06:58'),
(312, 'Admin', 'Maxis010021014', 0, 'got msg for you', 'N', '2014-10-20 07:06:58'),
(313, 'admin', 'Maxis010021014', 3, NULL, 'N', '2014-10-20 07:07:13'),
(314, 'syamimi', 'Maxis010011114', 0, 'got msg for you', 'N', '2014-11-07 04:18:38'),
(315, 'Admin', 'Maxis010011114', 0, 'got msg for you', 'N', '2014-11-07 04:18:38'),
(316, 'admin', 'Maxis010011114', 4, NULL, 'N', '2014-11-07 04:19:54'),
(317, 'fazdlan', 'Maxis010011114', 0, 'got msg for you', 'N', '2014-11-07 04:20:05'),
(318, 'syamimi', 'Maxis010011114', 0, 'got msg for you', 'N', '2014-11-07 04:20:05'),
(319, 'Admin', 'Maxis010011114', 0, 'got msg for you', 'N', '2014-11-07 04:20:05'),
(320, 'admin', 'Maxis010011114', 5, NULL, 'N', '2014-11-07 04:20:42'),
(321, 'syamimi', 'SPA010011114', 0, 'got msg for you', 'N', '2014-11-20 04:18:49'),
(322, 'fazdlan', 'SPA010011114', 0, 'got msg for you', 'N', '2014-11-20 04:19:11'),
(323, 'syamimi', 'SPA010011114', 0, 'got msg for you', 'N', '2014-11-20 04:19:11'),
(324, 'admin', 'SPA010011114', 1, NULL, 'N', '2014-11-20 04:19:39'),
(325, 'admin', 'SPA010011114', 3, NULL, 'N', '2014-11-20 04:20:03'),
(326, 'syamimi', 'Maxis010021114', 0, 'got msg for you', 'N', '2014-11-20 04:21:31'),
(327, 'Admin', 'Maxis010021114', 0, 'got msg for you', 'N', '2014-11-20 04:21:31'),
(328, 'fazdlan', 'Maxis010021114', 0, 'got msg for you', 'N', '2014-11-20 04:22:05'),
(329, 'syamimi', 'Maxis010021114', 0, 'got msg for you', 'N', '2014-11-20 04:22:05'),
(330, 'Admin', 'Maxis010021114', 0, 'got msg for you', 'N', '2014-11-20 04:22:05'),
(331, 'admin', 'Maxis010021114', 4, NULL, 'N', '2014-11-20 04:23:19'),
(332, 'admin', 'Maxis010021114', 5, NULL, 'N', '2014-11-20 04:23:30'),
(333, 'syamimi', 'Maxis010031114', 0, 'got msg for you', 'N', '2014-11-20 04:24:54'),
(334, 'Admin', 'Maxis010031114', 0, 'got msg for you', 'N', '2014-11-20 04:24:54'),
(335, 'hasrul', 'Maxis010031114', 0, 'got msg for you', 'N', '2014-11-20 04:27:20'),
(336, 'syamimi', 'Maxis010031114', 0, 'got msg for you', 'N', '2014-11-20 04:27:20'),
(337, 'Admin', 'Maxis010031114', 0, 'got msg for you', 'N', '2014-11-20 04:27:20'),
(338, 'amin', 'Maxis010031114', 0, 'got msg for you', 'N', '2014-11-20 04:27:30'),
(339, 'syamimi', 'Maxis010031114', 0, 'got msg for you', 'N', '2014-11-20 04:27:30'),
(340, 'Admin', 'Maxis010031114', 0, 'got msg for you', 'N', '2014-11-20 04:27:30'),
(341, 'admin', 'Maxis010031114', 1, NULL, 'N', '2014-11-20 04:27:50'),
(342, 'admin', 'Maxis010031114', 4, NULL, 'N', '2014-11-20 04:28:23'),
(343, 'admin', 'Maxis010031114', 5, NULL, 'N', '2014-11-20 04:28:31'),
(344, 'Admin', 'UTM010031114', 0, 'got msg for you', 'N', '2014-11-23 11:03:22'),
(345, 'syamimi', 'UTM010031114', 0, 'got msg for you', 'N', '2014-11-23 11:03:22'),
(346, 'azmi', 'UTM010031114', 0, 'got msg for you', 'N', '2014-11-23 11:03:44'),
(347, 'Admin', 'UTM010031114', 0, 'got msg for you', 'N', '2014-11-23 11:03:44'),
(348, 'syamimi', 'UTM010031114', 0, 'got msg for you', 'N', '2014-11-23 11:03:44'),
(349, 'admin', 'UTM010031114', 1, NULL, 'N', '2014-11-23 11:04:00'),
(350, 'Rozli', 'UPSI020011214', 0, 'got msg for you', 'Y', '2014-12-25 07:21:09'),
(351, 'syamimi', 'UPSI020011214', 0, 'got msg for you', 'N', '2014-12-25 07:21:09'),
(352, 'Rozli', 'UPSI020011214', 0, 'got msg for you', 'Y', '2014-12-25 07:22:48'),
(353, 'Rozli', 'UPSI020011214', 0, 'got msg for you', 'Y', '2014-12-25 07:22:48'),
(354, 'syamimi', 'UPSI020011214', 0, 'got msg for you', 'N', '2014-12-25 07:22:48'),
(355, 'amin', 'UPSI020011214', 0, 'got msg for you', 'N', '2014-12-25 07:38:57'),
(356, 'Rozli', 'UPSI020011214', 0, 'got msg for you', 'Y', '2014-12-25 07:38:57'),
(357, 'syamimi', 'UPSI020011214', 0, 'got msg for you', 'N', '2014-12-25 07:38:57'),
(358, 'rozli', 'UPSI020011214', 4, NULL, 'Y', '2014-12-25 12:27:19'),
(359, 'Rozli', 'UPSI020021214', 0, 'got msg for you', 'N', '2014-12-31 00:06:54'),
(360, 'syamimi', 'UPSI020021214', 0, 'got msg for you', 'N', '2014-12-31 00:06:54'),
(361, 'amin', 'UPSI020021214', 0, 'got msg for you', 'N', '2014-12-31 00:07:07'),
(362, 'Rozli', 'UPSI020021214', 0, 'got msg for you', 'N', '2014-12-31 00:07:07'),
(363, 'syamimi', 'UPSI020021214', 0, 'got msg for you', 'N', '2014-12-31 00:07:07'),
(364, 'admin', 'UPSI020021214', 1, NULL, 'N', '2014-12-31 00:07:26'),
(365, 'admin', 'UPSI020021214', 4, NULL, 'N', '2014-12-31 00:07:50'),
(366, 'admin', 'UPSI020021214', 5, NULL, 'N', '2014-12-31 00:08:00'),
(367, 'syamimi', 'Maxis010011214', 0, 'got msg for you', 'N', '2014-12-31 00:09:43'),
(368, 'Admin', 'Maxis010011214', 0, 'got msg for you', 'N', '2014-12-31 00:09:43'),
(369, 'amin', 'Maxis010011214', 0, 'got msg for you', 'N', '2014-12-31 00:10:00'),
(370, 'syamimi', 'Maxis010011214', 0, 'got msg for you', 'N', '2014-12-31 00:10:00'),
(371, 'Admin', 'Maxis010011214', 0, 'got msg for you', 'N', '2014-12-31 00:10:00'),
(372, 'admin', 'Maxis010011214', 1, NULL, 'N', '2014-12-31 00:12:32'),
(373, 'admin', 'Maxis010011214', 1, NULL, 'N', '2014-12-31 00:12:32'),
(374, 'admin', 'Maxis010011214', 1, NULL, 'N', '2014-12-31 00:12:34'),
(375, 'amin', 'Maxis010011214', 0, 'got msg for you', 'N', '2014-12-31 00:12:36'),
(376, 'syamimi', 'Maxis010011214', 0, 'got msg for you', 'N', '2014-12-31 00:12:36'),
(377, 'Admin', 'Maxis010011214', 0, 'got msg for you', 'N', '2014-12-31 00:12:36'),
(378, 'amin', 'Maxis010011214', 0, 'got msg for you', 'N', '2014-12-31 00:12:40'),
(379, 'syamimi', 'Maxis010011214', 0, 'got msg for you', 'N', '2014-12-31 00:12:40'),
(380, 'Admin', 'Maxis010011214', 0, 'got msg for you', 'N', '2014-12-31 00:12:40'),
(381, 'amin', 'Maxis010011214', 0, 'got msg for you', 'N', '2014-12-31 00:12:40'),
(382, 'syamimi', 'Maxis010011214', 0, 'got msg for you', 'N', '2014-12-31 00:12:40'),
(383, 'Admin', 'Maxis010011214', 0, 'got msg for you', 'N', '2014-12-31 00:12:40'),
(384, 'amin', 'Maxis010011214', 0, 'got msg for you', 'N', '2014-12-31 00:12:40'),
(385, 'syamimi', 'Maxis010011214', 0, 'got msg for you', 'N', '2014-12-31 00:12:40'),
(386, 'Admin', 'Maxis010011214', 0, 'got msg for you', 'N', '2014-12-31 00:12:40'),
(387, 'amin', 'Maxis010011214', 0, 'got msg for you', 'N', '2014-12-31 00:12:40'),
(388, 'syamimi', 'Maxis010011214', 0, 'got msg for you', 'N', '2014-12-31 00:12:40'),
(389, 'Admin', 'Maxis010011214', 0, 'got msg for you', 'N', '2014-12-31 00:12:40'),
(390, 'admin', 'Maxis010011214', 4, NULL, 'N', '2014-12-31 00:13:18'),
(391, 'admin', 'Maxis010011214', 5, NULL, 'N', '2014-12-31 00:13:28');

-- --------------------------------------------------------

--
-- Table structure for table `product`
--

CREATE TABLE IF NOT EXISTS `product` (
  `product_id` int(11) NOT NULL AUTO_INCREMENT,
  `client_code` varchar(20) COLLATE latin1_general_ci DEFAULT NULL,
  `project_code` varchar(20) COLLATE latin1_general_ci DEFAULT NULL,
  `supplier_id` int(11) DEFAULT NULL,
  `product_type` varchar(20) COLLATE latin1_general_ci DEFAULT NULL COMMENT '0 - PC, 1- Printer, 2-Laptop, 3 - Server, ',
  `brand` varchar(20) COLLATE latin1_general_ci DEFAULT NULL,
  `model` varchar(50) COLLATE latin1_general_ci DEFAULT NULL,
  `spec` varchar(200) COLLATE latin1_general_ci DEFAULT NULL,
  PRIMARY KEY (`product_id`),
  KEY `fk_product_supplier1` (`supplier_id`)
) ENGINE=InnoDB  DEFAULT CHARSET=latin1 COLLATE=latin1_general_ci AUTO_INCREMENT=163 ;

--
-- Dumping data for table `product`
--

INSERT INTO `product` (`product_id`, `client_code`, `project_code`, `supplier_id`, `product_type`, `brand`, `model`, `spec`) VALUES
(7, 'SPA', 'SPA02', NULL, 'x236', 'IBM', '25A', 'IBM xseries'),
(8, 'SSCS', 'SSCS01', NULL, '2810', 'IBM', 'A12', 'XIV Storage'),
(9, 'UTM', 'UTM01', NULL, 'Sunfire', 'SUNFIRE', 'X4140', 'THINKCLIENT'),
(10, 'UTM', 'UTM01', NULL, 'SPARC ENT', 'SUN', 'T5120', 'UTMAPPS1.UTM.MY'),
(11, 'UTM', 'UTM01', NULL, 'SPARC ENT', 'SUN', 'T5120', 'UTMAPPS2.UTM.MY'),
(12, 'UTM', 'UTM01', NULL, 'SUNFIRE', 'SUN', 'X2200', 'UTMAPPSAD.UTM.MY'),
(13, 'UTM', 'UTM01', NULL, 'SUNFIRE', 'SUN', 'X4600', 'WINAPPS1'),
(14, 'UTM', 'UTM01', NULL, 'SUNFIRE', 'SUN', 'X4600', 'WINAPPS2'),
(15, 'UTM', 'UTM01', NULL, 'STORAGE', 'SUN', '7310', 'GRID STORAGE'),
(16, 'UTM', 'UTM01', NULL, 'STORAGE', 'SUN STORAGE', 'J4400', 'extension grid storage'),
(17, 'UTM', 'UTM01', NULL, 'SUNFIRE', 'SUN', 'X4140', 'CE'),
(18, 'UTM', 'UTM01', NULL, 'SUNFIRE', 'SUN', 'X4140', 'SE'),
(19, 'UTM', 'UTM01', NULL, 'SUNFIRE', 'SUN', 'X4140', 'node7'),
(20, 'UTM', 'UTM01', NULL, 'SUNFIRE', 'SUN', 'X4140', 'node1'),
(21, 'UTM', 'UTM01', NULL, 'SUNFIRE', 'SUN', 'X4140', 'node2'),
(22, 'UTM', 'UTM01', NULL, 'SUNFIRE', 'SUN', 'X4140', 'node3'),
(23, 'UTM', 'UTM01', NULL, 'SUNFIRE', 'SUN', 'X4140', 'node4'),
(24, 'UTM', 'UTM01', NULL, 'SUNFIRE', 'SUN', 'X4140', 'node4'),
(25, 'UTM', 'UTM01', NULL, 'SUNFIRE', 'SUN', 'X4140', 'node5'),
(26, 'UTM', 'UTM01', NULL, 'SUNFIRE', 'SUN', 'X4140', 'node6'),
(27, 'UMP', 'UMP01', NULL, 'Dell PowerEdge', 'DELL', 'R200', 'ext-dns02'),
(28, 'UMP', 'UMP01', NULL, 'Dell PowerEdge', 'DELL', '2970', 'Onlineapps02'),
(29, 'UMP', 'UMP01', NULL, 'Dell PowerEdge', 'DELL', '2970', 'Cgs-online'),
(30, 'UMP', 'UMP01', NULL, 'HP Proliant', 'HP', 'DL360 G5', 'portal.ump.edu.my'),
(31, 'UMP', 'UMP01', NULL, 'HP Proliant', 'HP', 'DL360  G5', 'apps-cfm.ump.edu.my'),
(32, 'UMP', 'UMP01', NULL, 'HP Proliant', 'HP', 'DL 360 G5', 'xen-server'),
(33, 'UMP', 'UMP01', NULL, 'HP Proliant', 'HP', 'DL360 G5', 'BAPS01-FORUM'),
(34, 'UMP', 'UMP01', NULL, 'SUN SPARC ENT', 'SUN', 'T5120', 'Ecomm-std02'),
(35, 'UMP', 'UMP01', NULL, 'HP storage', 'HP', 'MSA2012', 'Mail-storage'),
(36, 'UMP', 'UMP01', NULL, 'Sun StorageTek', 'SUN', 'SL24', 'tape library'),
(37, 'UMP', 'UMP01', NULL, 'SUN FIRE', 'SUN', 'V880', 'Ecomm-std01'),
(38, 'UMP', 'UMP01', NULL, 'SUN FIRE', 'SUN', 'V880', 'Ecomm-std03'),
(39, 'UMP', 'UMP01', NULL, 'UPS', 'Smart UPS', 'RT 15000 RM XL', 'ups'),
(40, 'UMP', 'UMP01', NULL, 'SMART UPS', 'UPS', 'RT 10000 RM XL', 'ups'),
(41, 'SPA', 'SPA02', NULL, '8677', 'IBM', '3RA', 'BLADE CHASIS'),
(42, 'SPA', 'SPA02', NULL, '8853', 'IBM', 'A1A', 'Blade center HS21 (speed mine server)'),
(43, 'SPA', 'SPA02', NULL, '8853', 'IBM', 'A1A', 'Blade Center HS21 (SLK server)'),
(44, 'SPA', 'SPA02', NULL, '8853', 'IBM', 'A1A', 'Blade Center HS21 (SLK serve)'),
(45, 'SPA', 'SPA02', NULL, '8853', 'IBM', 'A1A', 'Blade Center HS21 (eSuper Server)'),
(46, 'SPA', 'SPA02', NULL, '8853', 'IBM', 'A1A', 'Blade Center hs21(Blog SPA)'),
(47, 'SPA', 'SPA02', NULL, '8853', 'IBM', 'A1A', 'Blade Center HS21 (ePGSPA)'),
(48, 'SPA', 'SPA02', NULL, '7870', 'IBM', 'G2A', 'Blade Center HS22 (spkp03)'),
(49, 'SPA', 'SPA02', NULL, '7870', 'IBM', 'G2A', 'Blade Center HS22 (spkp02.spa.gov.my)'),
(50, 'SPA', 'SPA02', NULL, '7870', 'IBM', 'G2A', 'Blade Center HS22 (Spkp01)'),
(51, 'SPA', 'SPA02', NULL, '7870', 'IBM', 'G2A', 'Blade Center HS22 (Domino)'),
(52, 'SPA', 'SPA02', NULL, '8648', 'IBM', '1AA', 'IBM x226 (squid)'),
(53, 'SPA', 'SPA02', NULL, '7975', 'IBM', '52A', 'IBM x3400 (Putra5)'),
(54, 'SPA', 'SPA02', NULL, '8482', 'IBM', '25X', 'IBM x206 (eKS system)'),
(55, 'SPA', 'SPA02', NULL, '8482', 'IBM', '24X', 'IBM x206 (TRIMM)'),
(56, 'SPA', 'SPA02', NULL, '8841', 'IBM', '25A', 'IBM x236 (WIN-L07L01JVBRM)'),
(57, 'MOE', 'MOE01', NULL, '9117', 'IBM', '570', 'Ibm Power 750'),
(58, 'MOE', 'MOE01', NULL, '9117', 'IBM', '570', 'Ibm Power 750'),
(59, 'MOE', 'MOE01', NULL, 'x3850', 'IBM', '', ''),
(60, 'MOE', 'MOE01', NULL, 'x3850', 'IBM', '', ''),
(61, 'MOE', 'MOE01', NULL, 'x3850', 'IBM', '', ''),
(62, 'MOE', 'MOE01', NULL, 'x3850', 'IBM', '', ''),
(63, 'MOE', 'MOE01', NULL, 'x3850', 'IBM', '', ''),
(64, 'MOE', 'MOE01', NULL, '2810', 'IBM', 'A12', 'XIV 1TB'),
(65, 'MOE', 'MOE01', NULL, '2810', 'IBM', 'A12', 'XIV 2TB'),
(66, 'MOE', 'MOE01', NULL, '3584', 'IBM', 'L53', 'Tape library'),
(67, 'MOE', 'MOE01', NULL, 'HP', 'HP', 'H3C', 'Core switch'),
(69, 'MOE', 'MOE01', NULL, 'x3650', 'IBM', 'M2', 'xseries'),
(70, 'MOE', 'MOE01', NULL, 'x3650', 'IBM', 'M2', 'xseries'),
(71, 'MOE', 'MOE01', NULL, 'x3650', 'IBM', 'M2', 'xseries'),
(72, 'MOE', 'MOE01', NULL, 'x3650', 'IBM', 'M2', 'xseries'),
(73, 'MOE', 'MOE01', NULL, 'x3650', 'IBM', 'M2', 'xseries'),
(74, 'MOE', 'MOE01', NULL, 'x3650', 'IBM', 'M2', 'xseries'),
(75, 'MOE', 'MOE01', NULL, 'x3650', 'IBM', 'M2', 'xseries'),
(76, 'MOE', 'MOE01', NULL, 'x3650', 'IBM', 'M2', 'xseries'),
(77, 'MOE', 'MOE01', NULL, 'x3650', 'IBM', 'M2', 'xseries'),
(78, 'MOE', 'MOE01', NULL, 'x3650', 'IBM', 'M2', 'xseries'),
(79, 'MOE', 'MOE01', NULL, 'x3650', 'IBM', 'M2', 'xseries'),
(80, 'MOE', 'MOE01', NULL, 'x3650', 'IBM', 'M2', 'xseries'),
(81, 'MOE', 'MOE01', NULL, 'x3650', 'IBM', 'M2', 'xseries'),
(82, 'MOE', 'MOE01', NULL, 'x3650', 'IBM', 'M2', 'xseries'),
(83, 'MOE', 'MOE01', NULL, 'x3650', 'IBM', 'M2', 'xseries'),
(84, 'MOE', 'MOE01', NULL, 'x3650', 'IBM', 'M2', 'xseries'),
(85, 'MOE', 'MOE01', NULL, 'SAN 24', 'IBM', 'SAN 24', 'Ibm san switch'),
(86, 'MOE', 'MOE01', NULL, 'SAN 24', 'IBM', 'SAN 24', 'Ibm san switch'),
(87, 'MOE', 'MOE01', NULL, 'SAN 24', 'IBM', 'SAN 24', 'Ibm san switch'),
(88, 'MOE', 'MOE01', NULL, 'SAN 24', 'IBM', 'SAN 24', 'Ibm san switch'),
(91, 'SSCS', 'SSCS01', NULL, '2422', 'IBM', '932', 'IBM DS8'),
(92, 'PPUM', 'PPUM01', NULL, '1814', 'IBM', '20A', 'ibm storage'),
(93, 'PPUM', 'PPUM01', NULL, '1814', 'IBM', '52A', 'expansion unit'),
(94, 'PPUM', 'PPUM01', NULL, '1814', 'IBM', '52A', 'expansion storage'),
(95, 'PPUM', 'PPUM01', NULL, '1814', 'IBM', '52A', 'expansion storage'),
(96, 'PPUM', 'PPUM01', NULL, '1814', 'IBM', '52A', 'expansion storage'),
(97, 'PPUM', 'PPUM01', NULL, '1814', 'IBM', '52A', 'expansion storage'),
(98, 'PPUM', 'PPUM01', NULL, '1818', 'IBM', '53A', 'ibm storage'),
(99, 'PPUM', 'PPUM01', NULL, '1818', 'IBM', 'D1A', 'expansion storage'),
(100, 'PPUM', 'PPUM01', NULL, '1818', 'IBM', 'D1A', 'expansion storage'),
(101, 'PPUM', 'PPUM01', NULL, '1818', 'IBM', 'D1A', 'expansion storage'),
(102, 'PPUM', 'PPUM01', NULL, '1818', 'IBM', 'D1A', 'expansion storage'),
(103, 'PPUM', 'PPUM01', NULL, '1818', 'IBM', 'D1A', 'expansion storage'),
(104, 'PPUM', 'PPUM01', NULL, '1818', 'IBM', 'D1A', 'expansion storage'),
(105, 'PPUM', 'PPUM01', NULL, '1818', 'IBM', 'D1A', 'expansion storage'),
(106, 'PPUM', 'PPUM01', NULL, '1818', 'IBM', 'D1A', 'expansion storage'),
(108, 'JHEV', 'JHEV02', NULL, 'V880', 'SUN', 'Sun Fire', 'vetis1'),
(109, 'JHEV', 'JHEV02', NULL, 'V440', 'Sun', 'Sun Fire', 'Vetis2'),
(110, 'JHEV', 'JHEV01', NULL, 'x3650', 'IBM', 'M2', 'WIN-35S1FF9TCEQ'),
(111, 'JHEV', 'JHEV01', NULL, 'x3650', 'IBM', 'M2', 'JHEV-AD1'),
(112, 'JHEV', 'JHEV01', NULL, 'X3650', 'IBM', 'M2', 'WIN-1O6OV75J930'),
(113, 'JHEV', 'JHEV01', NULL, 'x3650', 'IBM', 'M2', 'WIN-1O6OV75930'),
(114, 'JHEV', 'JHEV01', NULL, 'x3650', 'IBM', 'M2', 'INTER-1-SERVER'),
(115, 'JHEV', 'JHEV01', NULL, 'x3650', 'IBM', 'M3', 'WebBackup'),
(116, 'JHEV', 'JHEV01', NULL, 'x3650', 'IBM', 'M3', 'BatchSvr'),
(117, 'JHEV', 'JHEV01', NULL, 'x3650', 'IBM', 'X5', 'APP-Server'),
(118, 'JHEV', 'JHEV01', NULL, 'x3650', 'IBM', 'X5', 'APP-Backup'),
(119, 'JHEV', 'JHEV01', NULL, 'x3650', 'IBM', 'X5', 'DB-Cluster1'),
(120, 'JHEV', 'JHEV01', NULL, '1814', 'IBM', '20A', 'IBM Storage'),
(121, 'JHEV', 'JHEV01', NULL, 'x3650', 'IBM', 'X5', ''),
(122, 'Maxis', 'Maxis01', NULL, '2810-A12', 'IBM', 'XIV', ''),
(123, 'Maxis', 'Maxis01', NULL, '1818-53A', 'IBM', 'DS5300', ''),
(127, 'UPSI', 'UPSI02', NULL, 'SunFire', 'Sun', 'V880', ''),
(128, 'UPSI', 'UPSI02', NULL, 'SunFire', 'Sun', 'V240', ''),
(129, 'UPSI', 'UPSI02', NULL, 'StoregeTek', 'Sun', 'L25', ''),
(130, 'UPSI', 'UPSI02', NULL, 'SunFire', 'Sun', 'X2100', ''),
(131, 'UPSI', 'UPSI02', NULL, 'StoregeTek', 'Sun', '3500', ''),
(132, 'UPSI', 'UPSI02', NULL, 'SunFire', 'Sun', 'X4500', ''),
(133, 'UPSI', 'UPSI02', NULL, 'SunFire', 'Sun', 'V250', ''),
(134, 'UPSI', 'UPSI02', NULL, 'SunFire', 'Sun', 'X4600', ''),
(135, 'UPSI', 'UPSI02', NULL, 'SunFire', 'Sun', 'X4100', ''),
(136, 'UPSI', 'UPSI02', NULL, 'StorageTek', 'Sun', '3120', ''),
(137, 'UPSI', 'UPSI02', NULL, 'SPARC', 'Sun', 'T5220', ''),
(138, 'UPSI', 'UPSI02', NULL, 'SPARC', 'SUN', 'T5120', ''),
(139, 'UPSI', 'UPSI02', NULL, 'SPARC', 'Sun', 'T5120', ''),
(140, 'UPSI', 'UPSI02', NULL, 'SunFire', 'Sun', 'X2270', ''),
(141, 'UPSI', 'UPSI02', NULL, 'SunFire', 'Sun', 'X4170', ''),
(142, 'UPSI', 'UPSI02', NULL, 'Blade', 'Sun', '6000', ''),
(143, 'UPSI', 'UPSI02', NULL, 'Blade', 'Sun', 'X6250', ''),
(144, 'UPSI', 'UPSI02', NULL, 'Storage', 'Sun', '7140', ''),
(145, 'UPSI', 'UPSI02', NULL, 'Storage', 'Sun', 'J4440', ''),
(146, 'UPSI', 'UPSI02', NULL, 'PowerEdge', 'Dell', '2950', ''),
(147, 'UPSI', 'UPSI02', NULL, 'Nec Express', 'NEC', '5800', ''),
(148, 'UPSI', 'UPSI02', NULL, 'PowerEdge', 'Dell', 'T110 II', ''),
(149, 'UPSI', 'UPSI02', NULL, 'Proliant', 'HP', 'ML150 G6', ''),
(150, 'UPSI', 'UPSI02', NULL, 'Switch', 'QLogic', '5600', ''),
(151, 'UPSI', 'UPSI02', NULL, 'Load Balancer', 'F5', '3600-4GB', ''),
(152, 'UPSI', 'UPSI02', NULL, 'Blade', 'Sun', 'X6270M2', ''),
(153, 'UPSI', 'UPSI02', NULL, 'Blade', 'Sun', 'T6340', ''),
(154, 'UPSI', 'UPSI02', NULL, 'Enterprise Server', 'Sun', 'M4000', ''),
(155, 'UPSI', 'UPSI02', NULL, 'SAN Switches', 'Brocade', '300', ''),
(156, 'UPSI', 'UPSI02', NULL, 'Blade', 'Sun', 'Chasis Module', ''),
(157, 'Maxis', 'Maxis01', NULL, 'Storage', 'IBM', 'DS8300', ''),
(158, 'Maxis', 'Maxis01', NULL, 'XIV', 'IBM', '2810-A12', ''),
(159, 'UTM', 'UTM01', NULL, 'Sun Fire', 'Sun', 'X4240', ''),
(160, 'Maxis', 'Maxis01', NULL, '2145-8G4', 'IBM', 'x3550', ''),
(161, 'SPA', 'SPA01', NULL, 'StorageTek 2540', 'Sun', 'StorageTek 2540', ''),
(162, 'UTM', 'UTM01', NULL, 'Sunfire', 'Sun', 'x4540', '');

-- --------------------------------------------------------

--
-- Table structure for table `project`
--

CREATE TABLE IF NOT EXISTS `project` (
  `id` int(11) NOT NULL AUTO_INCREMENT,
  `project_code` varchar(10) COLLATE latin1_general_ci NOT NULL,
  `project_name` varchar(100) COLLATE latin1_general_ci DEFAULT NULL,
  `project_descr` varchar(255) COLLATE latin1_general_ci DEFAULT NULL,
  `client_code` varchar(10) COLLATE latin1_general_ci DEFAULT NULL,
  `contract_code` varchar(45) COLLATE latin1_general_ci DEFAULT NULL,
  `accountmanager` varchar(45) COLLATE latin1_general_ci DEFAULT NULL,
  `projectmanager` varchar(45) COLLATE latin1_general_ci DEFAULT NULL,
  `clientpm` varchar(45) COLLATE latin1_general_ci DEFAULT NULL,
  `startdate` date DEFAULT '0000-00-00',
  `enddate` date DEFAULT NULL,
  PRIMARY KEY (`id`,`project_code`)
) ENGINE=InnoDB  DEFAULT CHARSET=latin1 COLLATE=latin1_general_ci AUTO_INCREMENT=30 ;

--
-- Dumping data for table `project`
--

INSERT INTO `project` (`id`, `project_code`, `project_name`, `project_descr`, `client_code`, `contract_code`, `accountmanager`, `projectmanager`, `clientpm`, `startdate`, `enddate`) VALUES
(5, 'SPA02', 'SPA-Exa-MA', 'Services &amp; Parts', 'SPA', 'EXA-2013/12/004', 'Syafiq', '', '', '2013-10-01', '2015-09-30'),
(11, 'PPUM01', 'PPUM-Teralogic-PM', 'Services (IBM)', 'PPUM', 'EXA-2013/12/001', 'Zaihan', '', '', '2013-12-01', '2016-11-30'),
(12, 'UMP01', 'UMP-Chrono-MA', 'Services &amp; Parts (SUN-DELL-HP)', 'UMP', 'EXA-2013/12/010', 'Syafiq', '', '', '2014-01-01', '2014-12-31'),
(16, 'UTM02', 'UTM-Exa-MA (Academic)', 'Services &amp; Parts (SUN)', 'UTM', 'EXA-2013/09/006', 'Nur Faiezah', '', '', '2013-09-01', '2015-08-31'),
(19, 'UPSI02', 'UPSI-Suzion-MA', 'Services &amp; Parts (SUN-F5-CISCO)', 'UPSI', 'EXA-2014/05/003', 'Nur Faiezah', '', '', '2014-06-01', '2015-05-31'),
(20, 'Maxis01', 'Maxis-SSCS-MA', 'Services', 'Maxis', 'EXA-2013/08/011', 'Zaihan', '', '', '2013-07-01', '2015-07-30'),
(21, 'SONY01', 'SONY-Rentwise-PM', 'Services', 'SONY', '', 'Zaihan', '', '', '2014-01-01', '2014-12-31'),
(25, 'JHEV01', 'JHEV-Exa-MA', 'Services &amp; Parts (SUN)', 'JHEV', 'EXA-2013/10/011', 'Syafiq', '', '', '2013-11-01', '2014-10-31'),
(26, 'JHEV02', 'JHEV-Chrono-MA', 'Services &amp; Parts (IBM)', 'JHEV', 'EXA-2013/10/002', 'Syafiq', '', '', '2013-11-15', '2014-11-14'),
(29, 'RKYT01', 'RKYT-EXA', 'MAINTENANCE SERVER UAT M5000', 'RKYT', 'EXA-2014/05/004', 'SYAFIQ', '', '', '2014-05-12', '2015-05-11');

-- --------------------------------------------------------

--
-- Table structure for table `role`
--

CREATE TABLE IF NOT EXISTS `role` (
  `role_id` int(11) NOT NULL AUTO_INCREMENT,
  `role_group` varchar(20) COLLATE latin1_general_ci DEFAULT NULL,
  `type` varchar(20) COLLATE latin1_general_ci DEFAULT NULL COMMENT 'type 0 - admin, 1- technical, 2- helpdesk, 3 - client',
  `access` int(11) DEFAULT NULL COMMENT 'sum of privileges codes',
  `access2` int(11) DEFAULT NULL,
  PRIMARY KEY (`role_id`)
) ENGINE=InnoDB  DEFAULT CHARSET=latin1 COLLATE=latin1_general_ci AUTO_INCREMENT=9 ;

--
-- Dumping data for table `role`
--

INSERT INTO `role` (`role_id`, `role_group`, `type`, `access`, `access2`) VALUES
(0, 'SAC', 'Administrator', 1048575, 1048575),
(1, 'SAC', 'Engineer', 132815, NULL),
(2, 'SAC', 'Helpdesk', 253947, 15395),
(3, 'SAC', 'Warehouse', 132043, NULL),
(4, 'SAC', 'Manager', 131791, NULL),
(5, 'PAC', 'Administrator', 1048575, NULL),
(6, 'PAC', 'Manager', 8960, NULL),
(7, 'PAC', 'Engineer', 8192, NULL),
(8, 'PAC', 'Warehouse', 128, NULL);

-- --------------------------------------------------------

--
-- Table structure for table `seq`
--

CREATE TABLE IF NOT EXISTS `seq` (
  `id` int(11) NOT NULL AUTO_INCREMENT,
  `type` varchar(10) COLLATE latin1_general_ci DEFAULT NULL,
  `code` varchar(10) COLLATE latin1_general_ci DEFAULT NULL,
  `month` int(11) DEFAULT '1',
  `cur` int(11) DEFAULT NULL,
  `nextval` int(11) DEFAULT NULL,
  `max` int(11) DEFAULT NULL,
  `inc` int(11) DEFAULT NULL,
  PRIMARY KEY (`id`)
) ENGINE=InnoDB  DEFAULT CHARSET=latin1 COLLATE=latin1_general_ci AUTO_INCREMENT=55 ;

--
-- Dumping data for table `seq`
--

INSERT INTO `seq` (`id`, `type`, `code`, `month`, `cur`, `nextval`, `max`, `inc`) VALUES
(4, 'client', 'UPSI', 1, 2, 3, 99, 1),
(6, 'client', 'MAXIS', 1, 1, 2, 99, 1),
(7, 'client', 'SPA', 1, 2, 3, 99, 1),
(8, 'project', 'SPA01', 11, 1, 2, 99999, 1),
(9, 'project', 'SPA02', 10, 1, 2, 99999, 1),
(10, 'client', 'JHEV', 1, 2, 3, 99, 1),
(14, 'client', 'SSCS', 1, 1, 2, 99, 1),
(15, 'client', 'UNIKL', 1, 1, 2, 99, 1),
(16, 'client', 'MOE', 1, 1, 2, 99, 1),
(17, 'client', 'JPAM', 1, 1, 2, 99, 1),
(18, 'client', 'UMP', 1, 1, 2, 99, 1),
(19, 'project', 'SSCS01', 5, 4, 5, 99999, 1),
(20, 'project', 'UNIKL01', 6, 1, 2, 99999, 1),
(21, 'project', 'MOE01', 1, 0, 1, 99999, 1),
(22, 'project', 'JPAM01', 7, 1, 2, 99999, 1),
(23, 'client', 'PPUM', 1, 1, 2, 99, 1),
(24, 'project', 'PPUM01', 1, 0, 1, 99999, 1),
(25, 'project', 'UMP01', 5, 1, 2, 99999, 1),
(29, 'client', 'UTM', 1, 4, 5, 99, 1),
(31, 'project', 'UTM01', 11, 3, 4, 99999, 1),
(33, 'project', 'UTM02', 1, 0, 1, 99999, 1),
(34, 'project', 'UTM03', 1, 0, 1, 99999, 1),
(38, 'project', 'UPSI02', 12, 2, 3, 99999, 1),
(39, 'project', 'Maxis01', 12, 1, 2, 99999, 1),
(40, 'client', 'SONY', 1, 3, 4, 99, 1),
(41, 'project', 'SONY01', 1, 0, 1, 99999, 1),
(42, 'client', 'SOCSO', 1, 1, 2, 99, 1),
(43, 'project', 'SOCSO01', 1, 0, 1, 99999, 1),
(46, 'project', 'JHEV01', 9, 1, 2, 99999, 1),
(47, 'project', 'JHEV02', 10, 1, 2, 99999, 1),
(48, 'project', 'SONY02', 1, 0, 1, 99999, 1),
(49, 'project', 'SONY03', 1, 0, 1, 99999, 1),
(50, 'client', 'UMT', 1, 0, 1, 99, 1),
(51, 'client', 'RKYT', 1, 1, 2, 99, 1),
(52, 'project', 'RKYT01', 1, 0, 1, 99999, 1),
(53, 'project', 'UTM04', 1, 0, 1, 99999, 1),
(54, 'client', 'MOE', 1, 0, 1, 99, 1);

-- --------------------------------------------------------

--
-- Table structure for table `severity`
--

CREATE TABLE IF NOT EXISTS `severity` (
  `id` int(11) NOT NULL AUTO_INCREMENT,
  `sla` varchar(50) COLLATE latin1_general_ci DEFAULT NULL,
  `severitylevel` varchar(50) COLLATE latin1_general_ci DEFAULT NULL,
  `mttc` int(11) DEFAULT NULL,
  `mtta` int(11) DEFAULT NULL,
  `mttr` int(11) DEFAULT NULL,
  `mttsr` int(11) DEFAULT NULL,
  PRIMARY KEY (`id`)
) ENGINE=InnoDB  DEFAULT CHARSET=latin1 COLLATE=latin1_general_ci AUTO_INCREMENT=121 ;

--
-- Dumping data for table `severity`
--

INSERT INTO `severity` (`id`, `sla`, `severitylevel`, `mttc`, `mtta`, `mttr`, `mttsr`) VALUES
(31, '2', '0', NULL, NULL, NULL, NULL),
(32, '2', '1', NULL, NULL, NULL, NULL),
(33, '2', '2', NULL, NULL, NULL, NULL),
(34, '3', '0', NULL, NULL, NULL, NULL),
(35, '3', '1', NULL, NULL, NULL, NULL),
(36, '3', '2', NULL, NULL, NULL, NULL),
(37, '4', '0', NULL, NULL, NULL, NULL),
(38, '4', '1', NULL, NULL, NULL, NULL),
(39, '4', '2', NULL, NULL, NULL, NULL),
(40, '5', '0', NULL, NULL, NULL, NULL),
(41, '5', '1', NULL, NULL, NULL, NULL),
(42, '5', '2', NULL, NULL, NULL, NULL),
(43, '6', '0', NULL, NULL, NULL, NULL),
(44, '6', '1', NULL, NULL, NULL, NULL),
(45, '6', '2', NULL, NULL, NULL, NULL),
(46, '7', '0', NULL, NULL, NULL, NULL),
(47, '7', '1', NULL, NULL, NULL, NULL),
(48, '7', '2', NULL, NULL, NULL, NULL),
(49, '8', '0', NULL, NULL, NULL, NULL),
(50, '8', '1', NULL, NULL, NULL, NULL),
(51, '8', '2', NULL, NULL, NULL, NULL),
(52, '9', '0', NULL, NULL, NULL, NULL),
(53, '9', '1', NULL, NULL, NULL, NULL),
(54, '9', '2', NULL, NULL, NULL, NULL),
(55, '10', '0', NULL, NULL, NULL, NULL),
(56, '10', '1', NULL, NULL, NULL, NULL),
(57, '10', '2', NULL, NULL, NULL, NULL),
(58, '11', '0', NULL, NULL, NULL, NULL),
(59, '11', '1', NULL, NULL, NULL, NULL),
(60, '11', '2', NULL, NULL, NULL, NULL),
(61, '12', '0', NULL, NULL, NULL, NULL),
(62, '12', '1', NULL, NULL, NULL, NULL),
(63, '12', '2', NULL, NULL, NULL, NULL),
(64, '13', '0', NULL, NULL, NULL, NULL),
(65, '13', '1', NULL, NULL, NULL, NULL),
(66, '13', '2', NULL, NULL, NULL, NULL),
(67, '14', '0', NULL, NULL, NULL, NULL),
(68, '14', '1', NULL, NULL, NULL, NULL),
(69, '14', '2', NULL, NULL, NULL, NULL),
(70, '15', '0', NULL, NULL, NULL, NULL),
(71, '15', '1', NULL, NULL, NULL, NULL),
(72, '15', '2', NULL, NULL, NULL, NULL),
(73, '16', '0', NULL, NULL, NULL, NULL),
(74, '16', '1', NULL, NULL, NULL, NULL),
(75, '16', '2', NULL, NULL, NULL, NULL),
(76, '17', '0', NULL, NULL, NULL, NULL),
(77, '17', '1', NULL, NULL, NULL, NULL),
(78, '17', '2', NULL, NULL, NULL, NULL),
(79, '18', '0', NULL, NULL, NULL, NULL),
(80, '18', '1', NULL, NULL, NULL, NULL),
(81, '18', '2', NULL, NULL, NULL, NULL),
(82, '19', '0', NULL, NULL, NULL, NULL),
(83, '19', '1', NULL, NULL, NULL, NULL),
(84, '19', '2', NULL, NULL, NULL, NULL),
(85, '20', '0', NULL, NULL, NULL, NULL),
(86, '20', '1', NULL, NULL, NULL, NULL),
(87, '20', '2', NULL, NULL, NULL, NULL),
(88, '21', '0', NULL, NULL, NULL, NULL),
(89, '21', '1', NULL, NULL, NULL, NULL),
(90, '21', '2', NULL, NULL, NULL, NULL),
(91, '22', '0', NULL, NULL, NULL, NULL),
(92, '22', '1', NULL, NULL, NULL, NULL),
(93, '22', '2', NULL, NULL, NULL, NULL),
(94, '23', '0', NULL, NULL, NULL, NULL),
(95, '23', '1', NULL, NULL, NULL, NULL),
(96, '23', '2', NULL, NULL, NULL, NULL),
(97, '24', '0', NULL, NULL, NULL, NULL),
(98, '24', '1', NULL, NULL, NULL, NULL),
(99, '24', '2', NULL, NULL, NULL, NULL),
(100, '25', '0', NULL, NULL, NULL, NULL),
(101, '25', '1', NULL, NULL, NULL, NULL),
(102, '25', '2', NULL, NULL, NULL, NULL),
(103, '26', '0', NULL, NULL, NULL, NULL),
(104, '26', '1', NULL, NULL, NULL, NULL),
(105, '26', '2', NULL, NULL, NULL, NULL),
(106, '27', '0', NULL, NULL, NULL, NULL),
(107, '27', '1', NULL, NULL, NULL, NULL),
(108, '27', '2', NULL, NULL, NULL, NULL),
(109, '28', '0', NULL, NULL, NULL, NULL),
(110, '28', '1', NULL, NULL, NULL, NULL),
(111, '28', '2', NULL, NULL, NULL, NULL),
(112, '29', '0', NULL, NULL, NULL, NULL),
(113, '29', '1', NULL, NULL, NULL, NULL),
(114, '29', '2', NULL, NULL, NULL, NULL),
(115, '30', '0', NULL, NULL, NULL, NULL),
(116, '30', '1', NULL, NULL, NULL, NULL),
(117, '30', '2', NULL, NULL, NULL, NULL),
(118, '31', '0', NULL, NULL, NULL, NULL),
(119, '31', '1', NULL, NULL, NULL, NULL),
(120, '31', '2', NULL, NULL, NULL, NULL);

-- --------------------------------------------------------

--
-- Table structure for table `sla`
--

CREATE TABLE IF NOT EXISTS `sla` (
  `id` int(11) NOT NULL AUTO_INCREMENT,
  `project_code` varchar(100) COLLATE latin1_general_ci DEFAULT NULL,
  `type` varchar(50) COLLATE latin1_general_ci DEFAULT NULL,
  `name` varchar(100) COLLATE latin1_general_ci DEFAULT NULL,
  `descr` text COLLATE latin1_general_ci,
  PRIMARY KEY (`id`)
) ENGINE=InnoDB  DEFAULT CHARSET=latin1 COLLATE=latin1_general_ci AUTO_INCREMENT=32 ;

--
-- Dumping data for table `sla`
--

INSERT INTO `sla` (`id`, `project_code`, `type`, `name`, `descr`) VALUES
(1, '', '0', '24X7X2', NULL),
(2, 'UTM01', '0', '24X7X2', NULL),
(3, '', '0', '24X7X2', NULL),
(4, 'UPSI01', '0', '24X7X2', NULL),
(5, 'SPA01', '0', '24X7X2', NULL),
(6, 'SPA02', '0', '24X7X2', NULL),
(7, 'JHEV01', '0', '24X7X2', NULL),
(8, 'SSCS01', '0', '24X7X2', NULL),
(9, 'UNIKL01', '0', '24X7X2', NULL),
(10, 'MOE01', '0', '24X7X2', NULL),
(11, 'JPAM01', '0', '24X7X2', NULL),
(12, 'PPUM01', '0', '24X7X2', NULL),
(13, 'UMP01', '0', '24X7X2', NULL),
(14, 'JHEV01', '0', '24X7X2', NULL),
(15, 'JHEV02', '0', '24X7X2', NULL),
(16, 'UTM01', '0', '24X7X2', NULL),
(17, 'UTM02', '0', '24X7X2', NULL),
(18, 'UTM03', '0', '24X7X2', NULL),
(19, 'JHEV03', '0', '24X7X2', NULL),
(20, 'UPSI02', '0', '24X7X2', NULL),
(21, 'Maxis01', '0', '24X7X2', NULL),
(22, 'SONY01', '0', '24X7X2', NULL),
(23, 'SOCSO01', '0', '24X7X2', NULL),
(24, 'JHEV04', '0', '24X7X2', NULL),
(25, 'JHEV05', '0', '24X7X2', NULL),
(26, 'JHEV01', '0', '24X7X2', NULL),
(27, 'JHEV02', '0', '24X7X2', NULL),
(28, 'SONY02', '0', '24X7X2', NULL),
(29, 'SONY03', '0', '24X7X2', NULL),
(30, 'RKYT01', '0', '24X7X2', NULL),
(31, 'UTM04', '0', '24X7X2', NULL);

-- --------------------------------------------------------

--
-- Table structure for table `specialization`
--

CREATE TABLE IF NOT EXISTS `specialization` (
  `id` int(11) NOT NULL AUTO_INCREMENT,
  `name` varchar(100) DEFAULT NULL,
  `descr` text,
  PRIMARY KEY (`id`)
) ENGINE=InnoDB  DEFAULT CHARSET=latin1 AUTO_INCREMENT=7 ;

--
-- Dumping data for table `specialization`
--

INSERT INTO `specialization` (`id`, `name`, `descr`) VALUES
(1, 'Software Engineer', NULL),
(2, 'System Engineer', NULL),
(5, 'Network Engineer', NULL),
(6, 'Resident Engineer', NULL);

-- --------------------------------------------------------

--
-- Table structure for table `states`
--

CREATE TABLE IF NOT EXISTS `states` (
  `id` int(11) NOT NULL AUTO_INCREMENT,
  `name` varchar(100) COLLATE latin1_general_ci DEFAULT NULL,
  `descr` varchar(100) COLLATE latin1_general_ci DEFAULT NULL,
  PRIMARY KEY (`id`)
) ENGINE=InnoDB  DEFAULT CHARSET=latin1 COLLATE=latin1_general_ci AUTO_INCREMENT=17 ;

--
-- Dumping data for table `states`
--

INSERT INTO `states` (`id`, `name`, `descr`) VALUES
(1, 'Johor Darul Takzim', NULL),
(2, 'Kedah Darul Aman', NULL),
(3, 'Kelantan Darul Naim', NULL),
(4, 'Melaka Bandaraya Bersejarah', NULL),
(5, 'Negeri Sembilan Darul Khusus', NULL),
(6, 'Pahang Darul Makmur', NULL),
(7, 'Perak Darul Ridzuan', NULL),
(8, 'Perlis Indera Kayangan', NULL),
(9, 'Pulau Pinang Pulau Mutiara', NULL),
(10, 'Sabah Negeri Di Bawah Bayu', NULL),
(11, 'Sarawak Bumi Kenyalang', NULL),
(12, 'Selangor Darul Ehsan', NULL),
(13, 'Terengganu Darul Iman', NULL),
(14, 'Wilayah Persekutuan Kuala Lumpur', NULL),
(15, 'Wilayah Persekutuan Putrajaya', NULL),
(16, 'Wilayah Persekutuan Labuan', NULL);

-- --------------------------------------------------------

--
-- Table structure for table `sys_users`
--

CREATE TABLE IF NOT EXISTS `sys_users` (
  `user_id` int(11) NOT NULL AUTO_INCREMENT,
  `username` varchar(50) COLLATE latin1_general_ci DEFAULT NULL,
  `password` varchar(45) COLLATE latin1_general_ci DEFAULT NULL,
  `name` varchar(45) COLLATE latin1_general_ci DEFAULT NULL,
  `designation` varchar(30) COLLATE latin1_general_ci DEFAULT NULL,
  `phone` varchar(20) COLLATE latin1_general_ci DEFAULT NULL,
  `mobile` varchar(20) COLLATE latin1_general_ci DEFAULT NULL,
  `email` varchar(45) COLLATE latin1_general_ci DEFAULT NULL,
  `role_id` int(11) NOT NULL,
  `status` int(11) DEFAULT NULL,
  `access` int(10) NOT NULL DEFAULT '0',
  `access2` int(10) NOT NULL DEFAULT '0',
  `access3` int(10) NOT NULL DEFAULT '0',
  `project` varchar(100) COLLATE latin1_general_ci DEFAULT NULL,
  `def_project` varchar(10) COLLATE latin1_general_ci DEFAULT NULL,
  `def_project_name` varchar(255) COLLATE latin1_general_ci DEFAULT NULL,
  `last_login` datetime DEFAULT NULL,
  `listCase` text COLLATE latin1_general_ci,
  `columnc` text COLLATE latin1_general_ci,
  `rpt_sla` text COLLATE latin1_general_ci,
  `profile_image` varchar(200) COLLATE latin1_general_ci DEFAULT NULL,
  `skillset` text COLLATE latin1_general_ci,
  `specialization` varchar(10) COLLATE latin1_general_ci DEFAULT NULL,
  `description` text COLLATE latin1_general_ci,
  PRIMARY KEY (`user_id`,`role_id`),
  UNIQUE KEY `username` (`username`)
) ENGINE=InnoDB  DEFAULT CHARSET=latin1 COLLATE=latin1_general_ci AUTO_INCREMENT=84 ;

--
-- Dumping data for table `sys_users`
--

INSERT INTO `sys_users` (`user_id`, `username`, `password`, `name`, `designation`, `phone`, `mobile`, `email`, `role_id`, `status`, `access`, `access2`, `access3`, `project`, `def_project`, `def_project_name`, `last_login`, `listCase`, `columnc`, `rpt_sla`, `profile_image`, `skillset`, `specialization`, `description`) VALUES
(63, 'Admin', 'f0839b1d6dfd360499311666270caf55', 'Administrator', 'Administrator', '0193344550', '', 'support@examedia.com.my', 0, NULL, 1048575, 1048575, 0, NULL, NULL, NULL, NULL, NULL, NULL, NULL, '1401339759min.jpg', 'Director', '', NULL),
(68, 'azmi', '34ecfc470194357054218162b8245fca', 'Azmi Bin Johari', 'Systems Engineer', '+60378325508', '+60127498981', 'azmi.johari@examedia.com.my', 1, NULL, 133083, 0, 0, NULL, NULL, NULL, NULL, NULL, NULL, NULL, '1403178790diaLogo.jpg', 'SUN', '6', NULL),
(69, 'hasrul', '34ecfc470194357054218162b8245fca', 'Mohd Hasrul Hisham Hashim', 'Systems Engineer', '+60378325508', '+60139820203', 'hasrul@examedia.com.my', 1, NULL, 133083, 0, 0, NULL, NULL, NULL, NULL, NULL, NULL, NULL, NULL, 'SUN', '2', NULL),
(70, 'amin', '34ecfc470194357054218162b8245fca', 'Khairul Amin Rozahan', 'Systems Engineer', '+60378320058', '+60172877412', 'amin@examedia.com.my', 1, NULL, 133083, 0, 0, NULL, NULL, NULL, NULL, NULL, NULL, NULL, NULL, 'SUN', '2', NULL),
(72, 'fazdlan', '34ecfc470194357054218162b8245fca', 'Mohd Fazdlan Mohamad Rashid', 'Systems Engineer', '+60378325508', '+60164477791', 'fazdlan@examedia.com.my', 1, NULL, 131803, 0, 0, NULL, NULL, NULL, NULL, NULL, NULL, NULL, NULL, 'IBM', '2', NULL),
(73, 'azura', 'b1d548eebac02a763b4b1f97e4695276', 'Nor Azura Abd Manap', 'Technical Manager', '+60378325508', '+60193353547', 'azura@examedia.com.my', 4, NULL, 253951, 12118, 0, NULL, NULL, NULL, NULL, NULL, NULL, NULL, NULL, 'Manager', '', NULL),
(74, 'zaihan', '34ecfc470194357054218162b8245fca', 'Nor Zaihan Abd Wahab', 'Customer Service Manager', '+60378325508', '+60162127373', 'zaihan@examedia.com.my', 4, NULL, 253951, 3926, 0, NULL, NULL, NULL, NULL, NULL, NULL, NULL, NULL, 'Manager', '', NULL),
(79, 'syamimi', '34ecfc470194357054218162b8245fca', 'Syamimi Azmi', 'Executive', '+60378320008', '+60197572709', 'syamimi@examedia.com.my', 4, NULL, 685, 15836, 0, NULL, NULL, NULL, NULL, NULL, NULL, NULL, NULL, 'Human Resource', '', NULL),
(80, 'zizie', '34ecfc470194357054218162b8245fca', 'Marzelita Rejab', 'Chief Financial Officer', '+60378320008', '+60123665941', 'zizie@examedia.com.my', 4, NULL, 685, 15836, 0, NULL, NULL, NULL, NULL, NULL, NULL, NULL, NULL, 'Account &amp; Finance', '', NULL),
(81, 'zubir', '34ecfc470194357054218162b8245fca', 'Mohd Zubir Mohamed Hussein', 'Store Manager', '+60378320008', '+60123665941', 'zubir@examedia.com.my', 3, NULL, 132043, 0, 0, NULL, NULL, NULL, NULL, NULL, NULL, NULL, NULL, 'Store Manager', '', NULL),
(83, 'Rozli', '7c79bd7b29145b41b7f3508491511fb4', 'Rozli', 'System Engineer', '0378320008', '01112497592', 'rozli@examedia.com.my', 1, NULL, 253915, 0, 0, NULL, NULL, NULL, NULL, NULL, NULL, NULL, NULL, 'SUN', '6', NULL);

-- --------------------------------------------------------

--
-- Table structure for table `sys_user_ac`
--

CREATE TABLE IF NOT EXISTS `sys_user_ac` (
  `id` int(11) NOT NULL AUTO_INCREMENT,
  `user_id` varchar(20) COLLATE latin1_general_ci DEFAULT NULL,
  `client_code` varchar(20) COLLATE latin1_general_ci DEFAULT NULL,
  `project_code` varchar(20) COLLATE latin1_general_ci DEFAULT NULL,
  `role` varchar(20) COLLATE latin1_general_ci DEFAULT NULL,
  `access` varchar(255) COLLATE latin1_general_ci DEFAULT NULL,
  PRIMARY KEY (`id`)
) ENGINE=InnoDB  DEFAULT CHARSET=latin1 COLLATE=latin1_general_ci AUTO_INCREMENT=102 ;

--
-- Dumping data for table `sys_user_ac`
--

INSERT INTO `sys_user_ac` (`id`, `user_id`, `client_code`, `project_code`, `role`, `access`) VALUES
(1, '12', 'UTM', 'UTM01', '5', '16256'),
(2, '60', 'UTM', 'UTM01', '8', '128'),
(4, '59', 'UTM', 'UTM01', '7', '9088'),
(5, '12', 'UPSI', 'UPSI01', '5', '16256'),
(6, '59', 'UPSI', 'UPSI01', '5', '16256'),
(7, '63', 'JHEV', 'JHEV01', '5', '16256'),
(8, '63', 'SPA', 'SPA01', '5', '16256'),
(9, '63', 'SPA', 'SPA02', '5', '16256'),
(10, '63', 'SSCS', 'SSCS01', '5', '16256'),
(11, '63', 'UNIKL', 'UNIKL01', '5', '16256'),
(12, '63', 'MOE', 'MOE01', '5', '16256'),
(13, '63', 'JPAM', 'JPAM01', '5', '16256'),
(14, '63', 'UMP', 'UMP01', '5', '16256'),
(15, '63', 'PPUM', 'PPUM01', '5', '16256'),
(16, '67', 'SPA', 'SPA02', '5', '16256'),
(17, '63', 'JHEV', 'JHEV02', '5', '16256'),
(18, '63', 'UTM', 'UTM01', '5', '16256'),
(19, '63', 'JHEV', 'JHEV03', '5', '16256'),
(20, '63', 'UPSI', 'UPSI02', '5', '16256'),
(21, '77', 'SPA', 'SPA01', '7', '0'),
(22, '77', 'SPA', 'SPA01', '6', '0'),
(23, '77', 'SOCSO', 'SOCSO01', '7', '0'),
(24, '74', 'UPSI', 'UPSI02', '6', '16256'),
(25, '80', 'UPSI', 'UPSI02', '6', '8192'),
(26, '73', 'UPSI', 'UPSI02', '6', '8960'),
(27, '74', 'SPA', 'SPA01', '6', '16256'),
(28, '74', 'SPA', 'SPA02', '6', '16256'),
(29, '74', 'Maxis', 'Maxis01', '6', '16256'),
(30, '74', 'UNIKL', 'UNIKL01', '6', '16256'),
(31, '74', 'JPAM', 'JPAM01', '6', '16256'),
(32, '74', 'UMP', 'UMP01', '6', '16256'),
(33, '74', 'PPUM', 'PPUM01', '6', '16256'),
(34, '74', 'UTM', 'UTM01', '6', '16256'),
(35, '74', 'UTM', 'UTM02', '6', '16256'),
(36, '74', 'JHEV', 'JHEV01', '6', '16256'),
(37, '74', 'JHEV', 'JHEV02', '6', '16256'),
(38, '74', 'SONY', 'SONY01', '6', '16256'),
(39, '80', 'SPA', 'SPA01', '6', '8192'),
(40, '80', 'SPA', 'SPA02', '6', '8192'),
(41, '80', 'Maxis', 'Maxis01', '6', '8192'),
(42, '80', 'UNIKL', 'UNIKL01', '6', '8192'),
(43, '80', 'MOE', 'MOE01', '6', '8192'),
(44, '74', 'MOE', 'MOE01', '6', '16256'),
(45, '80', 'JPAM', 'JPAM01', '6', '8192'),
(46, '80', 'UMP', 'UMP01', '6', '8192'),
(47, '80', 'UTM', 'UTM01', '6', '8192'),
(48, '80', 'UTM', 'UTM02', '7', '8192'),
(49, '80', 'JHEV', 'JHEV01', '6', '8192'),
(50, '80', 'JHEV', 'JHEV02', '6', '8192'),
(51, '80', 'SONY', 'SONY01', '6', '8192'),
(52, '70', 'UMP', 'UMP01', '7', '0'),
(53, '70', 'UPSI', 'UPSI02', '7', '1920'),
(54, '79', 'UPSI', 'UPSI02', '6', '8192'),
(55, '79', 'SPA', 'SPA01', '6', '8192'),
(56, '79', 'SPA', 'SPA02', '6', '8192'),
(57, '79', 'Maxis', 'Maxis01', '6', '8192'),
(58, '79', 'UNIKL', 'UNIKL01', '6', '8192'),
(59, '79', 'MOE', 'MOE01', '6', '8192'),
(60, '79', 'JPAM', 'JPAM01', '6', '8192'),
(61, '79', 'UMP', 'UMP01', '6', '8192'),
(62, '79', 'UTM', 'UTM01', '6', '8192'),
(63, '79', 'UTM', 'UTM02', '6', '8192'),
(64, '79', 'JHEV', 'JHEV01', '6', '8192'),
(65, '79', 'JHEV', 'JHEV02', '6', '8192'),
(66, '79', 'SONY', 'SONY01', '6', '8192'),
(67, '79', 'PPUM', 'PPUM01', '6', '8192'),
(68, '80', 'PPUM', 'PPUM01', '6', '8192'),
(69, '63', 'Maxis', 'Maxis01', '5', '16256'),
(70, '63', 'SONY', 'SONY01', '5', '16256'),
(71, '72', 'SPA', 'SPA01', '7', '1920'),
(72, '72', 'SPA', 'SPA02', '7', '1920'),
(73, '72', 'Maxis', 'Maxis01', '7', '1920'),
(74, '72', 'UNIKL', 'UNIKL01', '7', '1920'),
(75, '72', 'MOE', 'MOE01', '7', '1920'),
(76, '72', 'JPAM', 'JPAM01', '7', '1920'),
(77, '72', 'UMP', 'UMP01', '7', '1920'),
(78, '72', 'PPUM', 'PPUM01', '7', '1920'),
(79, '72', 'UTM', 'UTM01', '7', '1920'),
(80, '72', 'UTM', 'UTM02', '7', '1920'),
(81, '72', 'UPSI', 'UPSI02', '7', '1920'),
(82, '72', 'JHEV', 'JHEV01', '7', '1920'),
(83, '72', 'JHEV', 'JHEV02', '7', '1920'),
(84, '72', 'SONY', 'SONY01', '7', '1920'),
(85, '68', 'UTM', 'UTM01', '7', '1920'),
(86, '68', 'UTM', 'UTM02', '7', '1920'),
(87, '69', 'SPA', 'SPA01', '7', '1920'),
(88, '69', 'SPA', 'SPA02', '7', '1920'),
(89, '69', 'Maxis', 'Maxis01', '7', '1920'),
(90, '69', 'UNIKL', 'UNIKL01', '7', '1920'),
(91, '69', 'MOE', 'MOE01', '7', '1920'),
(92, '69', 'JPAM', 'JPAM01', '7', '1920'),
(93, '69', 'UMP', 'UMP01', '7', '1920'),
(94, '69', 'PPUM', 'PPUM01', '7', '1920'),
(95, '69', 'UTM', 'UTM01', '7', '1920'),
(96, '69', 'UTM', 'UTM02', '7', '1920'),
(97, '69', 'UPSI', 'UPSI02', '7', '1920'),
(98, '69', 'JHEV', 'JHEV01', '7', '1920'),
(99, '69', 'JHEV', 'JHEV02', '7', '1920'),
(100, '69', 'SONY', 'SONY01', '7', '1920'),
(101, '83', 'UPSI', 'UPSI02', '5', '1920');

-- --------------------------------------------------------

--
-- Structure for view `casesaddr`
--
DROP TABLE IF EXISTS `casesaddr`;

CREATE ALGORITHM=UNDEFINED DEFINER=`thehelpdesk`@`localhost` SQL SECURITY DEFINER VIEW `casesaddr` AS (select `cases`.`case_id` AS `case_id`,`cases`.`project_code` AS `project_code`,`cases`.`sn` AS `sn`,`cases`.`site_id` AS `site_id`,`cases`.`client_code` AS `client_code`,`cases`.`caller` AS `caller`,`cases`.`contact` AS `contact`,`cases`.`info` AS `info`,`cases`.`asset` AS `asset`,`cases`.`servType` AS `servType`,`cases`.`via` AS `via`,`cases`.`cat` AS `cat`,`cases`.`item` AS `item`,`cases`.`product` AS `product`,`cases`.`problem` AS `problem`,`cases`.`title` AS `title`,`cases`.`resolution` AS `resolution`,`cases`.`flag` AS `flag`,`cases`.`recurrence` AS `recurrence`,`cases`.`sla` AS `sla`,`cases`.`sts` AS `sts`,`cases`.`engineer` AS `engineer`,`cases`.`open_by` AS `open_by`,`cases`.`close_by` AS `close_by`,`cases`.`open_date` AS `open_date`,`cases`.`assign_time` AS `assign_time`,`cases`.`response_time` AS `response_time`,`cases`.`onsite_time` AS `onsite_time`,`cases`.`pending_time` AS `pending_time`,`cases`.`resolve_time` AS `resolve_time`,`cases`.`close_date` AS `close_date`,`cases`.`MTTC` AS `MTTC`,`cases`.`MTTA` AS `MTTA`,`cases`.`MTTR` AS `MTTR`,`cases`.`MTTSR` AS `MTTSR`,`cases`.`MTTCL` AS `MTTCL`,`cases`.`remarks` AS `remarks`,`cases`.`audit_log` AS `audit_log`,`cases`.`mod_by` AS `mod_by`,`cases`.`mod_date` AS `mod_date`,`vclientaddr`.`site_name` AS `site_name`,`vclientaddr`.`addr_id` AS `addr_id`,`vclientaddr`.`addr1` AS `addr1`,`vclientaddr`.`addr2` AS `addr2`,`vclientaddr`.`postcode` AS `postcode`,`vclientaddr`.`city` AS `city`,`vclientaddr`.`state` AS `state`,`vclientaddr`.`statename` AS `statename` from (`cases` join `vclientaddr`) where (`cases`.`site_id` = `vclientaddr`.`site_id`));

-- --------------------------------------------------------

--
-- Structure for view `engineer`
--
DROP TABLE IF EXISTS `engineer`;

CREATE ALGORITHM=UNDEFINED DEFINER=`thehelpdesk`@`localhost` SQL SECURITY DEFINER VIEW `engineer` AS select `assignment`.`case_id` AS `case_id`,`sys_users`.`name` AS `user_name` from (`assignment` left join `sys_users` on((`assignment`.`user_id` = `sys_users`.`user_id`))) order by `assignment`.`assign_date` desc;

--
-- Constraints for dumped tables
--

--
-- Constraints for table `client`
--
ALTER TABLE `client`
  ADD CONSTRAINT `fk_Customer_address` FOREIGN KEY (`addr_id`) REFERENCES `address` (`addr_id`) ON DELETE CASCADE ON UPDATE CASCADE;

--
-- Constraints for table `client_site`
--
ALTER TABLE `client_site`
  ADD CONSTRAINT `fk_client_site_address1` FOREIGN KEY (`addr_id`) REFERENCES `address` (`addr_id`) ON DELETE SET NULL ON UPDATE CASCADE;

--
-- Constraints for table `inventory`
--
ALTER TABLE `inventory`
  ADD CONSTRAINT `fk_inventory_product1` FOREIGN KEY (`product_id`) REFERENCES `product` (`product_id`) ON DELETE NO ACTION ON UPDATE NO ACTION;

--
-- Constraints for table `product`
--
ALTER TABLE `product`
  ADD CONSTRAINT `fk_product_supplier1` FOREIGN KEY (`supplier_id`) REFERENCES `supplier` (`supplier_id`) ON DELETE NO ACTION ON UPDATE NO ACTION;

/*!40101 SET CHARACTER_SET_CLIENT=@OLD_CHARACTER_SET_CLIENT */;
/*!40101 SET CHARACTER_SET_RESULTS=@OLD_CHARACTER_SET_RESULTS */;
/*!40101 SET COLLATION_CONNECTION=@OLD_COLLATION_CONNECTION */;
